[
  {
    "match_id": "T004_vs",
    "character": "T009 Iron Fist",
    "stats": {
      "rDD": 4,
      "rDS": 3,
      "rOTD": 2,
      "rAST": 2,
      "rULT": 2,
      "rLVS": 0,
      "rLLS": 0,
      "rDFS": 0,
      "rKNB": 2,
      "rCTT": 1,
      "rEVS": 0,
      "rFFD": 1,
      "rFFI": 0,
      "rSNP": 2,
      "rCQT": 1,
      "rBRX": 0,
      "rHWI": 0,
      "rMOT": 0,
      "rAMB": 0,
      "rMMB": 1,
      "rILS": 2,
      "rFE": 2,
      "rDSR": 1,
      "rSLP": 1,
      "rRSP": 0,
      "rHLG": 0
    }
  },
  {
    "match_id": "T001_vs",
    "character": "T006 Rocket Racoon",
    "stats": {
      "rDD": 3,
      "rDS": 3,
      "rOTD": 4,
      "rAST": 3,
      "rULT": 0,
      "rLVS": 0,
      "rLLS": 0,
      "rDFS": 1,
      "rKNB": 0,
      "rCTT": 2,
      "rEVS": 4,
      "rFFD": 1,
      "rFFI": 0,
      "rSNP": 2,
      "rCQT": 3,
      "rBRX": 1,
      "rHWI": 1,
      "rMOT": 1,
      "rAMB": 0,
      "rMMB": 1,
      "rILS": 3,
      "rFE": 0,
      "rDSR": 1,
      "rSLP": 1,
      "rRSP": 0,
      "rHLG": 0
    }
  },
  {
    "match_id": "T002_vs",
    "character": "T007 Blue Marvel",
    "stats": {
      "rDD": 1,
      "rDS": 0,
      "rOTD": 0,
      "rAST": 4,
      "rULT": 1,
      "rLVS": 0,
      "rLLS": 1,
      "rDFS": 1,
      "rKNB": 0,
      "rCTT": 1,
      "rEVS": 4,
      "rFFD": 0,
      "rFFI": 1,
      "rSNP": 2,
      "rCQT": 3,
      "rBRX": 0,
      "rHWI": 1,
      "rMOT": 0,
      "rAMB": 1,
      "rMMB": 0,
      "rILS": 0,
      "rFE": 1,
      "rDSR": 0,
      "rSLP": 2,
      "rRSP": 2,
      "rHLG": 0
    }
  },
  {
    "match_id": "T002_vs",
    "character": "T007 Ghost Rider",
    "stats": {
      "rDD": 0,
      "rDS": 0,
      "rOTD": 3,
      "rAST": 1,
      "rULT": 0,
      "rLVS": 0,
      "rLLS": 0,
      "rDFS": 2,
      "rKNB": 1,
      "rCTT": 1,
      "rEVS": 1,
      "rFFD": 1,
      "rFFI": 0,
      "rSNP": 2,
      "rCQT": 0,
      "rBRX": 0,
      "rHWI": 2,
      "rMOT": 0,
      "rAMB": 1,
      "rMMB": 1,
      "rILS": 1,
      "rFE": 1,
      "rDSR": 0,
      "rSLP": 1,
      "rRSP": 0,
      "rHLG": 0
    }
  },
  {
    "match_id": "T005_vs",
    "character": "T010 Doctor Doom",
    "stats": {
      "rDD": 3,
      "rDS": 0,
      "rOTD": 3,
      "rAST": 1,
      "rULT": 1,
      "rLVS": 1,
      "rLLS": 0,
      "rDFS": 1,
      "rKNB": 0,
      "rCTT": 1,
      "rEVS": 3,
      "rFFD": 0,
      "rFFI": 0,
      "rSNP": 1,
      "rCQT": 2,
      "rBRX": 2,
      "rHWI": 1,
      "rMOT": 0,
      "rAMB": 1,
      "rMMB": 2,
      "rILS": 3,
      "rFE": 1,
      "rDSR": 2,
      "rSLP": 2,
      "rRSP": 1,
      "rHLG": 0
    }
  },
  {
    "match_id": "T005_vs",
    "character": "T010 Spectrum",
    "stats": {
      "rDD": 2,
      "rDS": 2,
      "rOTD": 3,
      "rAST": 0,
      "rULT": 0,
      "rLVS": 0,
      "rLLS": 0,
      "rDFS": 0,
      "rKNB": 2,
      "rCTT": 0,
      "rEVS": 4,
      "rFFD": 0,
      "rFFI": 0,
      "rSNP": 3,
      "rCQT": 1,
      "rBRX": 0,
      "rHWI": 2,
      "rMOT": 0,
      "rAMB": 0,
      "rMMB": 2,
      "rILS": 3,
      "rFE": 2,
      "rDSR": 2,
      "rSLP": 1,
      "rRSP": 1,
      "rHLG": 0
    }
  },
  {
    "match_id": "T001_vs",
    "character": "T006 Iceman",
    "stats": {
      "rDD": 3,
      "rDS": 1,
      "rOTD": 6,
      "rAST": 1,
      "rULT": 0,
      "rLVS": 1,
      "rLLS": 1,
      "rDFS": 1,
      "rKNB": 2,
      "rCTT": 2,
      "rEVS": 1,
      "rFFD": 1,
      "rFFI": 0,
      "rSNP": 0,
      "rCQT": 2,
      "rBRX": 0,
      "rHWI": 1,
      "rMOT": 0,
      "rAMB": 1,
      "rMMB": 1,
      "rILS": 2,
      "rFE": 1,
      "rDSR": 0,
      "rSLP": 1,
      "rRSP": 2,
      "rHLG": 0
    }
  },
  {
    "match_id": "T005_vs",
    "character": "T010 Proteus",
    "stats": {
      "rDD": 0,
      "rDS": 1,
      "rOTD": 2,
      "rAST": 1,
      "rULT": 1,
      "rLVS": 0,
      "rLLS": 0,
      "rDFS": 0,
      "rKNB": 0,
      "rCTT": 2,
      "rEVS": 3,
      "rFFD": 1,
      "rFFI": 0,
      "rSNP": 3,
      "rCQT": 2,
      "rBRX": 2,
      "rHWI": 1,
      "rMOT": 1,
      "rAMB": 0,
      "rMMB": 2,
      "rILS": 1,
      "rFE": 0,
      "rDSR": 1,
      "rSLP": 2,
      "rRSP": 1,
      "rHLG": 0
    }
  },
  {
    "match_id": "T004_vs",
    "character": "T009 Black Panther  Shuri ",
    "stats": {
      "rDD": 0,
      "rDS": 3,
      "rOTD": 3,
      "rAST": 2,
      "rULT": 0,
      "rLVS": 0,
      "rLLS": 1,
      "rDFS": 2,
      "rKNB": 2,
      "rCTT": 1,
      "rEVS": 2,
      "rFFD": 1,
      "rFFI": 1,
      "rSNP": 1,
      "rCQT": 1,
      "rBRX": 1,
      "rHWI": 0,
      "rMOT": 0,
      "rAMB": 0,
      "rMMB": 2,
      "rILS": 1,
      "rFE": 1,
      "rDSR": 1,
      "rSLP": 2,
      "rRSP": 2,
      "rHLG": 0
    }
  },
  {
    "match_id": "T005_vs",
    "character": "T010 Quake",
    "stats": {
      "rDD": 3,
      "rDS": 1,
      "rOTD": 2,
      "rAST": 0,
      "rULT": 1,
      "rLVS": 1,
      "rLLS": 0,
      "rDFS": 1,
      "rKNB": 1,
      "rCTT": 3,
      "rEVS": 3,
      "rFFD": 1,
      "rFFI": 1,
      "rSNP": 3,
      "rCQT": 1,
      "rBRX": 2,
      "rHWI": 1,
      "rMOT": 0,
      "rAMB": 0,
      "rMMB": 3,
      "rILS": 0,
      "rFE": 0,
      "rDSR": 0,
      "rSLP": 2,
      "rRSP": 0,
      "rHLG": 0
    }
  },
  {
    "match_id": "T005_vs",
    "character": "T010 Beta Ray Bill",
    "stats": {
      "rDD": 2,
      "rDS": 1,
      "rOTD": 2,
      "rAST": 1,
      "rULT": 2,
      "rLVS": 1,
      "rLLS": 1,
      "rDFS": 2,
      "rKNB": 0,
      "rCTT": 0,
      "rEVS": 4,
      "rFFD": 1,
      "rFFI": 1,
      "rSNP": 1,
      "rCQT": 0,
      "rBRX": 1,
      "rHWI": 0,
      "rMOT": 0,
      "rAMB": 1,
      "rMMB": 0,
      "rILS": 1,
      "rFE": 1,
      "rDSR": 0,
      "rSLP": 1,
      "rRSP": 1,
      "rHLG": 0
    }
  },
  {
    "match_id": "T004_vs",
    "character": "T009 Elixir",
    "stats": {
      "rDD": 4,
      "rDS": 3,
      "rOTD": 6,
      "rAST": 2,
      "rULT": 1,
      "rLVS": 0,
      "rLLS": 1,
      "rDFS": 0,
      "rKNB": 0,
      "rCTT": 1,
      "rEVS": 1,
      "rFFD": 0,
      "rFFI": 1,
      "rSNP": 2,
      "rCQT": 3,
      "rBRX": 1,
      "rHWI": 1,
      "rMOT": 1,
      "rAMB": 1,
      "rMMB": 3,
      "rILS": 2,
      "rFE": 1,
      "rDSR": 2,
      "rSLP": 2,
      "rRSP": 2,
      "rHLG": 0
    }
  },
  {
    "match_id": "T001_vs",
    "character": "T006 Colossus",
    "stats": {
      "rDD": 4,
      "rDS": 3,
      "rOTD": 1,
      "rAST": 3,
      "rULT": 0,
      "rLVS": 1,
      "rLLS": 1,
      "rDFS": 2,
      "rKNB": 2,
      "rCTT": 3,
      "rEVS": 5,
      "rFFD": 1,
      "rFFI": 1,
      "rSNP": 3,
      "rCQT": 0,
      "rBRX": 0,
      "rHWI": 0,
      "rMOT": 1,
      "rAMB": 0,
      "rMMB": 3,
      "rILS": 0,
      "rFE": 2,
      "rDSR": 2,
      "rSLP": 0,
      "rRSP": 1,
      "rHLG": 0
    }
  },
  {
    "match_id": "T003_vs",
    "character": "T008 Warlock",
    "stats": {
      "rDD": 4,
      "rDS": 3,
      "rOTD": 0,
      "rAST": 3,
      "rULT": 1,
      "rLVS": 1,
      "rLLS": 0,
      "rDFS": 1,
      "rKNB": 0,
      "rCTT": 2,
      "rEVS": 4,
      "rFFD": 1,
      "rFFI": 1,
      "rSNP": 3,
      "rCQT": 0,
      "rBRX": 0,
      "rHWI": 1,
      "rMOT": 1,
      "rAMB": 0,
      "rMMB": 2,
      "rILS": 1,
      "rFE": 0,
      "rDSR": 1,
      "rSLP": 2,
      "rRSP": 2,
      "rHLG": 0
    }
  },
  {
    "match_id": "T004_vs",
    "character": "T009 The Thing",
    "stats": {
      "rDD": 4,
      "rDS": 1,
      "rOTD": 3,
      "rAST": 4,
      "rULT": 2,
      "rLVS": 1,
      "rLLS": 0,
      "rDFS": 1,
      "rKNB": 1,
      "rCTT": 3,
      "rEVS": 5,
      "rFFD": 1,
      "rFFI": 1,
      "rSNP": 0,
      "rCQT": 0,
      "rBRX": 0,
      "rHWI": 1,
      "rMOT": 0,
      "rAMB": 0,
      "rMMB": 2,
      "rILS": 2,
      "rFE": 1,
      "rDSR": 1,
      "rSLP": 0,
      "rRSP": 2,
      "rHLG": 0
    }
  },
  {
    "match_id": "T004_vs",
    "character": "T009 Silver Surfer",
    "stats": {
      "rDD": 1,
      "rDS": 2,
      "rOTD": 0,
      "rAST": 4,
      "rULT": 1,
      "rLVS": 0,
      "rLLS": 0,
      "rDFS": 1,
      "rKNB": 0,
      "rCTT": 1,
      "rEVS": 3,
      "rFFD": 0,
      "rFFI": 1,
      "rSNP": 2,
      "rCQT": 0,
      "rBRX": 1,
      "rHWI": 1,
      "rMOT": 1,
      "rAMB": 0,
      "rMMB": 2,
      "rILS": 3,
      "rFE": 2,
      "rDSR": 1,
      "rSLP": 2,
      "rRSP": 2,
      "rHLG": 0
    }
  },
  {
    "match_id": "T003_vs",
    "character": "T008 Synch",
    "stats": {
      "rDD": 4,
      "rDS": 0,
      "rOTD": 5,
      "rAST": 0,
      "rULT": 2,
      "rLVS": 0,
      "rLLS": 0,
      "rDFS": 0,
      "rKNB": 1,
      "rCTT": 1,
      "rEVS": 1,
      "rFFD": 0,
      "rFFI": 1,
      "rSNP": 2,
      "rCQT": 1,
      "rBRX": 0,
      "rHWI": 0,
      "rMOT": 0,
      "rAMB": 1,
      "rMMB": 0,
      "rILS": 3,
      "rFE": 1,
      "rDSR": 1,
      "rSLP": 0,
      "rRSP": 0,
      "rHLG": 0
    }
  },
  {
    "match_id": "T003_vs",
    "character": "T008 Apocalypse",
    "stats": {
      "rDD": 2,
      "rDS": 2,
      "rOTD": 1,
      "rAST": 0,
      "rULT": 2,
      "rLVS": 1,
      "rLLS": 1,
      "rDFS": 0,
      "rKNB": 2,
      "rCTT": 2,
      "rEVS": 3,
      "rFFD": 0,
      "rFFI": 1,
      "rSNP": 1,
      "rCQT": 1,
      "rBRX": 2,
      "rHWI": 1,
      "rMOT": 1,
      "rAMB": 1,
      "rMMB": 1,
      "rILS": 2,
      "rFE": 2,
      "rDSR": 0,
      "rSLP": 0,
      "rRSP": 2,
      "rHLG": 0
    }
  },
  {
    "match_id": "T002_vs",
    "character": "T007 Spider-Man  Morales ",
    "stats": {
      "rDD": 0,
      "rDS": 3,
      "rOTD": 4,
      "rAST": 3,
      "rULT": 2,
      "rLVS": 0,
      "rLLS": 0,
      "rDFS": 0,
      "rKNB": 2,
      "rCTT": 1,
      "rEVS": 5,
      "rFFD": 1,
      "rFFI": 1,
      "rSNP": 0,
      "rCQT": 3,
      "rBRX": 2,
      "rHWI": 0,
      "rMOT": 0,
      "rAMB": 0,
      "rMMB": 2,
      "rILS": 2,
      "rFE": 2,
      "rDSR": 0,
      "rSLP": 0,
      "rRSP": 0,
      "rHLG": 0
    }
  },
  {
    "match_id": "T003_vs",
    "character": "T008 Daredevil",
    "stats": {
      "rDD": 0,
      "rDS": 3,
      "rOTD": 0,
      "rAST": 2,
      "rULT": 0,
      "rLVS": 1,
      "rLLS": 0,
      "rDFS": 0,
      "rKNB": 1,
      "rCTT": 2,
      "rEVS": 5,
      "rFFD": 0,
      "rFFI": 0,
      "rSNP": 1,
      "rCQT": 0,
      "rBRX": 2,
      "rHWI": 0,
      "rMOT": 1,
      "rAMB": 1,
      "rMMB": 1,
      "rILS": 1,
      "rFE": 2,
      "rDSR": 0,
      "rSLP": 0,
      "rRSP": 2,
      "rHLG": 0
    }
  },
  {
    "match_id": "T005_vs",
    "character": "T010 Darwin",
    "stats": {
      "rDD": 3,
      "rDS": 2,
      "rOTD": 5,
      "rAST": 2,
      "rULT": 0,
      "rLVS": 1,
      "rLLS": 0,
      "rDFS": 2,
      "rKNB": 2,
      "rCTT": 2,
      "rEVS": 5,
      "rFFD": 1,
      "rFFI": 0,
      "rSNP": 1,
      "rCQT": 2,
      "rBRX": 0,
      "rHWI": 1,
      "rMOT": 0,
      "rAMB": 1,
      "rMMB": 1,
      "rILS": 1,
      "rFE": 1,
      "rDSR": 1,
      "rSLP": 0,
      "rRSP": 1,
      "rHLG": 0
    }
  },
  {
    "match_id": "T003_vs",
    "character": "T008 Thor  Jane Foster ",
    "stats": {
      "rDD": 4,
      "rDS": 2,
      "rOTD": 6,
      "rAST": 3,
      "rULT": 2,
      "rLVS": 1,
      "rLLS": 1,
      "rDFS": 1,
      "rKNB": 1,
      "rCTT": 1,
      "rEVS": 3,
      "rFFD": 1,
      "rFFI": 1,
      "rSNP": 0,
      "rCQT": 3,
      "rBRX": 2,
      "rHWI": 0,
      "rMOT": 0,
      "rAMB": 1,
      "rMMB": 3,
      "rILS": 1,
      "rFE": 1,
      "rDSR": 1,
      "rSLP": 2,
      "rRSP": 2,
      "rHLG": 0
    }
  },
  {
    "match_id": "T002_vs",
    "character": "T007 The Human Torch",
    "stats": {
      "rDD": 3,
      "rDS": 1,
      "rOTD": 4,
      "rAST": 4,
      "rULT": 0,
      "rLVS": 1,
      "rLLS": 1,
      "rDFS": 2,
      "rKNB": 1,
      "rCTT": 3,
      "rEVS": 4,
      "rFFD": 1,
      "rFFI": 1,
      "rSNP": 3,
      "rCQT": 0,
      "rBRX": 1,
      "rHWI": 1,
      "rMOT": 1,
      "rAMB": 1,
      "rMMB": 0,
      "rILS": 2,
      "rFE": 0,
      "rDSR": 1,
      "rSLP": 1,
      "rRSP": 1,
      "rHLG": 0
    }
  },
  {
    "match_id": "T003_vs",
    "character": "T008 Scarlet Witch",
    "stats": {
      "rDD": 2,
      "rDS": 0,
      "rOTD": 2,
      "rAST": 3,
      "rULT": 1,
      "rLVS": 1,
      "rLLS": 0,
      "rDFS": 0,
      "rKNB": 0,
      "rCTT": 0,
      "rEVS": 3,
      "rFFD": 1,
      "rFFI": 0,
      "rSNP": 2,
      "rCQT": 1,
      "rBRX": 2,
      "rHWI": 2,
      "rMOT": 1,
      "rAMB": 1,
      "rMMB": 0,
      "rILS": 0,
      "rFE": 2,
      "rDSR": 1,
      "rSLP": 0,
      "rRSP": 0,
      "rHLG": 0
    }
  },
  {
    "match_id": "T004_vs",
    "character": "T009 Captain Marvel",
    "stats": {
      "rDD": 4,
      "rDS": 0,
      "rOTD": 2,
      "rAST": 2,
      "rULT": 2,
      "rLVS": 0,
      "rLLS": 1,
      "rDFS": 1,
      "rKNB": 2,
      "rCTT": 1,
      "rEVS": 5,
      "rFFD": 1,
      "rFFI": 0,
      "rSNP": 0,
      "rCQT": 0,
      "rBRX": 0,
      "rHWI": 2,
      "rMOT": 1,
      "rAMB": 0,
      "rMMB": 1,
      "rILS": 2,
      "rFE": 1,
      "rDSR": 0,
      "rSLP": 1,
      "rRSP": 2,
      "rHLG": 0
    }
  },
  {
    "match_id": "T001_vs",
    "character": "T006 Wonder Man",
    "stats": {
      "rDD": 2,
      "rDS": 0,
      "rOTD": 4,
      "rAST": 3,
      "rULT": 1,
      "rLVS": 0,
      "rLLS": 1,
      "rDFS": 0,
      "rKNB": 0,
      "rCTT": 3,
      "rEVS": 5,
      "rFFD": 1,
      "rFFI": 1,
      "rSNP": 0,
      "rCQT": 0,
      "rBRX": 0,
      "rHWI": 0,
      "rMOT": 1,
      "rAMB": 0,
      "rMMB": 1,
      "rILS": 2,
      "rFE": 2,
      "rDSR": 2,
      "rSLP": 1,
      "rRSP": 2,
      "rHLG": 0
    }
  },
  {
    "match_id": "T005_vs",
    "character": "T010 Agatha Harkness",
    "stats": {
      "rDD": 3,
      "rDS": 1,
      "rOTD": 6,
      "rAST": 3,
      "rULT": 0,
      "rLVS": 0,
      "rLLS": 0,
      "rDFS": 0,
      "rKNB": 2,
      "rCTT": 3,
      "rEVS": 2,
      "rFFD": 0,
      "rFFI": 0,
      "rSNP": 0,
      "rCQT": 2,
      "rBRX": 0,
      "rHWI": 2,
      "rMOT": 1,
      "rAMB": 1,
      "rMMB": 2,
      "rILS": 3,
      "rFE": 1,
      "rDSR": 1,
      "rSLP": 1,
      "rRSP": 1,
      "rHLG": 0
    }
  },
  {
    "match_id": "T004_vs",
    "character": "T009 Storm",
    "stats": {
      "rDD": 1,
      "rDS": 0,
      "rOTD": 0,
      "rAST": 3,
      "rULT": 2,
      "rLVS": 0,
      "rLLS": 0,
      "rDFS": 0,
      "rKNB": 1,
      "rCTT": 2,
      "rEVS": 3,
      "rFFD": 0,
      "rFFI": 0,
      "rSNP": 0,
      "rCQT": 3,
      "rBRX": 2,
      "rHWI": 1,
      "rMOT": 1,
      "rAMB": 0,
      "rMMB": 1,
      "rILS": 1,
      "rFE": 2,
      "rDSR": 0,
      "rSLP": 2,
      "rRSP": 2,
      "rHLG": 0
    }
  },
  {
    "match_id": "T001_vs",
    "character": "T006 Rogue",
    "stats": {
      "rDD": 4,
      "rDS": 2,
      "rOTD": 3,
      "rAST": 3,
      "rULT": 2,
      "rLVS": 1,
      "rLLS": 0,
      "rDFS": 0,
      "rKNB": 1,
      "rCTT": 1,
      "rEVS": 0,
      "rFFD": 1,
      "rFFI": 0,
      "rSNP": 2,
      "rCQT": 0,
      "rBRX": 0,
      "rHWI": 1,
      "rMOT": 0,
      "rAMB": 0,
      "rMMB": 3,
      "rILS": 3,
      "rFE": 2,
      "rDSR": 0,
      "rSLP": 2,
      "rRSP": 2,
      "rHLG": 0
    }
  },
  {
    "match_id": "T004_vs",
    "character": "T009 Morph",
    "stats": {
      "rDD": 3,
      "rDS": 0,
      "rOTD": 4,
      "rAST": 2,
      "rULT": 2,
      "rLVS": 0,
      "rLLS": 1,
      "rDFS": 0,
      "rKNB": 2,
      "rCTT": 0,
      "rEVS": 4,
      "rFFD": 0,
      "rFFI": 1,
      "rSNP": 2,
      "rCQT": 3,
      "rBRX": 1,
      "rHWI": 2,
      "rMOT": 0,
      "rAMB": 0,
      "rMMB": 2,
      "rILS": 1,
      "rFE": 2,
      "rDSR": 2,
      "rSLP": 1,
      "rRSP": 2,
      "rHLG": 0
    }
  },
  {
    "match_id": "T001_vs",
    "character": "T006 Jean Grey  Phoenix ",
    "stats": {
      "rDD": 1,
      "rDS": 1,
      "rOTD": 5,
      "rAST": 3,
      "rULT": 2,
      "rLVS": 0,
      "rLLS": 0,
      "rDFS": 1,
      "rKNB": 0,
      "rCTT": 2,
      "rEVS": 3,
      "rFFD": 0,
      "rFFI": 0,
      "rSNP": 3,
      "rCQT": 1,
      "rBRX": 2,
      "rHWI": 2,
      "rMOT": 0,
      "rAMB": 0,
      "rMMB": 1,
      "rILS": 3,
      "rFE": 1,
      "rDSR": 1,
      "rSLP": 1,
      "rRSP": 1,
      "rHLG": 0
    }
  },
  {
    "match_id": "T002_vs",
    "character": "T007 Mr. Fantastic",
    "stats": {
      "rDD": 4,
      "rDS": 3,
      "rOTD": 6,
      "rAST": 0,
      "rULT": 0,
      "rLVS": 0,
      "rLLS": 0,
      "rDFS": 1,
      "rKNB": 0,
      "rCTT": 0,
      "rEVS": 0,
      "rFFD": 0,
      "rFFI": 1,
      "rSNP": 3,
      "rCQT": 3,
      "rBRX": 2,
      "rHWI": 2,
      "rMOT": 1,
      "rAMB": 0,
      "rMMB": 3,
      "rILS": 3,
      "rFE": 1,
      "rDSR": 2,
      "rSLP": 1,
      "rRSP": 2,
      "rHLG": 0
    }
  },
  {
    "match_id": "T002_vs",
    "character": "T007 Super-Skrull",
    "stats": {
      "rDD": 0,
      "rDS": 2,
      "rOTD": 6,
      "rAST": 1,
      "rULT": 2,
      "rLVS": 0,
      "rLLS": 1,
      "rDFS": 1,
      "rKNB": 0,
      "rCTT": 0,
      "rEVS": 5,
      "rFFD": 0,
      "rFFI": 0,
      "rSNP": 2,
      "rCQT": 1,
      "rBRX": 0,
      "rHWI": 1,
      "rMOT": 1,
      "rAMB": 0,
      "rMMB": 1,
      "rILS": 2,
      "rFE": 2,
      "rDSR": 1,
      "rSLP": 2,
      "rRSP": 2,
      "rHLG": 0
    }
  },
  {
    "match_id": "T001_vs",
    "character": "T006 Gambit",
    "stats": {
      "rDD": 0,
      "rDS": 0,
      "rOTD": 3,
      "rAST": 1,
      "rULT": 2,
      "rLVS": 0,
      "rLLS": 0,
      "rDFS": 0,
      "rKNB": 2,
      "rCTT": 1,
      "rEVS": 3,
      "rFFD": 0,
      "rFFI": 0,
      "rSNP": 0,
      "rCQT": 2,
      "rBRX": 2,
      "rHWI": 0,
      "rMOT": 0,
      "rAMB": 1,
      "rMMB": 3,
      "rILS": 2,
      "rFE": 1,
      "rDSR": 0,
      "rSLP": 2,
      "rRSP": 1,
      "rHLG": 0
    }
  },
  {
    "match_id": "T003_vs",
    "character": "T008 Magneto",
    "stats": {
      "rDD": 5,
      "rDS": 1,
      "rOTD": 4,
      "rAST": 4,
      "rULT": 2,
      "rLVS": 0,
      "rLLS": 0,
      "rDFS": 0,
      "rKNB": 2,
      "rCTT": 2,
      "rEVS": 0,
      "rFFD": 0,
      "rFFI": 1,
      "rSNP": 0,
      "rCQT": 1,
      "rBRX": 1,
      "rHWI": 0,
      "rMOT": 0,
      "rAMB": 0,
      "rMMB": 3,
      "rILS": 3,
      "rFE": 2,
      "rDSR": 1,
      "rSLP": 0,
      "rRSP": 1,
      "rHLG": 0
    }
  },
  {
    "match_id": "T005_vs",
    "character": "T010 Exodus",
    "stats": {
      "rDD": 3,
      "rDS": 1,
      "rOTD": 2,
      "rAST": 4,
      "rULT": 1,
      "rLVS": 0,
      "rLLS": 0,
      "rDFS": 0,
      "rKNB": 1,
      "rCTT": 2,
      "rEVS": 0,
      "rFFD": 1,
      "rFFI": 0,
      "rSNP": 0,
      "rCQT": 2,
      "rBRX": 1,
      "rHWI": 2,
      "rMOT": 1,
      "rAMB": 1,
      "rMMB": 2,
      "rILS": 0,
      "rFE": 0,
      "rDSR": 1,
      "rSLP": 0,
      "rRSP": 1,
      "rHLG": 0
    }
  },
  {
    "match_id": "T002_vs",
    "character": "T007 Wolverine   X-23",
    "stats": {
      "rDD": 0,
      "rDS": 2,
      "rOTD": 0,
      "rAST": 0,
      "rULT": 1,
      "rLVS": 0,
      "rLLS": 0,
      "rDFS": 0,
      "rKNB": 2,
      "rCTT": 2,
      "rEVS": 0,
      "rFFD": 1,
      "rFFI": 0,
      "rSNP": 3,
      "rCQT": 2,
      "rBRX": 2,
      "rHWI": 1,
      "rMOT": 0,
      "rAMB": 1,
      "rMMB": 0,
      "rILS": 0,
      "rFE": 1,
      "rDSR": 1,
      "rSLP": 1,
      "rRSP": 2,
      "rHLG": 0
    }
  },
  {
    "match_id": "T005_vs",
    "character": "T010 Nico Minoru",
    "stats": {
      "rDD": 5,
      "rDS": 2,
      "rOTD": 3,
      "rAST": 1,
      "rULT": 2,
      "rLVS": 1,
      "rLLS": 0,
      "rDFS": 2,
      "rKNB": 1,
      "rCTT": 1,
      "rEVS": 1,
      "rFFD": 1,
      "rFFI": 0,
      "rSNP": 2,
      "rCQT": 2,
      "rBRX": 2,
      "rHWI": 1,
      "rMOT": 1,
      "rAMB": 0,
      "rMMB": 1,
      "rILS": 1,
      "rFE": 2,
      "rDSR": 1,
      "rSLP": 2,
      "rRSP": 1,
      "rHLG": 0
    }
  },
  {
    "match_id": "T005_vs",
    "character": "T010 Black Bolt",
    "stats": {
      "rDD": 5,
      "rDS": 3,
      "rOTD": 4,
      "rAST": 1,
      "rULT": 2,
      "rLVS": 1,
      "rLLS": 1,
      "rDFS": 2,
      "rKNB": 0,
      "rCTT": 1,
      "rEVS": 3,
      "rFFD": 1,
      "rFFI": 0,
      "rSNP": 1,
      "rCQT": 0,
      "rBRX": 2,
      "rHWI": 0,
      "rMOT": 0,
      "rAMB": 1,
      "rMMB": 3,
      "rILS": 0,
      "rFE": 2,
      "rDSR": 1,
      "rSLP": 2,
      "rRSP": 2,
      "rHLG": 0
    }
  },
  {
    "match_id": "T003_vs",
    "character": "T008 Bishop",
    "stats": {
      "rDD": 4,
      "rDS": 2,
      "rOTD": 2,
      "rAST": 0,
      "rULT": 2,
      "rLVS": 0,
      "rLLS": 1,
      "rDFS": 2,
      "rKNB": 2,
      "rCTT": 3,
      "rEVS": 2,
      "rFFD": 0,
      "rFFI": 1,
      "rSNP": 3,
      "rCQT": 0,
      "rBRX": 2,
      "rHWI": 0,
      "rMOT": 1,
      "rAMB": 1,
      "rMMB": 1,
      "rILS": 2,
      "rFE": 0,
      "rDSR": 2,
      "rSLP": 1,
      "rRSP": 2,
      "rHLG": 0
    }
  },
  {
    "match_id": "T003_vs",
    "character": "T008 Moonstar",
    "stats": {
      "rDD": 5,
      "rDS": 2,
      "rOTD": 3,
      "rAST": 1,
      "rULT": 0,
      "rLVS": 0,
      "rLLS": 0,
      "rDFS": 1,
      "rKNB": 0,
      "rCTT": 1,
      "rEVS": 1,
      "rFFD": 0,
      "rFFI": 1,
      "rSNP": 2,
      "rCQT": 2,
      "rBRX": 2,
      "rHWI": 0,
      "rMOT": 1,
      "rAMB": 0,
      "rMMB": 2,
      "rILS": 2,
      "rFE": 1,
      "rDSR": 0,
      "rSLP": 1,
      "rRSP": 1,
      "rHLG": 0
    }
  },
  {
    "match_id": "T003_vs",
    "character": "T008 Psylocke",
    "stats": {
      "rDD": 3,
      "rDS": 2,
      "rOTD": 5,
      "rAST": 3,
      "rULT": 2,
      "rLVS": 0,
      "rLLS": 0,
      "rDFS": 0,
      "rKNB": 2,
      "rCTT": 2,
      "rEVS": 1,
      "rFFD": 0,
      "rFFI": 1,
      "rSNP": 1,
      "rCQT": 2,
      "rBRX": 0,
      "rHWI": 0,
      "rMOT": 1,
      "rAMB": 0,
      "rMMB": 1,
      "rILS": 3,
      "rFE": 1,
      "rDSR": 1,
      "rSLP": 0,
      "rRSP": 1,
      "rHLG": 0
    }
  },
  {
    "match_id": "T005_vs",
    "character": "T010 Mystique",
    "stats": {
      "rDD": 3,
      "rDS": 1,
      "rOTD": 3,
      "rAST": 4,
      "rULT": 1,
      "rLVS": 1,
      "rLLS": 0,
      "rDFS": 1,
      "rKNB": 2,
      "rCTT": 0,
      "rEVS": 5,
      "rFFD": 0,
      "rFFI": 1,
      "rSNP": 1,
      "rCQT": 2,
      "rBRX": 2,
      "rHWI": 1,
      "rMOT": 1,
      "rAMB": 0,
      "rMMB": 1,
      "rILS": 3,
      "rFE": 1,
      "rDSR": 1,
      "rSLP": 1,
      "rRSP": 2,
      "rHLG": 0
    }
  },
  {
    "match_id": "T002_vs",
    "character": "T007 Hulkling  Teddy Altman ",
    "stats": {
      "rDD": 3,
      "rDS": 1,
      "rOTD": 4,
      "rAST": 4,
      "rULT": 1,
      "rLVS": 0,
      "rLLS": 1,
      "rDFS": 1,
      "rKNB": 2,
      "rCTT": 3,
      "rEVS": 1,
      "rFFD": 0,
      "rFFI": 0,
      "rSNP": 1,
      "rCQT": 3,
      "rBRX": 2,
      "rHWI": 2,
      "rMOT": 0,
      "rAMB": 0,
      "rMMB": 1,
      "rILS": 0,
      "rFE": 1,
      "rDSR": 2,
      "rSLP": 2,
      "rRSP": 2,
      "rHLG": 0
    }
  },
  {
    "match_id": "T001_vs",
    "character": "T006 Wolverine",
    "stats": {
      "rDD": 3,
      "rDS": 2,
      "rOTD": 5,
      "rAST": 2,
      "rULT": 1,
      "rLVS": 1,
      "rLLS": 0,
      "rDFS": 1,
      "rKNB": 1,
      "rCTT": 0,
      "rEVS": 4,
      "rFFD": 1,
      "rFFI": 0,
      "rSNP": 2,
      "rCQT": 1,
      "rBRX": 1,
      "rHWI": 2,
      "rMOT": 1,
      "rAMB": 1,
      "rMMB": 0,
      "rILS": 0,
      "rFE": 2,
      "rDSR": 0,
      "rSLP": 1,
      "rRSP": 1,
      "rHLG": 0
    }
  },
  {
    "match_id": "T002_vs",
    "character": "T007 Iron Man",
    "stats": {
      "rDD": 3,
      "rDS": 0,
      "rOTD": 3,
      "rAST": 4,
      "rULT": 2,
      "rLVS": 1,
      "rLLS": 0,
      "rDFS": 0,
      "rKNB": 1,
      "rCTT": 1,
      "rEVS": 5,
      "rFFD": 0,
      "rFFI": 0,
      "rSNP": 3,
      "rCQT": 3,
      "rBRX": 1,
      "rHWI": 0,
      "rMOT": 0,
      "rAMB": 1,
      "rMMB": 1,
      "rILS": 3,
      "rFE": 2,
      "rDSR": 0,
      "rSLP": 1,
      "rRSP": 2,
      "rHLG": 0
    }
  },
  {
    "match_id": "T004_vs",
    "character": "T009 Marvel Girl",
    "stats": {
      "rDD": 0,
      "rDS": 0,
      "rOTD": 3,
      "rAST": 2,
      "rULT": 1,
      "rLVS": 0,
      "rLLS": 1,
      "rDFS": 0,
      "rKNB": 0,
      "rCTT": 3,
      "rEVS": 3,
      "rFFD": 0,
      "rFFI": 0,
      "rSNP": 3,
      "rCQT": 0,
      "rBRX": 0,
      "rHWI": 1,
      "rMOT": 0,
      "rAMB": 0,
      "rMMB": 1,
      "rILS": 2,
      "rFE": 2,
      "rDSR": 1,
      "rSLP": 0,
      "rRSP": 2,
      "rHLG": 0
    }
  },
  {
    "match_id": "T003_vs",
    "character": "T008 Juggernaut",
    "stats": {
      "rDD": 2,
      "rDS": 1,
      "rOTD": 4,
      "rAST": 4,
      "rULT": 2,
      "rLVS": 0,
      "rLLS": 1,
      "rDFS": 0,
      "rKNB": 2,
      "rCTT": 0,
      "rEVS": 4,
      "rFFD": 1,
      "rFFI": 1,
      "rSNP": 0,
      "rCQT": 2,
      "rBRX": 0,
      "rHWI": 2,
      "rMOT": 1,
      "rAMB": 1,
      "rMMB": 2,
      "rILS": 2,
      "rFE": 2,
      "rDSR": 0,
      "rSLP": 2,
      "rRSP": 0,
      "rHLG": 0
    }
  },
  {
    "match_id": "T003_vs",
    "character": "T008 Carnage",
    "stats": {
      "rDD": 0,
      "rDS": 1,
      "rOTD": 4,
      "rAST": 3,
      "rULT": 2,
      "rLVS": 1,
      "rLLS": 0,
      "rDFS": 0,
      "rKNB": 2,
      "rCTT": 3,
      "rEVS": 5,
      "rFFD": 1,
      "rFFI": 0,
      "rSNP": 1,
      "rCQT": 0,
      "rBRX": 1,
      "rHWI": 1,
      "rMOT": 0,
      "rAMB": 0,
      "rMMB": 0,
      "rILS": 2,
      "rFE": 2,
      "rDSR": 0,
      "rSLP": 2,
      "rRSP": 0,
      "rHLG": 0
    }
  },
  {
    "match_id": "T005_vs",
    "character": "T010 Sentry",
    "stats": {
      "rDD": 4,
      "rDS": 1,
      "rOTD": 0,
      "rAST": 1,
      "rULT": 1,
      "rLVS": 1,
      "rLLS": 0,
      "rDFS": 0,
      "rKNB": 2,
      "rCTT": 3,
      "rEVS": 5,
      "rFFD": 0,
      "rFFI": 0,
      "rSNP": 2,
      "rCQT": 2,
      "rBRX": 1,
      "rHWI": 1,
      "rMOT": 0,
      "rAMB": 1,
      "rMMB": 3,
      "rILS": 0,
      "rFE": 0,
      "rDSR": 2,
      "rSLP": 1,
      "rRSP": 0,
      "rHLG": 0
    }
  },
  {
    "match_id": "T004_vs",
    "character": "T009 Drax the Destroyer",
    "stats": {
      "rDD": 1,
      "rDS": 1,
      "rOTD": 3,
      "rAST": 0,
      "rULT": 2,
      "rLVS": 1,
      "rLLS": 1,
      "rDFS": 2,
      "rKNB": 0,
      "rCTT": 2,
      "rEVS": 2,
      "rFFD": 0,
      "rFFI": 1,
      "rSNP": 1,
      "rCQT": 3,
      "rBRX": 2,
      "rHWI": 0,
      "rMOT": 0,
      "rAMB": 1,
      "rMMB": 3,
      "rILS": 3,
      "rFE": 0,
      "rDSR": 2,
      "rSLP": 1,
      "rRSP": 1,
      "rHLG": 0
    }
  },
  {
    "match_id": "T004_vs",
    "character": "T009 Blade",
    "stats": {
      "rDD": 5,
      "rDS": 2,
      "rOTD": 1,
      "rAST": 2,
      "rULT": 0,
      "rLVS": 0,
      "rLLS": 0,
      "rDFS": 2,
      "rKNB": 0,
      "rCTT": 0,
      "rEVS": 2,
      "rFFD": 1,
      "rFFI": 1,
      "rSNP": 2,
      "rCQT": 0,
      "rBRX": 2,
      "rHWI": 1,
      "rMOT": 1,
      "rAMB": 1,
      "rMMB": 0,
      "rILS": 2,
      "rFE": 2,
      "rDSR": 1,
      "rSLP": 0,
      "rRSP": 0,
      "rHLG": 0
    }
  },
  {
    "match_id": "T002_vs",
    "character": "T007 Captain America  Rogers ",
    "stats": {
      "rDD": 4,
      "rDS": 2,
      "rOTD": 6,
      "rAST": 3,
      "rULT": 0,
      "rLVS": 1,
      "rLLS": 0,
      "rDFS": 1,
      "rKNB": 2,
      "rCTT": 2,
      "rEVS": 0,
      "rFFD": 0,
      "rFFI": 0,
      "rSNP": 0,
      "rCQT": 1,
      "rBRX": 0,
      "rHWI": 1,
      "rMOT": 1,
      "rAMB": 1,
      "rMMB": 0,
      "rILS": 2,
      "rFE": 0,
      "rDSR": 0,
      "rSLP": 0,
      "rRSP": 1,
      "rHLG": 0
    }
  },
  {
    "match_id": "T002_vs",
    "character": "T007 Nova",
    "stats": {
      "rDD": 4,
      "rDS": 1,
      "rOTD": 5,
      "rAST": 4,
      "rULT": 2,
      "rLVS": 0,
      "rLLS": 0,
      "rDFS": 0,
      "rKNB": 1,
      "rCTT": 0,
      "rEVS": 3,
      "rFFD": 1,
      "rFFI": 0,
      "rSNP": 2,
      "rCQT": 3,
      "rBRX": 1,
      "rHWI": 0,
      "rMOT": 0,
      "rAMB": 1,
      "rMMB": 2,
      "rILS": 3,
      "rFE": 1,
      "rDSR": 0,
      "rSLP": 0,
      "rRSP": 1,
      "rHLG": 0
    }
  },
  {
    "match_id": "T001_vs",
    "character": "T006 Thor",
    "stats": {
      "rDD": 1,
      "rDS": 1,
      "rOTD": 2,
      "rAST": 3,
      "rULT": 1,
      "rLVS": 0,
      "rLLS": 1,
      "rDFS": 0,
      "rKNB": 2,
      "rCTT": 1,
      "rEVS": 2,
      "rFFD": 0,
      "rFFI": 1,
      "rSNP": 3,
      "rCQT": 0,
      "rBRX": 0,
      "rHWI": 0,
      "rMOT": 0,
      "rAMB": 0,
      "rMMB": 3,
      "rILS": 3,
      "rFE": 0,
      "rDSR": 0,
      "rSLP": 2,
      "rRSP": 0,
      "rHLG": 0
    }
  },
  {
    "match_id": "T001_vs",
    "character": "T006 Domino",
    "stats": {
      "rDD": 4,
      "rDS": 2,
      "rOTD": 3,
      "rAST": 2,
      "rULT": 1,
      "rLVS": 1,
      "rLLS": 1,
      "rDFS": 2,
      "rKNB": 0,
      "rCTT": 0,
      "rEVS": 1,
      "rFFD": 0,
      "rFFI": 1,
      "rSNP": 2,
      "rCQT": 1,
      "rBRX": 0,
      "rHWI": 0,
      "rMOT": 1,
      "rAMB": 1,
      "rMMB": 0,
      "rILS": 2,
      "rFE": 0,
      "rDSR": 1,
      "rSLP": 2,
      "rRSP": 0,
      "rHLG": 0
    }
  },
  {
    "match_id": "T001_vs",
    "character": "T006 Emma Frost",
    "stats": {
      "rDD": 4,
      "rDS": 0,
      "rOTD": 1,
      "rAST": 2,
      "rULT": 1,
      "rLVS": 0,
      "rLLS": 0,
      "rDFS": 1,
      "rKNB": 0,
      "rCTT": 3,
      "rEVS": 1,
      "rFFD": 0,
      "rFFI": 1,
      "rSNP": 1,
      "rCQT": 1,
      "rBRX": 0,
      "rHWI": 1,
      "rMOT": 0,
      "rAMB": 0,
      "rMMB": 0,
      "rILS": 3,
      "rFE": 2,
      "rDSR": 2,
      "rSLP": 2,
      "rRSP": 1,
      "rHLG": 0
    }
  },
  {
    "match_id": "T002_vs",
    "character": "T007 Forge",
    "stats": {
      "rDD": 0,
      "rDS": 2,
      "rOTD": 0,
      "rAST": 0,
      "rULT": 2,
      "rLVS": 0,
      "rLLS": 1,
      "rDFS": 0,
      "rKNB": 2,
      "rCTT": 2,
      "rEVS": 2,
      "rFFD": 1,
      "rFFI": 0,
      "rSNP": 1,
      "rCQT": 3,
      "rBRX": 2,
      "rHWI": 0,
      "rMOT": 0,
      "rAMB": 1,
      "rMMB": 1,
      "rILS": 1,
      "rFE": 1,
      "rDSR": 0,
      "rSLP": 1,
      "rRSP": 1,
      "rHLG": 0
    }
  },
  {
    "match_id": "T005_vs",
    "character": "T010 Sunspot",
    "stats": {
      "rDD": 0,
      "rDS": 1,
      "rOTD": 3,
      "rAST": 3,
      "rULT": 2,
      "rLVS": 0,
      "rLLS": 1,
      "rDFS": 0,
      "rKNB": 0,
      "rCTT": 0,
      "rEVS": 4,
      "rFFD": 0,
      "rFFI": 0,
      "rSNP": 2,
      "rCQT": 2,
      "rBRX": 0,
      "rHWI": 1,
      "rMOT": 0,
      "rAMB": 1,
      "rMMB": 0,
      "rILS": 1,
      "rFE": 1,
      "rDSR": 2,
      "rSLP": 2,
      "rRSP": 0,
      "rHLG": 0
    }
  },
  {
    "match_id": "T002_vs",
    "character": "T007 Brawn  Totally Awesome Hulk ",
    "stats": {
      "rDD": 1,
      "rDS": 2,
      "rOTD": 0,
      "rAST": 0,
      "rULT": 2,
      "rLVS": 1,
      "rLLS": 0,
      "rDFS": 2,
      "rKNB": 2,
      "rCTT": 3,
      "rEVS": 3,
      "rFFD": 0,
      "rFFI": 1,
      "rSNP": 1,
      "rCQT": 1,
      "rBRX": 2,
      "rHWI": 2,
      "rMOT": 0,
      "rAMB": 0,
      "rMMB": 0,
      "rILS": 0,
      "rFE": 0,
      "rDSR": 0,
      "rSLP": 1,
      "rRSP": 1,
      "rHLG": 0
    }
  },
  {
    "match_id": "T004_vs",
    "character": "T009 Valkyrie",
    "stats": {
      "rDD": 0,
      "rDS": 2,
      "rOTD": 3,
      "rAST": 3,
      "rULT": 0,
      "rLVS": 0,
      "rLLS": 0,
      "rDFS": 2,
      "rKNB": 2,
      "rCTT": 2,
      "rEVS": 5,
      "rFFD": 1,
      "rFFI": 1,
      "rSNP": 3,
      "rCQT": 3,
      "rBRX": 1,
      "rHWI": 0,
      "rMOT": 0,
      "rAMB": 0,
      "rMMB": 2,
      "rILS": 2,
      "rFE": 2,
      "rDSR": 0,
      "rSLP": 2,
      "rRSP": 1,
      "rHLG": 0
    }
  },
  {
    "match_id": "T004_vs",
    "character": "T009 Hyperion",
    "stats": {
      "rDD": 2,
      "rDS": 0,
      "rOTD": 1,
      "rAST": 1,
      "rULT": 0,
      "rLVS": 0,
      "rLLS": 0,
      "rDFS": 0,
      "rKNB": 0,
      "rCTT": 3,
      "rEVS": 4,
      "rFFD": 0,
      "rFFI": 1,
      "rSNP": 2,
      "rCQT": 1,
      "rBRX": 1,
      "rHWI": 1,
      "rMOT": 1,
      "rAMB": 0,
      "rMMB": 3,
      "rILS": 3,
      "rFE": 0,
      "rDSR": 2,
      "rSLP": 1,
      "rRSP": 1,
      "rHLG": 0
    }
  },
  {
    "match_id": "T001_vs",
    "character": "T006 Kid Omega",
    "stats": {
      "rDD": 0,
      "rDS": 0,
      "rOTD": 0,
      "rAST": 3,
      "rULT": 1,
      "rLVS": 1,
      "rLLS": 1,
      "rDFS": 1,
      "rKNB": 2,
      "rCTT": 2,
      "rEVS": 0,
      "rFFD": 0,
      "rFFI": 1,
      "rSNP": 0,
      "rCQT": 0,
      "rBRX": 1,
      "rHWI": 0,
      "rMOT": 0,
      "rAMB": 0,
      "rMMB": 2,
      "rILS": 3,
      "rFE": 2,
      "rDSR": 1,
      "rSLP": 0,
      "rRSP": 2,
      "rHLG": 0
    }
  },
  {
    "match_id": "T005_vs",
    "character": "T010 Loki",
    "stats": {
      "rDD": 3,
      "rDS": 2,
      "rOTD": 5,
      "rAST": 0,
      "rULT": 0,
      "rLVS": 1,
      "rLLS": 0,
      "rDFS": 0,
      "rKNB": 1,
      "rCTT": 1,
      "rEVS": 5,
      "rFFD": 1,
      "rFFI": 1,
      "rSNP": 1,
      "rCQT": 0,
      "rBRX": 0,
      "rHWI": 2,
      "rMOT": 0,
      "rAMB": 1,
      "rMMB": 0,
      "rILS": 0,
      "rFE": 1,
      "rDSR": 1,
      "rSLP": 2,
      "rRSP": 1,
      "rHLG": 0
    }
  },
  {
    "match_id": "T004_vs",
    "character": "T009 Namor  The Sub-Mariner ",
    "stats": {
      "rDD": 2,
      "rDS": 0,
      "rOTD": 2,
      "rAST": 3,
      "rULT": 1,
      "rLVS": 1,
      "rLLS": 0,
      "rDFS": 0,
      "rKNB": 1,
      "rCTT": 1,
      "rEVS": 3,
      "rFFD": 1,
      "rFFI": 0,
      "rSNP": 2,
      "rCQT": 3,
      "rBRX": 2,
      "rHWI": 1,
      "rMOT": 0,
      "rAMB": 1,
      "rMMB": 1,
      "rILS": 1,
      "rFE": 1,
      "rDSR": 1,
      "rSLP": 0,
      "rRSP": 1,
      "rHLG": 0
    }
  },
  {
    "match_id": "T001_vs",
    "character": "T006 Magik",
    "stats": {
      "rDD": 0,
      "rDS": 0,
      "rOTD": 1,
      "rAST": 0,
      "rULT": 2,
      "rLVS": 0,
      "rLLS": 0,
      "rDFS": 1,
      "rKNB": 1,
      "rCTT": 1,
      "rEVS": 0,
      "rFFD": 1,
      "rFFI": 1,
      "rSNP": 3,
      "rCQT": 1,
      "rBRX": 2,
      "rHWI": 2,
      "rMOT": 0,
      "rAMB": 1,
      "rMMB": 3,
      "rILS": 2,
      "rFE": 0,
      "rDSR": 1,
      "rSLP": 2,
      "rRSP": 1,
      "rHLG": 0
    }
  },
  {
    "match_id": "T004_vs",
    "character": "T009 Star Brand",
    "stats": {
      "rDD": 3,
      "rDS": 0,
      "rOTD": 2,
      "rAST": 0,
      "rULT": 0,
      "rLVS": 1,
      "rLLS": 0,
      "rDFS": 0,
      "rKNB": 1,
      "rCTT": 1,
      "rEVS": 5,
      "rFFD": 1,
      "rFFI": 1,
      "rSNP": 1,
      "rCQT": 2,
      "rBRX": 1,
      "rHWI": 2,
      "rMOT": 1,
      "rAMB": 0,
      "rMMB": 1,
      "rILS": 0,
      "rFE": 0,
      "rDSR": 0,
      "rSLP": 1,
      "rRSP": 0,
      "rHLG": 0
    }
  },
  {
    "match_id": "T005_vs",
    "character": "T010 Groot",
    "stats": {
      "rDD": 3,
      "rDS": 0,
      "rOTD": 2,
      "rAST": 2,
      "rULT": 0,
      "rLVS": 0,
      "rLLS": 0,
      "rDFS": 2,
      "rKNB": 2,
      "rCTT": 1,
      "rEVS": 0,
      "rFFD": 1,
      "rFFI": 1,
      "rSNP": 2,
      "rCQT": 2,
      "rBRX": 0,
      "rHWI": 1,
      "rMOT": 0,
      "rAMB": 0,
      "rMMB": 3,
      "rILS": 3,
      "rFE": 1,
      "rDSR": 2,
      "rSLP": 0,
      "rRSP": 2,
      "rHLG": 0
    }
  },
  {
    "match_id": "T001_vs",
    "character": "T006 She-Hulk",
    "stats": {
      "rDD": 3,
      "rDS": 0,
      "rOTD": 0,
      "rAST": 4,
      "rULT": 1,
      "rLVS": 0,
      "rLLS": 0,
      "rDFS": 0,
      "rKNB": 0,
      "rCTT": 3,
      "rEVS": 2,
      "rFFD": 0,
      "rFFI": 0,
      "rSNP": 3,
      "rCQT": 1,
      "rBRX": 1,
      "rHWI": 1,
      "rMOT": 0,
      "rAMB": 1,
      "rMMB": 3,
      "rILS": 0,
      "rFE": 1,
      "rDSR": 0,
      "rSLP": 2,
      "rRSP": 0,
      "rHLG": 0
    }
  },
  {
    "match_id": "T002_vs",
    "character": "T007 Xorn",
    "stats": {
      "rDD": 4,
      "rDS": 1,
      "rOTD": 2,
      "rAST": 2,
      "rULT": 0,
      "rLVS": 0,
      "rLLS": 0,
      "rDFS": 2,
      "rKNB": 1,
      "rCTT": 1,
      "rEVS": 2,
      "rFFD": 0,
      "rFFI": 0,
      "rSNP": 1,
      "rCQT": 1,
      "rBRX": 0,
      "rHWI": 0,
      "rMOT": 1,
      "rAMB": 0,
      "rMMB": 1,
      "rILS": 2,
      "rFE": 0,
      "rDSR": 0,
      "rSLP": 2,
      "rRSP": 2,
      "rHLG": 0
    }
  },
  {
    "match_id": "T004_vs",
    "character": "T009 Doctor Octopus",
    "stats": {
      "rDD": 2,
      "rDS": 0,
      "rOTD": 5,
      "rAST": 0,
      "rULT": 2,
      "rLVS": 1,
      "rLLS": 1,
      "rDFS": 2,
      "rKNB": 0,
      "rCTT": 1,
      "rEVS": 3,
      "rFFD": 0,
      "rFFI": 1,
      "rSNP": 3,
      "rCQT": 0,
      "rBRX": 1,
      "rHWI": 1,
      "rMOT": 1,
      "rAMB": 0,
      "rMMB": 0,
      "rILS": 0,
      "rFE": 0,
      "rDSR": 2,
      "rSLP": 1,
      "rRSP": 2,
      "rHLG": 0
    }
  },
  {
    "match_id": "T002_vs",
    "character": "T007 Spider-Man  Parker ",
    "stats": {
      "rDD": 2,
      "rDS": 0,
      "rOTD": 6,
      "rAST": 4,
      "rULT": 2,
      "rLVS": 1,
      "rLLS": 0,
      "rDFS": 1,
      "rKNB": 0,
      "rCTT": 1,
      "rEVS": 3,
      "rFFD": 1,
      "rFFI": 1,
      "rSNP": 1,
      "rCQT": 0,
      "rBRX": 0,
      "rHWI": 2,
      "rMOT": 1,
      "rAMB": 1,
      "rMMB": 0,
      "rILS": 1,
      "rFE": 1,
      "rDSR": 2,
      "rSLP": 0,
      "rRSP": 0,
      "rHLG": 0
    }
  },
  {
    "match_id": "T003_vs",
    "character": "T008 Sage",
    "stats": {
      "rDD": 5,
      "rDS": 2,
      "rOTD": 6,
      "rAST": 1,
      "rULT": 0,
      "rLVS": 0,
      "rLLS": 0,
      "rDFS": 0,
      "rKNB": 1,
      "rCTT": 0,
      "rEVS": 2,
      "rFFD": 0,
      "rFFI": 1,
      "rSNP": 2,
      "rCQT": 0,
      "rBRX": 2,
      "rHWI": 0,
      "rMOT": 1,
      "rAMB": 0,
      "rMMB": 1,
      "rILS": 1,
      "rFE": 0,
      "rDSR": 0,
      "rSLP": 1,
      "rRSP": 2,
      "rHLG": 0
    }
  },
  {
    "match_id": "T003_vs",
    "character": "T008 Vision",
    "stats": {
      "rDD": 1,
      "rDS": 3,
      "rOTD": 6,
      "rAST": 1,
      "rULT": 1,
      "rLVS": 1,
      "rLLS": 0,
      "rDFS": 0,
      "rKNB": 0,
      "rCTT": 1,
      "rEVS": 3,
      "rFFD": 1,
      "rFFI": 0,
      "rSNP": 0,
      "rCQT": 2,
      "rBRX": 0,
      "rHWI": 0,
      "rMOT": 1,
      "rAMB": 0,
      "rMMB": 3,
      "rILS": 0,
      "rFE": 0,
      "rDSR": 2,
      "rSLP": 2,
      "rRSP": 0,
      "rHLG": 0
    }
  },
  {
    "match_id": "T002_vs",
    "character": "T007 The Wasp",
    "stats": {
      "rDD": 2,
      "rDS": 3,
      "rOTD": 1,
      "rAST": 2,
      "rULT": 2,
      "rLVS": 1,
      "rLLS": 0,
      "rDFS": 2,
      "rKNB": 1,
      "rCTT": 2,
      "rEVS": 2,
      "rFFD": 0,
      "rFFI": 0,
      "rSNP": 0,
      "rCQT": 0,
      "rBRX": 0,
      "rHWI": 2,
      "rMOT": 1,
      "rAMB": 1,
      "rMMB": 3,
      "rILS": 0,
      "rFE": 0,
      "rDSR": 1,
      "rSLP": 2,
      "rRSP": 2,
      "rHLG": 0
    }
  },
  {
    "match_id": "T003_vs",
    "character": "T008 Ultron",
    "stats": {
      "rDD": 5,
      "rDS": 0,
      "rOTD": 0,
      "rAST": 3,
      "rULT": 2,
      "rLVS": 0,
      "rLLS": 1,
      "rDFS": 2,
      "rKNB": 0,
      "rCTT": 2,
      "rEVS": 2,
      "rFFD": 0,
      "rFFI": 1,
      "rSNP": 2,
      "rCQT": 2,
      "rBRX": 1,
      "rHWI": 0,
      "rMOT": 0,
      "rAMB": 0,
      "rMMB": 3,
      "rILS": 0,
      "rFE": 1,
      "rDSR": 2,
      "rSLP": 0,
      "rRSP": 1,
      "rHLG": 0
    }
  },
  {
    "match_id": "T001_vs",
    "character": "T006 Deadpool",
    "stats": {
      "rDD": 3,
      "rDS": 3,
      "rOTD": 4,
      "rAST": 4,
      "rULT": 0,
      "rLVS": 0,
      "rLLS": 1,
      "rDFS": 2,
      "rKNB": 1,
      "rCTT": 3,
      "rEVS": 3,
      "rFFD": 0,
      "rFFI": 0,
      "rSNP": 2,
      "rCQT": 3,
      "rBRX": 0,
      "rHWI": 2,
      "rMOT": 0,
      "rAMB": 0,
      "rMMB": 1,
      "rILS": 2,
      "rFE": 0,
      "rDSR": 2,
      "rSLP": 0,
      "rRSP": 2,
      "rHLG": 0
    }
  },
  {
    "match_id": "T003_vs",
    "character": "T008 Hulk",
    "stats": {
      "rDD": 0,
      "rDS": 1,
      "rOTD": 5,
      "rAST": 1,
      "rULT": 0,
      "rLVS": 0,
      "rLLS": 0,
      "rDFS": 1,
      "rKNB": 1,
      "rCTT": 2,
      "rEVS": 1,
      "rFFD": 0,
      "rFFI": 0,
      "rSNP": 3,
      "rCQT": 0,
      "rBRX": 0,
      "rHWI": 2,
      "rMOT": 0,
      "rAMB": 1,
      "rMMB": 1,
      "rILS": 2,
      "rFE": 1,
      "rDSR": 2,
      "rSLP": 0,
      "rRSP": 2,
      "rHLG": 0
    }
  },
  {
    "match_id": "T001_vs",
    "character": "T006 Doctor Strange",
    "stats": {
      "rDD": 0,
      "rDS": 1,
      "rOTD": 1,
      "rAST": 3,
      "rULT": 0,
      "rLVS": 1,
      "rLLS": 1,
      "rDFS": 1,
      "rKNB": 2,
      "rCTT": 1,
      "rEVS": 1,
      "rFFD": 0,
      "rFFI": 1,
      "rSNP": 2,
      "rCQT": 3,
      "rBRX": 1,
      "rHWI": 0,
      "rMOT": 0,
      "rAMB": 1,
      "rMMB": 1,
      "rILS": 1,
      "rFE": 0,
      "rDSR": 2,
      "rSLP": 0,
      "rRSP": 1,
      "rHLG": 0
    }
  },
  {
    "match_id": "T005_vs",
    "character": "T010 Gladiator",
    "stats": {
      "rDD": 5,
      "rDS": 3,
      "rOTD": 5,
      "rAST": 3,
      "rULT": 2,
      "rLVS": 0,
      "rLLS": 0,
      "rDFS": 1,
      "rKNB": 1,
      "rCTT": 0,
      "rEVS": 3,
      "rFFD": 0,
      "rFFI": 1,
      "rSNP": 1,
      "rCQT": 3,
      "rBRX": 1,
      "rHWI": 1,
      "rMOT": 1,
      "rAMB": 1,
      "rMMB": 1,
      "rILS": 3,
      "rFE": 2,
      "rDSR": 0,
      "rSLP": 0,
      "rRSP": 2,
      "rHLG": 0
    }
  }
]