{
  "turn": 6,
  "move": "cxd4",
  "capture": {
    "roll": 2,
    "modifier": 27,
    "total": 29,
    "success": true
  },
  "stats": {
    "rDD": 4,
    "rDS": 2,
    "rOTD": 3,
    "rAST": 3,
    "rULT": 2,
    "rLVS": 1,
    "rLLS": 0,
    "rDFS": 0,
    "rKNB": 1,
    "rCTT": 1,
    "rEVS": 0,
    "rFFD": 1,
    "rFFI": 0,
    "rSNP": 2,
    "rCQT": 0,
    "rBRX": 0,
    "rHWI": 1,
    "rMOT": 0,
    "rAMB": 0,
    "rMMB": 3,
    "rILS": 3,
    "rFE": 2,
    "rDSR": 0,
    "rSLP": 2,
    "rRSP": 2
  }
}