{
  "turn": 6,
  "move": "exd4",
  "capture": {
    "roll": 16,
    "modifier": 17,
    "total": 33,
    "success": true
  },
  "stats": {
    "rDD": 3,
    "rDS": 0,
    "rOTD": 0,
    "rAST": 4,
    "rULT": 1,
    "rLVS": 0,
    "rLLS": 0,
    "rDFS": 0,
    "rKNB": 0,
    "rCTT": 3,
    "rEVS": 2,
    "rFFD": 0,
    "rFFI": 0,
    "rSNP": 3,
    "rCQT": 1,
    "rBRX": 1,
    "rHWI": 1,
    "rMOT": 0,
    "rAMB": 1,
    "rMMB": 3,
    "rILS": 0,
    "rFE": 1,
    "rDSR": 0,
    "rSLP": 2,
    "rRSP": 0
  }
}