{
  "turn": 6,
  "move": "exd4",
  "capture": {
    "roll": 8,
    "modifier": 17,
    "total": 25,
    "success": true
  },
  "stats": {
    "rDD": 3,
    "rDS": 3,
    "rOTD": 4,
    "rAST": 4,
    "rULT": 0,
    "rLVS": 0,
    "rLLS": 1,
    "rDFS": 2,
    "rKNB": 1,
    "rCTT": 3,
    "rEVS": 3,
    "rFFD": 0,
    "rFFI": 0,
    "rSNP": 2,
    "rCQT": 3,
    "rBRX": 0,
    "rHWI": 2,
    "rMOT": 0,
    "rAMB": 0,
    "rMMB": 1,
    "rILS": 2,
    "rFE": 0,
    "rDSR": 2,
    "rSLP": 0,
    "rRSP": 2
  }
}