{
  "turn": 6,
  "move": "a6",
  "capture": {
    "roll": 7,
    "modifier": 17,
    "total": 24,
    "success": true
  },
  "stats": {
    "rDD": 1,
    "rDS": 1,
    "rOTD": 2,
    "rAST": 3,
    "rULT": 1,
    "rLVS": 0,
    "rLLS": 1,
    "rDFS": 0,
    "rKNB": 2,
    "rCTT": 1,
    "rEVS": 2,
    "rFFD": 0,
    "rFFI": 1,
    "rSNP": 3,
    "rCQT": 0,
    "rBRX": 0,
    "rHWI": 0,
    "rMOT": 0,
    "rAMB": 0,
    "rMMB": 3,
    "rILS": 3,
    "rFE": 0,
    "rDSR": 0,
    "rSLP": 2,
    "rRSP": 0
  }
}