{
  "turn": 6,
  "move": "e5",
  "capture": {
    "roll": 1,
    "modifier": 17,
    "total": 18,
    "success": false
  },
  "stats": {
    "rDD": 3,
    "rDS": 1,
    "rOTD": 6,
    "rAST": 1,
    "rULT": 0,
    "rLVS": 1,
    "rLLS": 1,
    "rDFS": 1,
    "rKNB": 2,
    "rCTT": 2,
    "rEVS": 1,
    "rFFD": 1,
    "rFFI": 0,
    "rSNP": 0,
    "rCQT": 2,
    "rBRX": 0,
    "rHWI": 1,
    "rMOT": 0,
    "rAMB": 1,
    "rMMB": 1,
    "rILS": 2,
    "rFE": 1,
    "rDSR": 0,
    "rSLP": 1,
    "rRSP": 2
  }
}