{
  "turn": 6,
  "move": "cxd4",
  "capture": {
    "roll": 15,
    "modifier": 17,
    "total": 32,
    "success": true
  },
  "stats": {
    "rDD": 4,
    "rDS": 3,
    "rOTD": 1,
    "rAST": 3,
    "rULT": 0,
    "rLVS": 1,
    "rLLS": 1,
    "rDFS": 2,
    "rKNB": 2,
    "rCTT": 3,
    "rEVS": 5,
    "rFFD": 1,
    "rFFI": 1,
    "rSNP": 3,
    "rCQT": 0,
    "rBRX": 0,
    "rHWI": 0,
    "rMOT": 1,
    "rAMB": 0,
    "rMMB": 3,
    "rILS": 0,
    "rFE": 2,
    "rDSR": 2,
    "rSLP": 0,
    "rRSP": 1
  }
}