{
  "turn": 6,
  "move": "g6",
  "capture": {
    "roll": 17,
    "modifier": 17,
    "total": 34,
    "success": true
  },
  "stats": {
    "rDD": 1,
    "rDS": 1,
    "rOTD": 5,
    "rAST": 3,
    "rULT": 2,
    "rLVS": 0,
    "rLLS": 0,
    "rDFS": 1,
    "rKNB": 0,
    "rCTT": 2,
    "rEVS": 3,
    "rFFD": 0,
    "rFFI": 0,
    "rSNP": 3,
    "rCQT": 1,
    "rBRX": 2,
    "rHWI": 2,
    "rMOT": 0,
    "rAMB": 0,
    "rMMB": 1,
    "rILS": 3,
    "rFE": 1,
    "rDSR": 1,
    "rSLP": 1,
    "rRSP": 1
  }
}