{
  "turn": 6,
  "move": "cxd4",
  "capture": {
    "roll": 15,
    "modifier": 17,
    "total": 32,
    "success": true
  },
  "stats": {
    "rDD": 0,
    "rDS": 0,
    "rOTD": 3,
    "rAST": 1,
    "rULT": 2,
    "rLVS": 0,
    "rLLS": 0,
    "rDFS": 0,
    "rKNB": 2,
    "rCTT": 1,
    "rEVS": 3,
    "rFFD": 0,
    "rFFI": 0,
    "rSNP": 0,
    "rCQT": 2,
    "rBRX": 2,
    "rHWI": 0,
    "rMOT": 0,
    "rAMB": 1,
    "rMMB": 3,
    "rILS": 2,
    "rFE": 1,
    "rDSR": 0,
    "rSLP": 2,
    "rRSP": 1
  }
}