{
  "turn": 6,
  "move": "Nf6",
  "capture": {
    "roll": 13,
    "modifier": 27,
    "total": 40,
    "success": true
  },
  "stats": {
    "rDD": 0,
    "rDS": 0,
    "rOTD": 1,
    "rAST": 0,
    "rULT": 2,
    "rLVS": 0,
    "rLLS": 0,
    "rDFS": 1,
    "rKNB": 1,
    "rCTT": 1,
    "rEVS": 0,
    "rFFD": 1,
    "rFFI": 1,
    "rSNP": 3,
    "rCQT": 1,
    "rBRX": 2,
    "rHWI": 2,
    "rMOT": 0,
    "rAMB": 1,
    "rMMB": 3,
    "rILS": 2,
    "rFE": 0,
    "rDSR": 1,
    "rSLP": 2,
    "rRSP": 1
  }
}