{
  "turn": 6,
  "move": "d5",
  "capture": {
    "roll": 5,
    "modifier": 17,
    "total": 22,
    "success": true
  },
  "stats": {
    "rDD": 4,
    "rDS": 0,
    "rOTD": 1,
    "rAST": 2,
    "rULT": 1,
    "rLVS": 0,
    "rLLS": 0,
    "rDFS": 1,
    "rKNB": 0,
    "rCTT": 3,
    "rEVS": 1,
    "rFFD": 0,
    "rFFI": 1,
    "rSNP": 1,
    "rCQT": 1,
    "rBRX": 0,
    "rHWI": 1,
    "rMOT": 0,
    "rAMB": 0,
    "rMMB": 0,
    "rILS": 3,
    "rFE": 2,
    "rDSR": 2,
    "rSLP": 2,
    "rRSP": 1
  }
}