{
  "team_a": "T001",
  "team_b": "T006",
  "stats": {
    "Rogue": {
      "rDD": 11,
      "rDS": 9,
      "rOTD": 11,
      "rAST": 18,
      "rULT": 8,
      "rLVS": 5,
      "rLLS": 3,
      "rDFS": 6,
      "rKNB": 6,
      "rCTT": 5,
      "rEVS": 12,
      "rFFD": 3,
      "rFFI": 2,
      "rSNP": 12,
      "rCQT": 13,
      "rBRX": 3,
      "rHWI": 6,
      "rMOT": 5,
      "rAMB": 3,
      "rMMB": 10,
      "rILS": 7,
      "rFE": 8,
      "rDSR": 6,
      "rSLP": 7,
      "rRSP": 4
    },
    "Punisher": {
      "rDD": 20,
      "rDS": 10,
      "rOTD": 17,
      "rAST": 7,
      "rULT": 7,
      "rLVS": 4,
      "rLLS": 3,
      "rDFS": 9,
      "rKNB": 8,
      "rCTT": 6,
      "rEVS": 10,
      "rFFD": 1,
      "rFFI": 2,
      "rSNP": 8,
      "rCQT": 9,
      "rBRX": 8,
      "rHWI": 5,
      "rMOT": 2,
      "rAMB": 4,
      "rMMB": 6,
      "rILS": 6,
      "rFE": 10,
      "rDSR": 3,
      "rSLP": 10,
      "rRSP": 5
    },
    "Doctor Strange": {
      "rDD": 21,
      "rDS": 8,
      "rOTD": 18,
      "rAST": 10,
      "rULT": 4,
      "rLVS": 4,
      "rLLS": 2,
      "rDFS": 7,
      "rKNB": 7,
      "rCTT": 13,
      "rEVS": 19,
      "rFFD": 2,
      "rFFI": 4,
      "rSNP": 9,
      "rCQT": 13,
      "rBRX": 2,
      "rHWI": 5,
      "rMOT": 2,
      "rAMB": 4,
      "rMMB": 7,
      "rILS": 10,
      "rFE": 5,
      "rDSR": 6,
      "rSLP": 9,
      "rRSP": 4
    },
    "Sentry": {
      "rDD": 21,
      "rDS": 9,
      "rOTD": 21,
      "rAST": 21,
      "rULT": 7,
      "rLVS": 5,
      "rLLS": 4,
      "rDFS": 5,
      "rKNB": 4,
      "rCTT": 10,
      "rEVS": 13,
      "rFFD": 0,
      "rFFI": 3,
      "rSNP": 7,
      "rCQT": 9,
      "rBRX": 6,
      "rHWI": 5,
      "rMOT": 4,
      "rAMB": 2,
      "rMMB": 10,
      "rILS": 11,
      "rFE": 4,
      "rDSR": 2,
      "rSLP": 6,
      "rRSP": 7
    },
    "Shang-Chi": {
      "rDD": 14,
      "rDS": 5,
      "rOTD": 20,
      "rAST": 7,
      "rULT": 6,
      "rLVS": 1,
      "rLLS": 3,
      "rDFS": 5,
      "rKNB": 7,
      "rCTT": 13,
      "rEVS": 10,
      "rFFD": 4,
      "rFFI": 4,
      "rSNP": 4,
      "rCQT": 4,
      "rBRX": 6,
      "rHWI": 7,
      "rMOT": 2,
      "rAMB": 2,
      "rMMB": 10,
      "rILS": 5,
      "rFE": 2,
      "rDSR": 7,
      "rSLP": 6,
      "rRSP": 6
    },
    "Sage": {
      "rDD": 15,
      "rDS": 10,
      "rOTD": 18,
      "rAST": 9,
      "rULT": 6,
      "rLVS": 3,
      "rLLS": 2,
      "rDFS": 2,
      "rKNB": 3,
      "rCTT": 7,
      "rEVS": 20,
      "rFFD": 5,
      "rFFI": 3,
      "rSNP": 13,
      "rCQT": 7,
      "rBRX": 9,
      "rHWI": 9,
      "rMOT": 4,
      "rAMB": 5,
      "rMMB": 7,
      "rILS": 9,
      "rFE": 6,
      "rDSR": 7,
      "rSLP": 6,
      "rRSP": 3
    },
    "Emma Frost": {
      "rDD": 11,
      "rDS": 12,
      "rOTD": 16,
      "rAST": 13,
      "rULT": 5,
      "rLVS": 3,
      "rLLS": 3,
      "rDFS": 5,
      "rKNB": 10,
      "rCTT": 11,
      "rEVS": 19,
      "rFFD": 3,
      "rFFI": 3,
      "rSNP": 10,
      "rCQT": 10,
      "rBRX": 6,
      "rHWI": 4,
      "rMOT": 3,
      "rAMB": 4,
      "rMMB": 8,
      "rILS": 7,
      "rFE": 8,
      "rDSR": 4,
      "rSLP": 6,
      "rRSP": 7
    },
    "Jean Grey (Phoenix)": {
      "rDD": 20,
      "rDS": 8,
      "rOTD": 16,
      "rAST": 13,
      "rULT": 6,
      "rLVS": 2,
      "rLLS": 2,
      "rDFS": 10,
      "rKNB": 2,
      "rCTT": 7,
      "rEVS": 18,
      "rFFD": 3,
      "rFFI": 4,
      "rSNP": 11,
      "rCQT": 4,
      "rBRX": 4,
      "rHWI": 9,
      "rMOT": 2,
      "rAMB": 3,
      "rMMB": 7,
      "rILS": 13,
      "rFE": 5,
      "rDSR": 4,
      "rSLP": 7,
      "rRSP": 4
    },
    "Brawn (Totally Awesome Hulk)": {
      "rDD": 18,
      "rDS": 10,
      "rOTD": 14,
      "rAST": 9,
      "rULT": 5,
      "rLVS": 4,
      "rLLS": 2,
      "rDFS": 5,
      "rKNB": 5,
      "rCTT": 4,
      "rEVS": 9,
      "rFFD": 2,
      "rFFI": 1,
      "rSNP": 9,
      "rCQT": 12,
      "rBRX": 5,
      "rHWI": 7,
      "rMOT": 5,
      "rAMB": 2,
      "rMMB": 8,
      "rILS": 10,
      "rFE": 7,
      "rDSR": 4,
      "rSLP": 4,
      "rRSP": 6
    },
    "Domino": {
      "rDD": 19,
      "rDS": 4,
      "rOTD": 18,
      "rAST": 12,
      "rULT": 5,
      "rLVS": 2,
      "rLLS": 4,
      "rDFS": 5,
      "rKNB": 4,
      "rCTT": 10,
      "rEVS": 15,
      "rFFD": 2,
      "rFFI": 5,
      "rSNP": 14,
      "rCQT": 6,
      "rBRX": 8,
      "rHWI": 5,
      "rMOT": 5,
      "rAMB": 4,
      "rMMB": 12,
      "rILS": 10,
      "rFE": 2,
      "rDSR": 4,
      "rSLP": 4,
      "rRSP": 3
    },
    "Hawkeye": {
      "rDD": 8,
      "rDS": 11,
      "rOTD": 28,
      "rAST": 13,
      "rULT": 7,
      "rLVS": 2,
      "rLLS": 2,
      "rDFS": 5,
      "rKNB": 4,
      "rCTT": 8,
      "rEVS": 10,
      "rFFD": 2,
      "rFFI": 2,
      "rSNP": 8,
      "rCQT": 7,
      "rBRX": 6,
      "rHWI": 7,
      "rMOT": 3,
      "rAMB": 4,
      "rMMB": 11,
      "rILS": 6,
      "rFE": 3,
      "rDSR": 7,
      "rSLP": 7,
      "rRSP": 8
    },
    "Magik": {
      "rDD": 20,
      "rDS": 5,
      "rOTD": 15,
      "rAST": 13,
      "rULT": 5,
      "rLVS": 3,
      "rLLS": 2,
      "rDFS": 2,
      "rKNB": 6,
      "rCTT": 10,
      "rEVS": 17,
      "rFFD": 3,
      "rFFI": 2,
      "rSNP": 10,
      "rCQT": 8,
      "rBRX": 9,
      "rHWI": 4,
      "rMOT": 4,
      "rAMB": 3,
      "rMMB": 4,
      "rILS": 10,
      "rFE": 5,
      "rDSR": 5,
      "rSLP": 5,
      "rRSP": 5
    },
    "Cable": {
      "rDD": 10,
      "rDS": 7,
      "rOTD": 24,
      "rAST": 9,
      "rULT": 4,
      "rLVS": 2,
      "rLLS": 1,
      "rDFS": 7,
      "rKNB": 4,
      "rCTT": 7,
      "rEVS": 11,
      "rFFD": 2,
      "rFFI": 2,
      "rSNP": 12,
      "rCQT": 11,
      "rBRX": 9,
      "rHWI": 6,
      "rMOT": 1,
      "rAMB": 1,
      "rMMB": 9,
      "rILS": 8,
      "rFE": 5,
      "rDSR": 4,
      "rSLP": 6,
      "rRSP": 6
    },
    "The Human Torch": {
      "rDD": 10,
      "rDS": 8,
      "rOTD": 18,
      "rAST": 9,
      "rULT": 10,
      "rLVS": 0,
      "rLLS": 5,
      "rDFS": 8,
      "rKNB": 7,
      "rCTT": 8,
      "rEVS": 11,
      "rFFD": 2,
      "rFFI": 2,
      "rSNP": 9,
      "rCQT": 13,
      "rBRX": 6,
      "rHWI": 8,
      "rMOT": 4,
      "rAMB": 5,
      "rMMB": 12,
      "rILS": 7,
      "rFE": 8,
      "rDSR": 5,
      "rSLP": 5,
      "rRSP": 7
    },
    "Iceman": {
      "rDD": 10,
      "rDS": 13,
      "rOTD": 23,
      "rAST": 11,
      "rULT": 10,
      "rLVS": 3,
      "rLLS": 1,
      "rDFS": 7,
      "rKNB": 6,
      "rCTT": 7,
      "rEVS": 15,
      "rFFD": 5,
      "rFFI": 1,
      "rSNP": 8,
      "rCQT": 12,
      "rBRX": 9,
      "rHWI": 3,
      "rMOT": 2,
      "rAMB": 6,
      "rMMB": 7,
      "rILS": 12,
      "rFE": 5,
      "rDSR": 9,
      "rSLP": 8,
      "rRSP": 7
    },
    "Thor": {
      "rDD": 17,
      "rDS": 10,
      "rOTD": 20,
      "rAST": 14,
      "rULT": 6,
      "rLVS": 4,
      "rLLS": 4,
      "rDFS": 5,
      "rKNB": 5,
      "rCTT": 9,
      "rEVS": 15,
      "rFFD": 3,
      "rFFI": 1,
      "rSNP": 14,
      "rCQT": 13,
      "rBRX": 5,
      "rHWI": 7,
      "rMOT": 3,
      "rAMB": 3,
      "rMMB": 13,
      "rILS": 5,
      "rFE": 7,
      "rDSR": 3,
      "rSLP": 2,
      "rRSP": 1
    },
    "Hulkling (Teddy Altman)": {
      "rDD": 13,
      "rDS": 12,
      "rOTD": 23,
      "rAST": 10,
      "rULT": 6,
      "rLVS": 3,
      "rLLS": 4,
      "rDFS": 7,
      "rKNB": 3,
      "rCTT": 4,
      "rEVS": 21,
      "rFFD": 2,
      "rFFI": 1,
      "rSNP": 12,
      "rCQT": 9,
      "rBRX": 3,
      "rHWI": 5,
      "rMOT": 1,
      "rAMB": 2,
      "rMMB": 9,
      "rILS": 9,
      "rFE": 5,
      "rDSR": 7,
      "rSLP": 7,
      "rRSP": 8
    },
    "Squirrel Girl": {
      "rDD": 15,
      "rDS": 7,
      "rOTD": 14,
      "rAST": 13,
      "rULT": 6,
      "rLVS": 1,
      "rLLS": 3,
      "rDFS": 6,
      "rKNB": 6,
      "rCTT": 8,
      "rEVS": 13,
      "rFFD": 2,
      "rFFI": 3,
      "rSNP": 9,
      "rCQT": 10,
      "rBRX": 6,
      "rHWI": 5,
      "rMOT": 0,
      "rAMB": 5,
      "rMMB": 9,
      "rILS": 6,
      "rFE": 6,
      "rDSR": 5,
      "rSLP": 4,
      "rRSP": 6
    },
    "Morph": {
      "rDD": 11,
      "rDS": 9,
      "rOTD": 11,
      "rAST": 18,
      "rULT": 1,
      "rLVS": 3,
      "rLLS": 4,
      "rDFS": 6,
      "rKNB": 8,
      "rCTT": 9,
      "rEVS": 18,
      "rFFD": 4,
      "rFFI": 2,
      "rSNP": 7,
      "rCQT": 7,
      "rBRX": 8,
      "rHWI": 6,
      "rMOT": 3,
      "rAMB": 2,
      "rMMB": 8,
      "rILS": 8,
      "rFE": 3,
      "rDSR": 6,
      "rSLP": 7,
      "rRSP": 10
    },
    "Hyperion": {
      "rDD": 16,
      "rDS": 9,
      "rOTD": 15,
      "rAST": 16,
      "rULT": 6,
      "rLVS": 0,
      "rLLS": 5,
      "rDFS": 6,
      "rKNB": 4,
      "rCTT": 10,
      "rEVS": 15,
      "rFFD": 1,
      "rFFI": 4,
      "rSNP": 8,
      "rCQT": 9,
      "rBRX": 8,
      "rHWI": 5,
      "rMOT": 2,
      "rAMB": 4,
      "rMMB": 12,
      "rILS": 11,
      "rFE": 2,
      "rDSR": 7,
      "rSLP": 7,
      "rRSP": 3
    },
    "Deadpool": {
      "rDD": 24,
      "rDS": 9,
      "rOTD": 20,
      "rAST": 16,
      "rULT": 9,
      "rLVS": 5,
      "rLLS": 4,
      "rDFS": 7,
      "rKNB": 5,
      "rCTT": 10,
      "rEVS": 15,
      "rFFD": 2,
      "rFFI": 2,
      "rSNP": 9,
      "rCQT": 10,
      "rBRX": 8,
      "rHWI": 6,
      "rMOT": 2,
      "rAMB": 4,
      "rMMB": 11,
      "rILS": 10,
      "rFE": 10,
      "rDSR": 7,
      "rSLP": 4,
      "rRSP": 6
    },
    "Gamora": {
      "rDD": 6,
      "rDS": 14,
      "rOTD": 17,
      "rAST": 13,
      "rULT": 10,
      "rLVS": 3,
      "rLLS": 3,
      "rDFS": 2,
      "rKNB": 5,
      "rCTT": 9,
      "rEVS": 11,
      "rFFD": 5,
      "rFFI": 1,
      "rSNP": 9,
      "rCQT": 13,
      "rBRX": 12,
      "rHWI": 5,
      "rMOT": 3,
      "rAMB": 2,
      "rMMB": 8,
      "rILS": 4,
      "rFE": 6,
      "rDSR": 5,
      "rSLP": 6,
      "rRSP": 7
    },
    "Kang the Conqueror": {
      "rDD": 25,
      "rDS": 13,
      "rOTD": 13,
      "rAST": 14,
      "rULT": 7,
      "rLVS": 2,
      "rLLS": 2,
      "rDFS": 4,
      "rKNB": 7,
      "rCTT": 8,
      "rEVS": 11,
      "rFFD": 3,
      "rFFI": 5,
      "rSNP": 14,
      "rCQT": 11,
      "rBRX": 4,
      "rHWI": 8,
      "rMOT": 1,
      "rAMB": 3,
      "rMMB": 10,
      "rILS": 10,
      "rFE": 8,
      "rDSR": 8,
      "rSLP": 9,
      "rRSP": 3
    },
    "Rocket Racoon": {
      "rDD": 13,
      "rDS": 12,
      "rOTD": 14,
      "rAST": 13,
      "rULT": 9,
      "rLVS": 5,
      "rLLS": 0,
      "rDFS": 7,
      "rKNB": 7,
      "rCTT": 6,
      "rEVS": 15,
      "rFFD": 3,
      "rFFI": 1,
      "rSNP": 9,
      "rCQT": 11,
      "rBRX": 4,
      "rHWI": 8,
      "rMOT": 3,
      "rAMB": 3,
      "rMMB": 9,
      "rILS": 6,
      "rFE": 8,
      "rDSR": 7,
      "rSLP": 5,
      "rRSP": 6
    }
  },
  "status": "complete"
}