{
  "turn": 6,
  "move": "a6",
  "capture": {
    "roll": 9,
    "modifier": 17,
    "total": 26,
    "success": true
  },
  "stats": {
    "rDD": 0,
    "rDS": 0,
    "rOTD": 0,
    "rAST": 3,
    "rULT": 1,
    "rLVS": 1,
    "rLLS": 1,
    "rDFS": 1,
    "rKNB": 2,
    "rCTT": 2,
    "rEVS": 0,
    "rFFD": 0,
    "rFFI": 1,
    "rSNP": 0,
    "rCQT": 0,
    "rBRX": 1,
    "rHWI": 0,
    "rMOT": 0,
    "rAMB": 0,
    "rMMB": 2,
    "rILS": 3,
    "rFE": 2,
    "rDSR": 1,
    "rSLP": 0,
    "rRSP": 2
  }
}