{
  "turn": 6,
  "move": "g6",
  "capture": {
    "roll": 14,
    "modifier": 17,
    "total": 31,
    "success": true
  },
  "stats": {
    "rDD": 3,
    "rDS": 3,
    "rOTD": 4,
    "rAST": 3,
    "rULT": 0,
    "rLVS": 0,
    "rLLS": 0,
    "rDFS": 1,
    "rKNB": 0,
    "rCTT": 2,
    "rEVS": 4,
    "rFFD": 1,
    "rFFI": 0,
    "rSNP": 2,
    "rCQT": 3,
    "rBRX": 1,
    "rHWI": 1,
    "rMOT": 1,
    "rAMB": 0,
    "rMMB": 1,
    "rILS": 3,
    "rFE": 0,
    "rDSR": 1,
    "rSLP": 1,
    "rRSP": 0
  }
}