{
  "turn": 6,
  "move": "e5",
  "capture": {
    "roll": 13,
    "modifier": 17,
    "total": 30,
    "success": true
  },
  "stats": {
    "rDD": 3,
    "rDS": 2,
    "rOTD": 5,
    "rAST": 2,
    "rULT": 1,
    "rLVS": 1,
    "rLLS": 0,
    "rDFS": 1,
    "rKNB": 1,
    "rCTT": 0,
    "rEVS": 4,
    "rFFD": 1,
    "rFFI": 0,
    "rSNP": 2,
    "rCQT": 1,
    "rBRX": 1,
    "rHWI": 2,
    "rMOT": 1,
    "rAMB": 1,
    "rMMB": 0,
    "rILS": 0,
    "rFE": 2,
    "rDSR": 0,
    "rSLP": 1,
    "rRSP": 1
  }
}