{
  "team_a": "T001",
  "team_b": "T006",
  "stats": {
    "Rogue": {
      "rDD": 16,
      "rDS": 14,
      "rOTD": 10,
      "rAST": 14,
      "rULT": 11,
      "rLVS": 5,
      "rLLS": 2,
      "rDFS": 6,
      "rKNB": 5,
      "rCTT": 12,
      "rEVS": 15,
      "rFFD": 3,
      "rFFI": 3,
      "rSNP": 10,
      "rCQT": 7,
      "rBRX": 1,
      "rHWI": 6,
      "rMOT": 2,
      "rAMB": 2,
      "rMMB": 7,
      "rILS": 13,
      "rFE": 8,
      "rDSR": 6,
      "rSLP": 7,
      "rRSP": 10
    },
    "Domino": {
      "rDD": 15,
      "rDS": 7,
      "rOTD": 20,
      "rAST": 13,
      "rULT": 8,
      "rLVS": 4,
      "rLLS": 4,
      "rDFS": 8,
      "rKNB": 7,
      "rCTT": 8,
      "rEVS": 9,
      "rFFD": 2,
      "rFFI": 4,
      "rSNP": 9,
      "rCQT": 8,
      "rBRX": 3,
      "rHWI": 4,
      "rMOT": 4,
      "rAMB": 4,
      "rMMB": 9,
      "rILS": 11,
      "rFE": 6,
      "rDSR": 6,
      "rSLP": 4,
      "rRSP": 7
    },
    "Magik": {
      "rDD": 8,
      "rDS": 10,
      "rOTD": 10,
      "rAST": 13,
      "rULT": 3,
      "rLVS": 4,
      "rLLS": 3,
      "rDFS": 8,
      "rKNB": 6,
      "rCTT": 10,
      "rEVS": 6,
      "rFFD": 6,
      "rFFI": 2,
      "rSNP": 17,
      "rCQT": 10,
      "rBRX": 6,
      "rHWI": 8,
      "rMOT": 1,
      "rAMB": 3,
      "rMMB": 6,
      "rILS": 8,
      "rFE": 5,
      "rDSR": 5,
      "rSLP": 10,
      "rRSP": 4
    },
    "Colossus": {
      "rDD": 10,
      "rDS": 10,
      "rOTD": 26,
      "rAST": 15,
      "rULT": 4,
      "rLVS": 4,
      "rLLS": 4,
      "rDFS": 8,
      "rKNB": 8,
      "rCTT": 18,
      "rEVS": 20,
      "rFFD": 5,
      "rFFI": 5,
      "rSNP": 8,
      "rCQT": 10,
      "rBRX": 6,
      "rHWI": 0,
      "rMOT": 3,
      "rAMB": 4,
      "rMMB": 11,
      "rILS": 9,
      "rFE": 6,
      "rDSR": 5,
      "rSLP": 4,
      "rRSP": 4
    },
    "Gambit": {
      "rDD": 16,
      "rDS": 10,
      "rOTD": 22,
      "rAST": 8,
      "rULT": 8,
      "rLVS": 2,
      "rLLS": 3,
      "rDFS": 9,
      "rKNB": 7,
      "rCTT": 9,
      "rEVS": 15,
      "rFFD": 2,
      "rFFI": 2,
      "rSNP": 11,
      "rCQT": 11,
      "rBRX": 7,
      "rHWI": 4,
      "rMOT": 1,
      "rAMB": 4,
      "rMMB": 9,
      "rILS": 11,
      "rFE": 6,
      "rDSR": 6,
      "rSLP": 8,
      "rRSP": 6
    },
    "Doctor Strange": {
      "rDD": 10,
      "rDS": 10,
      "rOTD": 14,
      "rAST": 7,
      "rULT": 4,
      "rLVS": 1,
      "rLLS": 3,
      "rDFS": 5,
      "rKNB": 8,
      "rCTT": 9,
      "rEVS": 12,
      "rFFD": 4,
      "rFFI": 2,
      "rSNP": 12,
      "rCQT": 9,
      "rBRX": 4,
      "rHWI": 6,
      "rMOT": 3,
      "rAMB": 3,
      "rMMB": 9,
      "rILS": 8,
      "rFE": 7,
      "rDSR": 8,
      "rSLP": 5,
      "rRSP": 3
    },
    "Emma Frost": {
      "rDD": 17,
      "rDS": 9,
      "rOTD": 13,
      "rAST": 13,
      "rULT": 5,
      "rLVS": 4,
      "rLLS": 3,
      "rDFS": 3,
      "rKNB": 2,
      "rCTT": 11,
      "rEVS": 10,
      "rFFD": 3,
      "rFFI": 3,
      "rSNP": 8,
      "rCQT": 7,
      "rBRX": 3,
      "rHWI": 5,
      "rMOT": 4,
      "rAMB": 1,
      "rMMB": 8,
      "rILS": 11,
      "rFE": 6,
      "rDSR": 8,
      "rSLP": 10,
      "rRSP": 7
    },
    "Jean Grey (Phoenix)": {
      "rDD": 12,
      "rDS": 14,
      "rOTD": 25,
      "rAST": 13,
      "rULT": 9,
      "rLVS": 4,
      "rLLS": 0,
      "rDFS": 7,
      "rKNB": 5,
      "rCTT": 10,
      "rEVS": 9,
      "rFFD": 3,
      "rFFI": 4,
      "rSNP": 10,
      "rCQT": 9,
      "rBRX": 5,
      "rHWI": 3,
      "rMOT": 3,
      "rAMB": 2,
      "rMMB": 7,
      "rILS": 11,
      "rFE": 3,
      "rDSR": 8,
      "rSLP": 6,
      "rRSP": 7
    },
    "Thor": {
      "rDD": 8,
      "rDS": 9,
      "rOTD": 12,
      "rAST": 12,
      "rULT": 4,
      "rLVS": 1,
      "rLLS": 4,
      "rDFS": 4,
      "rKNB": 8,
      "rCTT": 7,
      "rEVS": 10,
      "rFFD": 3,
      "rFFI": 5,
      "rSNP": 11,
      "rCQT": 4,
      "rBRX": 3,
      "rHWI": 5,
      "rMOT": 2,
      "rAMB": 1,
      "rMMB": 8,
      "rILS": 14,
      "rFE": 7,
      "rDSR": 4,
      "rSLP": 6,
      "rRSP": 5
    },
    "Deadpool": {
      "rDD": 16,
      "rDS": 8,
      "rOTD": 21,
      "rAST": 10,
      "rULT": 8,
      "rLVS": 3,
      "rLLS": 3,
      "rDFS": 6,
      "rKNB": 8,
      "rCTT": 12,
      "rEVS": 20,
      "rFFD": 0,
      "rFFI": 0,
      "rSNP": 12,
      "rCQT": 5,
      "rBRX": 4,
      "rHWI": 5,
      "rMOT": 4,
      "rAMB": 2,
      "rMMB": 10,
      "rILS": 10,
      "rFE": 6,
      "rDSR": 6,
      "rSLP": 4,
      "rRSP": 4
    },
    "Wolverine": {
      "rDD": 18,
      "rDS": 6,
      "rOTD": 25,
      "rAST": 7,
      "rULT": 5,
      "rLVS": 4,
      "rLLS": 2,
      "rDFS": 7,
      "rKNB": 6,
      "rCTT": 6,
      "rEVS": 21,
      "rFFD": 3,
      "rFFI": 2,
      "rSNP": 13,
      "rCQT": 10,
      "rBRX": 6,
      "rHWI": 6,
      "rMOT": 4,
      "rAMB": 3,
      "rMMB": 4,
      "rILS": 8,
      "rFE": 10,
      "rDSR": 3,
      "rSLP": 6,
      "rRSP": 3
    },
    "She-Hulk": {
      "rDD": 14,
      "rDS": 3,
      "rOTD": 17,
      "rAST": 14,
      "rULT": 5,
      "rLVS": 1,
      "rLLS": 3,
      "rDFS": 6,
      "rKNB": 2,
      "rCTT": 9,
      "rEVS": 16,
      "rFFD": 2,
      "rFFI": 4,
      "rSNP": 11,
      "rCQT": 6,
      "rBRX": 8,
      "rHWI": 5,
      "rMOT": 3,
      "rAMB": 4,
      "rMMB": 7,
      "rILS": 5,
      "rFE": 7,
      "rDSR": 6,
      "rSLP": 6,
      "rRSP": 1
    },
    "Iceman": {
      "rDD": 13,
      "rDS": 10,
      "rOTD": 17,
      "rAST": 11,
      "rULT": 6,
      "rLVS": 4,
      "rLLS": 3,
      "rDFS": 5,
      "rKNB": 7,
      "rCTT": 9,
      "rEVS": 15,
      "rFFD": 5,
      "rFFI": 3,
      "rSNP": 9,
      "rCQT": 8,
      "rBRX": 4,
      "rHWI": 6,
      "rMOT": 2,
      "rAMB": 3,
      "rMMB": 8,
      "rILS": 8,
      "rFE": 5,
      "rDSR": 2,
      "rSLP": 5,
      "rRSP": 6
    },
    "Rocket Racoon": {
      "rDD": 21,
      "rDS": 12,
      "rOTD": 19,
      "rAST": 14,
      "rULT": 5,
      "rLVS": 2,
      "rLLS": 3,
      "rDFS": 6,
      "rKNB": 6,
      "rCTT": 8,
      "rEVS": 16,
      "rFFD": 5,
      "rFFI": 4,
      "rSNP": 12,
      "rCQT": 9,
      "rBRX": 5,
      "rHWI": 4,
      "rMOT": 3,
      "rAMB": 1,
      "rMMB": 7,
      "rILS": 12,
      "rFE": 5,
      "rDSR": 4,
      "rSLP": 7,
      "rRSP": 4
    },
    "Kid Omega": {
      "rDD": 9,
      "rDS": 7,
      "rOTD": 19,
      "rAST": 7,
      "rULT": 4,
      "rLVS": 3,
      "rLLS": 4,
      "rDFS": 5,
      "rKNB": 8,
      "rCTT": 10,
      "rEVS": 13,
      "rFFD": 2,
      "rFFI": 4,
      "rSNP": 4,
      "rCQT": 11,
      "rBRX": 4,
      "rHWI": 2,
      "rMOT": 2,
      "rAMB": 2,
      "rMMB": 9,
      "rILS": 10,
      "rFE": 5,
      "rDSR": 3,
      "rSLP": 5,
      "rRSP": 6
    },
    "Wonder Man": {
      "rDD": 8,
      "rDS": 3,
      "rOTD": 22,
      "rAST": 9,
      "rULT": 5,
      "rLVS": 5,
      "rLLS": 4,
      "rDFS": 5,
      "rKNB": 5,
      "rCTT": 13,
      "rEVS": 28,
      "rFFD": 3,
      "rFFI": 2,
      "rSNP": 12,
      "rCQT": 8,
      "rBRX": 7,
      "rHWI": 3,
      "rMOT": 4,
      "rAMB": 1,
      "rMMB": 8,
      "rILS": 11,
      "rFE": 7,
      "rDSR": 5,
      "rSLP": 6,
      "rRSP": 10
    }
  },
  "status": "complete"
}