{
  "turn": 6,
  "move": "a6",
  "capture": {
    "roll": 7,
    "modifier": 17,
    "total": 24,
    "success": true
  },
  "stats": {
    "rDD": 0,
    "rDS": 1,
    "rOTD": 1,
    "rAST": 3,
    "rULT": 0,
    "rLVS": 1,
    "rLLS": 1,
    "rDFS": 1,
    "rKNB": 2,
    "rCTT": 1,
    "rEVS": 1,
    "rFFD": 0,
    "rFFI": 1,
    "rSNP": 2,
    "rCQT": 3,
    "rBRX": 1,
    "rHWI": 0,
    "rMOT": 0,
    "rAMB": 1,
    "rMMB": 1,
    "rILS": 1,
    "rFE": 0,
    "rDSR": 2,
    "rSLP": 0,
    "rRSP": 1
  }
}