{
  "turn": 6,
  "move": "d6",
  "capture": {
    "roll": 3,
    "modifier": 17,
    "total": 20,
    "success": true
  },
  "stats": {
    "rDD": 4,
    "rDS": 3,
    "rOTD": 6,
    "rAST": 0,
    "rULT": 0,
    "rLVS": 0,
    "rLLS": 0,
    "rDFS": 1,
    "rKNB": 0,
    "rCTT": 0,
    "rEVS": 0,
    "rFFD": 0,
    "rFFI": 1,
    "rSNP": 3,
    "rCQT": 3,
    "rBRX": 2,
    "rHWI": 2,
    "rMOT": 1,
    "rAMB": 0,
    "rMMB": 3,
    "rILS": 3,
    "rFE": 1,
    "rDSR": 2,
    "rSLP": 1,
    "rRSP": 2
  }
}