[
  {
    "turn": 1,
    "move": "e4",
    "capture": {
      "roll": 18,
      "modifier": 17,
      "total": 35,
      "success": true
    },
    "stats": {
      "rOTD": 1,
      "rAST": 1,
      "rEVS": 1
    }
  },
  {
    "turn": 2,
    "move": "c5",
    "capture": {
      "roll": 13,
      "modifier": 17,
      "total": 30,
      "success": true
    },
    "stats": {
      "rOTD": 1,
      "rAST": 1,
      "rEVS": 1
    }
  },
  {
    "turn": 3,
    "move": "Nf3",
    "capture": {
      "roll": 3,
      "modifier": 17,
      "total": 20,
      "success": true
    },
    "stats": {
      "rOTD": 1,
      "rAST": 0,
      "rEVS": 0
    }
  },
  {
    "turn": 4,
    "move": "d6",
    "capture": {
      "roll": 16,
      "modifier": 17,
      "total": 33,
      "success": true
    },
    "stats": {
      "rOTD": 1,
      "rAST": 1,
      "rEVS": 1
    }
  },
  {
    "turn": 5,
    "move": "d4",
    "capture": {
      "roll": 11,
      "modifier": 17,
      "total": 28,
      "success": true
    },
    "stats": {
      "rOTD": 1,
      "rAST": 1,
      "rEVS": 1
    }
  },
  {
    "turn": 6,
    "move": "cxd4",
    "capture": {
      "roll": 6,
      "modifier": 17,
      "total": 23,
      "success": true
    },
    "stats": {
      "rOTD": 1,
      "rAST": 0,
      "rEVS": 1
    }
  },
  {
    "turn": 1,
    "move": "e4",
    "capture": {
      "roll": 7,
      "modifier": 17,
      "total": 24,
      "success": true
    },
    "stats": {
      "rDD": 2,
      "rDS": 3,
      "rOTD": 2,
      "rAST": 4,
      "rULT": 0,
      "rLVS": 0,
      "rLLS": 1,
      "rDFS": 0,
      "rKNB": 1,
      "rCTT": 1,
      "rEVS": 5,
      "rFFD": 1,
      "rFFI": 1,
      "rSNP": 0,
      "rCQT": 0,
      "rBRX": 1,
      "rHWI": 2,
      "rMOT": 0,
      "rAMB": 0,
      "rMMB": 3,
      "rILS": 2,
      "rFE": 2,
      "rDSR": 2,
      "rSLP": 2,
      "rRSP": 2
    }
  },
  {
    "turn": 2,
    "move": "c5",
    "capture": {
      "roll": 2,
      "modifier": 17,
      "total": 19,
      "success": false
    },
    "stats": {
      "rDD": 3,
      "rDS": 0,
      "rOTD": 6,
      "rAST": 2,
      "rULT": 2,
      "rLVS": 1,
      "rLLS": 0,
      "rDFS": 1,
      "rKNB": 2,
      "rCTT": 0,
      "rEVS": 2,
      "rFFD": 0,
      "rFFI": 1,
      "rSNP": 0,
      "rCQT": 3,
      "rBRX": 0,
      "rHWI": 2,
      "rMOT": 1,
      "rAMB": 1,
      "rMMB": 3,
      "rILS": 3,
      "rFE": 1,
      "rDSR": 1,
      "rSLP": 2,
      "rRSP": 0
    }
  },
  {
    "turn": 3,
    "move": "Nf3",
    "capture": {
      "roll": 11,
      "modifier": 17,
      "total": 28,
      "success": true
    },
    "stats": {
      "rDD": 1,
      "rDS": 2,
      "rOTD": 1,
      "rAST": 4,
      "rULT": 0,
      "rLVS": 0,
      "rLLS": 0,
      "rDFS": 2,
      "rKNB": 1,
      "rCTT": 2,
      "rEVS": 1,
      "rFFD": 1,
      "rFFI": 1,
      "rSNP": 1,
      "rCQT": 1,
      "rBRX": 1,
      "rHWI": 0,
      "rMOT": 0,
      "rAMB": 1,
      "rMMB": 0,
      "rILS": 2,
      "rFE": 2,
      "rDSR": 1,
      "rSLP": 1,
      "rRSP": 2
    }
  },
  {
    "turn": 4,
    "move": "Nc6",
    "capture": {
      "roll": 18,
      "modifier": 17,
      "total": 35,
      "success": true
    },
    "stats": {
      "rDD": 5,
      "rDS": 2,
      "rOTD": 3,
      "rAST": 0,
      "rULT": 1,
      "rLVS": 1,
      "rLLS": 1,
      "rDFS": 1,
      "rKNB": 2,
      "rCTT": 3,
      "rEVS": 4,
      "rFFD": 0,
      "rFFI": 1,
      "rSNP": 1,
      "rCQT": 0,
      "rBRX": 2,
      "rHWI": 1,
      "rMOT": 1,
      "rAMB": 1,
      "rMMB": 3,
      "rILS": 3,
      "rFE": 2,
      "rDSR": 1,
      "rSLP": 2,
      "rRSP": 1
    }
  },
  {
    "turn": 5,
    "move": "Nc3",
    "capture": {
      "roll": 15,
      "modifier": 17,
      "total": 32,
      "success": true
    },
    "stats": {
      "rDD": 5,
      "rDS": 2,
      "rOTD": 3,
      "rAST": 0,
      "rULT": 1,
      "rLVS": 1,
      "rLLS": 0,
      "rDFS": 2,
      "rKNB": 2,
      "rCTT": 2,
      "rEVS": 2,
      "rFFD": 1,
      "rFFI": 0,
      "rSNP": 2,
      "rCQT": 1,
      "rBRX": 0,
      "rHWI": 1,
      "rMOT": 0,
      "rAMB": 0,
      "rMMB": 3,
      "rILS": 3,
      "rFE": 1,
      "rDSR": 1,
      "rSLP": 0,
      "rRSP": 2
    }
  },
  {
    "turn": 6,
    "move": "e5",
    "capture": {
      "roll": 9,
      "modifier": 17,
      "total": 26,
      "success": true
    },
    "stats": {
      "rDD": 3,
      "rDS": 0,
      "rOTD": 0,
      "rAST": 0,
      "rULT": 0,
      "rLVS": 0,
      "rLLS": 1,
      "rDFS": 1,
      "rKNB": 1,
      "rCTT": 0,
      "rEVS": 3,
      "rFFD": 0,
      "rFFI": 0,
      "rSNP": 1,
      "rCQT": 0,
      "rBRX": 1,
      "rHWI": 2,
      "rMOT": 1,
      "rAMB": 0,
      "rMMB": 1,
      "rILS": 0,
      "rFE": 2,
      "rDSR": 0,
      "rSLP": 1,
      "rRSP": 2
    }
  }
]