{
  "turn": 6,
  "move": "cxd4",
  "capture": {
    "roll": 5,
    "modifier": 17,
    "total": 22,
    "success": true
  },
  "stats": {
    "rDD": 0,
    "rDS": 0,
    "rOTD": 3,
    "rAST": 1,
    "rULT": 0,
    "rLVS": 0,
    "rLLS": 0,
    "rDFS": 2,
    "rKNB": 1,
    "rCTT": 1,
    "rEVS": 1,
    "rFFD": 1,
    "rFFI": 0,
    "rSNP": 2,
    "rCQT": 0,
    "rBRX": 0,
    "rHWI": 2,
    "rMOT": 0,
    "rAMB": 1,
    "rMMB": 1,
    "rILS": 1,
    "rFE": 1,
    "rDSR": 0,
    "rSLP": 1,
    "rRSP": 0
  }
}