{
  "turn": 6,
  "move": "a6",
  "capture": {
    "roll": 6,
    "modifier": 33,
    "total": 39,
    "success": true
  },
  "stats": {
    "rDD": 2,
    "rDS": 0,
    "rOTD": 6,
    "rAST": 4,
    "rULT": 2,
    "rLVS": 1,
    "rLLS": 0,
    "rDFS": 1,
    "rKNB": 0,
    "rCTT": 1,
    "rEVS": 3,
    "rFFD": 1,
    "rFFI": 1,
    "rSNP": 1,
    "rCQT": 0,
    "rBRX": 0,
    "rHWI": 2,
    "rMOT": 1,
    "rAMB": 1,
    "rMMB": 0,
    "rILS": 1,
    "rFE": 1,
    "rDSR": 2,
    "rSLP": 0,
    "rRSP": 0
  }
}