{
  "turn": 6,
  "move": "cxd4",
  "capture": {
    "roll": 8,
    "modifier": 17,
    "total": 25,
    "success": true
  },
  "stats": {
    "rDD": 4,
    "rDS": 2,
    "rOTD": 6,
    "rAST": 3,
    "rULT": 0,
    "rLVS": 1,
    "rLLS": 0,
    "rDFS": 1,
    "rKNB": 2,
    "rCTT": 2,
    "rEVS": 0,
    "rFFD": 0,
    "rFFI": 0,
    "rSNP": 0,
    "rCQT": 1,
    "rBRX": 0,
    "rHWI": 1,
    "rMOT": 1,
    "rAMB": 1,
    "rMMB": 0,
    "rILS": 2,
    "rFE": 0,
    "rDSR": 0,
    "rSLP": 0,
    "rRSP": 1
  }
}