{
  "turn": 6,
  "move": "g6",
  "capture": {
    "roll": 18,
    "modifier": 17,
    "total": 35,
    "success": true
  },
  "stats": {
    "rDD": 0,
    "rDS": 2,
    "rOTD": 0,
    "rAST": 0,
    "rULT": 2,
    "rLVS": 0,
    "rLLS": 1,
    "rDFS": 0,
    "rKNB": 2,
    "rCTT": 2,
    "rEVS": 2,
    "rFFD": 1,
    "rFFI": 0,
    "rSNP": 1,
    "rCQT": 3,
    "rBRX": 2,
    "rHWI": 0,
    "rMOT": 0,
    "rAMB": 1,
    "rMMB": 1,
    "rILS": 1,
    "rFE": 1,
    "rDSR": 0,
    "rSLP": 1,
    "rRSP": 1
  }
}