{
  "turn": 6,
  "move": "Nf6",
  "capture": {
    "roll": 19,
    "modifier": 17,
    "total": 36,
    "success": true
  },
  "stats": {
    "rDD": 1,
    "rDS": 2,
    "rOTD": 0,
    "rAST": 0,
    "rULT": 2,
    "rLVS": 1,
    "rLLS": 0,
    "rDFS": 2,
    "rKNB": 2,
    "rCTT": 3,
    "rEVS": 3,
    "rFFD": 0,
    "rFFI": 1,
    "rSNP": 1,
    "rCQT": 1,
    "rBRX": 2,
    "rHWI": 2,
    "rMOT": 0,
    "rAMB": 0,
    "rMMB": 0,
    "rILS": 0,
    "rFE": 0,
    "rDSR": 0,
    "rSLP": 1,
    "rRSP": 1
  }
}