{
  "team_a": "T002",
  "team_b": "T007",
  "stats": {
    "Iron Man": {
      "rDD": 16,
      "rDS": 11,
      "rOTD": 11,
      "rAST": 16,
      "rULT": 9,
      "rLVS": 3,
      "rLLS": 4,
      "rDFS": 7,
      "rKNB": 4,
      "rCTT": 11,
      "rEVS": 20,
      "rFFD": 3,
      "rFFI": 0,
      "rSNP": 11,
      "rCQT": 16,
      "rBRX": 7,
      "rHWI": 4,
      "rMOT": 2,
      "rAMB": 3,
      "rMMB": 11,
      "rILS": 14,
      "rFE": 6,
      "rDSR": 3,
      "rSLP": 5,
      "rRSP": 9
    },
    "Nova": {
      "rDD": 15,
      "rDS": 10,
      "rOTD": 21,
      "rAST": 16,
      "rULT": 6,
      "rLVS": 3,
      "rLLS": 2,
      "rDFS": 8,
      "rKNB": 7,
      "rCTT": 5,
      "rEVS": 17,
      "rFFD": 3,
      "rFFI": 4,
      "rSNP": 5,
      "rCQT": 8,
      "rBRX": 7,
      "rHWI": 6,
      "rMOT": 3,
      "rAMB": 4,
      "rMMB": 10,
      "rILS": 7,
      "rFE": 6,
      "rDSR": 6,
      "rSLP": 6,
      "rRSP": 3
    },
    "Spider-Man (Parker)": {
      "rDD": 10,
      "rDS": 9,
      "rOTD": 27,
      "rAST": 17,
      "rULT": 7,
      "rLVS": 2,
      "rLLS": 4,
      "rDFS": 8,
      "rKNB": 4,
      "rCTT": 7,
      "rEVS": 12,
      "rFFD": 4,
      "rFFI": 3,
      "rSNP": 5,
      "rCQT": 7,
      "rBRX": 8,
      "rHWI": 7,
      "rMOT": 6,
      "rAMB": 2,
      "rMMB": 8,
      "rILS": 5,
      "rFE": 10,
      "rDSR": 6,
      "rSLP": 6,
      "rRSP": 6
    },
    "Super-Skrull": {
      "rDD": 12,
      "rDS": 10,
      "rOTD": 24,
      "rAST": 11,
      "rULT": 9,
      "rLVS": 4,
      "rLLS": 3,
      "rDFS": 7,
      "rKNB": 4,
      "rCTT": 10,
      "rEVS": 22,
      "rFFD": 3,
      "rFFI": 2,
      "rSNP": 7,
      "rCQT": 11,
      "rBRX": 5,
      "rHWI": 4,
      "rMOT": 5,
      "rAMB": 3,
      "rMMB": 11,
      "rILS": 10,
      "rFE": 6,
      "rDSR": 7,
      "rSLP": 6,
      "rRSP": 7
    },
    "Brawn (Totally Awesome Hulk)": {
      "rDD": 10,
      "rDS": 13,
      "rOTD": 11,
      "rAST": 7,
      "rULT": 6,
      "rLVS": 4,
      "rLLS": 3,
      "rDFS": 5,
      "rKNB": 7,
      "rCTT": 12,
      "rEVS": 10,
      "rFFD": 1,
      "rFFI": 4,
      "rSNP": 3,
      "rCQT": 13,
      "rBRX": 9,
      "rHWI": 7,
      "rMOT": 2,
      "rAMB": 2,
      "rMMB": 5,
      "rILS": 8,
      "rFE": 6,
      "rDSR": 8,
      "rSLP": 6,
      "rRSP": 6
    },
    "The Wasp": {
      "rDD": 10,
      "rDS": 11,
      "rOTD": 8,
      "rAST": 13,
      "rULT": 8,
      "rLVS": 2,
      "rLLS": 2,
      "rDFS": 10,
      "rKNB": 10,
      "rCTT": 4,
      "rEVS": 17,
      "rFFD": 2,
      "rFFI": 2,
      "rSNP": 10,
      "rCQT": 9,
      "rBRX": 8,
      "rHWI": 7,
      "rMOT": 3,
      "rAMB": 2,
      "rMMB": 12,
      "rILS": 9,
      "rFE": 4,
      "rDSR": 7,
      "rSLP": 5,
      "rRSP": 12
    },
    "Forge": {
      "rDD": 10,
      "rDS": 11,
      "rOTD": 10,
      "rAST": 8,
      "rULT": 7,
      "rLVS": 3,
      "rLLS": 2,
      "rDFS": 4,
      "rKNB": 6,
      "rCTT": 10,
      "rEVS": 14,
      "rFFD": 4,
      "rFFI": 4,
      "rSNP": 8,
      "rCQT": 9,
      "rBRX": 7,
      "rHWI": 1,
      "rMOT": 5,
      "rAMB": 5,
      "rMMB": 12,
      "rILS": 12,
      "rFE": 8,
      "rDSR": 4,
      "rSLP": 8,
      "rRSP": 6
    },
    "Hulkling (Teddy Altman)": {
      "rDD": 15,
      "rDS": 7,
      "rOTD": 18,
      "rAST": 6,
      "rULT": 8,
      "rLVS": 2,
      "rLLS": 4,
      "rDFS": 6,
      "rKNB": 7,
      "rCTT": 15,
      "rEVS": 18,
      "rFFD": 4,
      "rFFI": 1,
      "rSNP": 7,
      "rCQT": 11,
      "rBRX": 7,
      "rHWI": 8,
      "rMOT": 1,
      "rAMB": 2,
      "rMMB": 9,
      "rILS": 4,
      "rFE": 9,
      "rDSR": 8,
      "rSLP": 5,
      "rRSP": 6
    },
    "Captain America (Rogers)": {
      "rDD": 20,
      "rDS": 13,
      "rOTD": 25,
      "rAST": 11,
      "rULT": 6,
      "rLVS": 3,
      "rLLS": 2,
      "rDFS": 8,
      "rKNB": 11,
      "rCTT": 12,
      "rEVS": 9,
      "rFFD": 2,
      "rFFI": 3,
      "rSNP": 5,
      "rCQT": 5,
      "rBRX": 5,
      "rHWI": 6,
      "rMOT": 2,
      "rAMB": 4,
      "rMMB": 5,
      "rILS": 9,
      "rFE": 7,
      "rDSR": 9,
      "rSLP": 4,
      "rRSP": 9
    },
    "Spider-Man (Morales)": {
      "rDD": 13,
      "rDS": 10,
      "rOTD": 18,
      "rAST": 10,
      "rULT": 6,
      "rLVS": 4,
      "rLLS": 2,
      "rDFS": 1,
      "rKNB": 5,
      "rCTT": 5,
      "rEVS": 21,
      "rFFD": 5,
      "rFFI": 2,
      "rSNP": 9,
      "rCQT": 14,
      "rBRX": 8,
      "rHWI": 6,
      "rMOT": 1,
      "rAMB": 2,
      "rMMB": 8,
      "rILS": 7,
      "rFE": 6,
      "rDSR": 5,
      "rSLP": 0,
      "rRSP": 4
    },
    "Wolverine / X-23": {
      "rDD": 18,
      "rDS": 8,
      "rOTD": 15,
      "rAST": 13,
      "rULT": 5,
      "rLVS": 4,
      "rLLS": 3,
      "rDFS": 5,
      "rKNB": 9,
      "rCTT": 7,
      "rEVS": 18,
      "rFFD": 5,
      "rFFI": 3,
      "rSNP": 11,
      "rCQT": 8,
      "rBRX": 8,
      "rHWI": 7,
      "rMOT": 5,
      "rAMB": 3,
      "rMMB": 7,
      "rILS": 8,
      "rFE": 7,
      "rDSR": 5,
      "rSLP": 5,
      "rRSP": 8
    },
    "The Human Torch": {
      "rDD": 14,
      "rDS": 10,
      "rOTD": 16,
      "rAST": 16,
      "rULT": 4,
      "rLVS": 3,
      "rLLS": 2,
      "rDFS": 8,
      "rKNB": 6,
      "rCTT": 13,
      "rEVS": 13,
      "rFFD": 5,
      "rFFI": 3,
      "rSNP": 13,
      "rCQT": 6,
      "rBRX": 7,
      "rHWI": 4,
      "rMOT": 3,
      "rAMB": 4,
      "rMMB": 4,
      "rILS": 10,
      "rFE": 7,
      "rDSR": 8,
      "rSLP": 8,
      "rRSP": 7
    },
    "Mr. Fantastic": {
      "rDD": 18,
      "rDS": 12,
      "rOTD": 17,
      "rAST": 9,
      "rULT": 4,
      "rLVS": 4,
      "rLLS": 3,
      "rDFS": 8,
      "rKNB": 5,
      "rCTT": 8,
      "rEVS": 10,
      "rFFD": 4,
      "rFFI": 6,
      "rSNP": 8,
      "rCQT": 10,
      "rBRX": 6,
      "rHWI": 6,
      "rMOT": 1,
      "rAMB": 3,
      "rMMB": 11,
      "rILS": 13,
      "rFE": 5,
      "rDSR": 5,
      "rSLP": 7,
      "rRSP": 8
    },
    "Xorn": {
      "rDD": 14,
      "rDS": 8,
      "rOTD": 14,
      "rAST": 9,
      "rULT": 7,
      "rLVS": 2,
      "rLLS": 2,
      "rDFS": 4,
      "rKNB": 7,
      "rCTT": 7,
      "rEVS": 14,
      "rFFD": 5,
      "rFFI": 4,
      "rSNP": 10,
      "rCQT": 11,
      "rBRX": 8,
      "rHWI": 4,
      "rMOT": 5,
      "rAMB": 2,
      "rMMB": 12,
      "rILS": 13,
      "rFE": 5,
      "rDSR": 5,
      "rSLP": 7,
      "rRSP": 7
    },
    "Ghost Rider": {
      "rDD": 17,
      "rDS": 5,
      "rOTD": 23,
      "rAST": 11,
      "rULT": 3,
      "rLVS": 1,
      "rLLS": 3,
      "rDFS": 6,
      "rKNB": 5,
      "rCTT": 8,
      "rEVS": 11,
      "rFFD": 4,
      "rFFI": 3,
      "rSNP": 9,
      "rCQT": 12,
      "rBRX": 3,
      "rHWI": 6,
      "rMOT": 4,
      "rAMB": 5,
      "rMMB": 7,
      "rILS": 10,
      "rFE": 9,
      "rDSR": 9,
      "rSLP": 3,
      "rRSP": 3
    },
    "Blue Marvel": {
      "rDD": 16,
      "rDS": 3,
      "rOTD": 21,
      "rAST": 15,
      "rULT": 6,
      "rLVS": 3,
      "rLLS": 3,
      "rDFS": 5,
      "rKNB": 8,
      "rCTT": 11,
      "rEVS": 20,
      "rFFD": 4,
      "rFFI": 2,
      "rSNP": 8,
      "rCQT": 11,
      "rBRX": 7,
      "rHWI": 6,
      "rMOT": 1,
      "rAMB": 3,
      "rMMB": 9,
      "rILS": 6,
      "rFE": 5,
      "rDSR": 2,
      "rSLP": 4,
      "rRSP": 3
    }
  },
  "status": "complete"
}