{
  "turn": 6,
  "move": "e5",
  "capture": {
    "roll": 4,
    "modifier": 17,
    "total": 21,
    "success": true
  },
  "stats": {
    "rDD": 1,
    "rDS": 0,
    "rOTD": 0,
    "rAST": 4,
    "rULT": 1,
    "rLVS": 0,
    "rLLS": 1,
    "rDFS": 1,
    "rKNB": 0,
    "rCTT": 1,
    "rEVS": 4,
    "rFFD": 0,
    "rFFI": 1,
    "rSNP": 2,
    "rCQT": 3,
    "rBRX": 0,
    "rHWI": 1,
    "rMOT": 0,
    "rAMB": 1,
    "rMMB": 0,
    "rILS": 0,
    "rFE": 1,
    "rDSR": 0,
    "rSLP": 2,
    "rRSP": 2
  }
}