{
  "turn": 6,
  "move": "exd4",
  "capture": {
    "roll": 17,
    "modifier": 17,
    "total": 34,
    "success": true
  },
  "stats": {
    "rDD": 2,
    "rDS": 3,
    "rOTD": 1,
    "rAST": 2,
    "rULT": 2,
    "rLVS": 1,
    "rLLS": 0,
    "rDFS": 2,
    "rKNB": 1,
    "rCTT": 2,
    "rEVS": 2,
    "rFFD": 0,
    "rFFI": 0,
    "rSNP": 0,
    "rCQT": 0,
    "rBRX": 0,
    "rHWI": 2,
    "rMOT": 1,
    "rAMB": 1,
    "rMMB": 3,
    "rILS": 0,
    "rFE": 0,
    "rDSR": 1,
    "rSLP": 2,
    "rRSP": 2
  }
}