{
  "turn": 6,
  "move": "cxd4",
  "capture": {
    "roll": 15,
    "modifier": 17,
    "total": 32,
    "success": true
  },
  "stats": {
    "rDD": 0,
    "rDS": 3,
    "rOTD": 4,
    "rAST": 3,
    "rULT": 2,
    "rLVS": 0,
    "rLLS": 0,
    "rDFS": 0,
    "rKNB": 2,
    "rCTT": 1,
    "rEVS": 5,
    "rFFD": 1,
    "rFFI": 1,
    "rSNP": 0,
    "rCQT": 3,
    "rBRX": 2,
    "rHWI": 0,
    "rMOT": 0,
    "rAMB": 0,
    "rMMB": 2,
    "rILS": 2,
    "rFE": 2,
    "rDSR": 0,
    "rSLP": 0,
    "rRSP": 0
  }
}