{
  "turn": 6,
  "move": "d5",
  "capture": {
    "roll": 19,
    "modifier": 17,
    "total": 36,
    "success": true
  },
  "stats": {
    "rDD": 3,
    "rDS": 1,
    "rOTD": 4,
    "rAST": 4,
    "rULT": 0,
    "rLVS": 1,
    "rLLS": 1,
    "rDFS": 2,
    "rKNB": 1,
    "rCTT": 3,
    "rEVS": 4,
    "rFFD": 1,
    "rFFI": 1,
    "rSNP": 3,
    "rCQT": 0,
    "rBRX": 1,
    "rHWI": 1,
    "rMOT": 1,
    "rAMB": 1,
    "rMMB": 0,
    "rILS": 2,
    "rFE": 0,
    "rDSR": 1,
    "rSLP": 1,
    "rRSP": 1
  }
}