[
  {
    "turn": 1,
    "move": "e4",
    "capture": {
      "roll": 15,
      "modifier": 33,
      "total": 48,
      "success": true
    },
    "stats": {
      "rOTD": 1,
      "rAST": 1,
      "rEVS": 1
    }
  },
  {
    "turn": 2,
    "move": "c5",
    "capture": {
      "roll": 5,
      "modifier": 33,
      "total": 38,
      "success": true
    },
    "stats": {
      "rOTD": 1,
      "rAST": 1,
      "rEVS": 1
    }
  },
  {
    "turn": 3,
    "move": "Nf3",
    "capture": {
      "roll": 1,
      "modifier": 33,
      "total": 34,
      "success": true
    },
    "stats": {
      "rOTD": 1,
      "rAST": 1,
      "rEVS": 1
    }
  },
  {
    "turn": 4,
    "move": "d6",
    "capture": {
      "roll": 13,
      "modifier": 33,
      "total": 46,
      "success": true
    },
    "stats": {
      "rOTD": 1,
      "rAST": 1,
      "rEVS": 1
    }
  },
  {
    "turn": 5,
    "move": "d4",
    "capture": {
      "roll": 11,
      "modifier": 33,
      "total": 44,
      "success": true
    },
    "stats": {
      "rOTD": 1,
      "rAST": 1,
      "rEVS": 1
    }
  },
  {
    "turn": 6,
    "move": "cxd4",
    "capture": {
      "roll": 5,
      "modifier": 33,
      "total": 38,
      "success": true
    },
    "stats": {
      "rOTD": 1,
      "rAST": 1,
      "rEVS": 1
    }
  },
  {
    "turn": 1,
    "move": "e4",
    "capture": {
      "roll": 15,
      "modifier": 33,
      "total": 48,
      "success": true
    },
    "stats": {
      "rDD": 2,
      "rDS": 2,
      "rOTD": 0,
      "rAST": 2,
      "rULT": 2,
      "rLVS": 1,
      "rLLS": 1,
      "rDFS": 0,
      "rKNB": 1,
      "rCTT": 2,
      "rEVS": 4,
      "rFFD": 1,
      "rFFI": 0,
      "rSNP": 2,
      "rCQT": 3,
      "rBRX": 1,
      "rHWI": 1,
      "rMOT": 1,
      "rAMB": 0,
      "rMMB": 3,
      "rILS": 1,
      "rFE": 2,
      "rDSR": 0,
      "rSLP": 1,
      "rRSP": 2
    }
  },
  {
    "turn": 2,
    "move": "e5",
    "capture": {
      "roll": 5,
      "modifier": 33,
      "total": 38,
      "success": true
    },
    "stats": {
      "rDD": 1,
      "rDS": 1,
      "rOTD": 3,
      "rAST": 2,
      "rULT": 2,
      "rLVS": 0,
      "rLLS": 0,
      "rDFS": 1,
      "rKNB": 1,
      "rCTT": 1,
      "rEVS": 1,
      "rFFD": 0,
      "rFFI": 1,
      "rSNP": 3,
      "rCQT": 2,
      "rBRX": 2,
      "rHWI": 1,
      "rMOT": 1,
      "rAMB": 0,
      "rMMB": 1,
      "rILS": 2,
      "rFE": 1,
      "rDSR": 0,
      "rSLP": 1,
      "rRSP": 1
    }
  },
  {
    "turn": 3,
    "move": "Nf3",
    "capture": {
      "roll": 16,
      "modifier": 33,
      "total": 49,
      "success": true
    },
    "stats": {
      "rDD": 2,
      "rDS": 0,
      "rOTD": 0,
      "rAST": 3,
      "rULT": 1,
      "rLVS": 1,
      "rLLS": 1,
      "rDFS": 0,
      "rKNB": 1,
      "rCTT": 2,
      "rEVS": 0,
      "rFFD": 1,
      "rFFI": 0,
      "rSNP": 1,
      "rCQT": 3,
      "rBRX": 2,
      "rHWI": 2,
      "rMOT": 1,
      "rAMB": 1,
      "rMMB": 1,
      "rILS": 0,
      "rFE": 2,
      "rDSR": 0,
      "rSLP": 1,
      "rRSP": 1
    }
  },
  {
    "turn": 4,
    "move": "Nc6",
    "capture": {
      "roll": 4,
      "modifier": 33,
      "total": 37,
      "success": true
    },
    "stats": {
      "rDD": 0,
      "rDS": 2,
      "rOTD": 5,
      "rAST": 3,
      "rULT": 1,
      "rLVS": 0,
      "rLLS": 0,
      "rDFS": 0,
      "rKNB": 0,
      "rCTT": 3,
      "rEVS": 4,
      "rFFD": 0,
      "rFFI": 0,
      "rSNP": 1,
      "rCQT": 3,
      "rBRX": 2,
      "rHWI": 0,
      "rMOT": 0,
      "rAMB": 0,
      "rMMB": 1,
      "rILS": 1,
      "rFE": 1,
      "rDSR": 1,
      "rSLP": 2,
      "rRSP": 0
    }
  },
  {
    "turn": 5,
    "move": "Bb5",
    "capture": {
      "roll": 18,
      "modifier": 33,
      "total": 51,
      "success": true
    },
    "stats": {
      "rDD": 4,
      "rDS": 2,
      "rOTD": 0,
      "rAST": 3,
      "rULT": 1,
      "rLVS": 1,
      "rLLS": 0,
      "rDFS": 0,
      "rKNB": 2,
      "rCTT": 0,
      "rEVS": 1,
      "rFFD": 1,
      "rFFI": 0,
      "rSNP": 2,
      "rCQT": 2,
      "rBRX": 0,
      "rHWI": 1,
      "rMOT": 1,
      "rAMB": 0,
      "rMMB": 1,
      "rILS": 1,
      "rFE": 2,
      "rDSR": 2,
      "rSLP": 1,
      "rRSP": 2
    }
  },
  {
    "turn": 6,
    "move": "a6",
    "capture": {
      "roll": 1,
      "modifier": 33,
      "total": 34,
      "success": true
    },
    "stats": {
      "rDD": 1,
      "rDS": 3,
      "rOTD": 1,
      "rAST": 4,
      "rULT": 2,
      "rLVS": 0,
      "rLLS": 0,
      "rDFS": 1,
      "rKNB": 2,
      "rCTT": 3,
      "rEVS": 4,
      "rFFD": 0,
      "rFFI": 1,
      "rSNP": 2,
      "rCQT": 0,
      "rBRX": 0,
      "rHWI": 0,
      "rMOT": 1,
      "rAMB": 1,
      "rMMB": 3,
      "rILS": 2,
      "rFE": 2,
      "rDSR": 2,
      "rSLP": 0,
      "rRSP": 0
    }
  }
]