{
  "team_a": "T002",
  "team_b": "T007",
  "stats": {
    "Iron Man": {
      "rDD": 16,
      "rDS": 8,
      "rOTD": 18,
      "rAST": 16,
      "rULT": 3,
      "rLVS": 2,
      "rLLS": 2,
      "rDFS": 6,
      "rKNB": 4,
      "rCTT": 14,
      "rEVS": 18,
      "rFFD": 4,
      "rFFI": 4,
      "rSNP": 9,
      "rCQT": 8,
      "rBRX": 10,
      "rHWI": 6,
      "rMOT": 2,
      "rAMB": 3,
      "rMMB": 9,
      "rILS": 6,
      "rFE": 6,
      "rDSR": 5,
      "rSLP": 7,
      "rRSP": 8
    },
    "Spider-Man (Parker)": {
      "rDD": 10,
      "rDS": 10,
      "rOTD": 9,
      "rAST": 17,
      "rULT": 9,
      "rLVS": 3,
      "rLLS": 2,
      "rDFS": 2,
      "rKNB": 7,
      "rCTT": 11,
      "rEVS": 14,
      "rFFD": 3,
      "rFFI": 2,
      "rSNP": 11,
      "rCQT": 13,
      "rBRX": 7,
      "rHWI": 5,
      "rMOT": 5,
      "rAMB": 2,
      "rMMB": 10,
      "rILS": 7,
      "rFE": 10,
      "rDSR": 5,
      "rSLP": 6,
      "rRSP": 6
    },
    "Magneto": {
      "rDD": 14,
      "rDS": 5,
      "rOTD": 24,
      "rAST": 7,
      "rULT": 10,
      "rLVS": 1,
      "rLLS": 4,
      "rDFS": 6,
      "rKNB": 4,
      "rCTT": 6,
      "rEVS": 22,
      "rFFD": 3,
      "rFFI": 3,
      "rSNP": 10,
      "rCQT": 8,
      "rBRX": 6,
      "rHWI": 5,
      "rMOT": 4,
      "rAMB": 2,
      "rMMB": 12,
      "rILS": 8,
      "rFE": 3,
      "rDSR": 9,
      "rSLP": 4,
      "rRSP": 2
    },
    "Luke Cage": {
      "rDD": 13,
      "rDS": 11,
      "rOTD": 24,
      "rAST": 15,
      "rULT": 4,
      "rLVS": 5,
      "rLLS": 4,
      "rDFS": 5,
      "rKNB": 2,
      "rCTT": 8,
      "rEVS": 14,
      "rFFD": 3,
      "rFFI": 2,
      "rSNP": 7,
      "rCQT": 9,
      "rBRX": 3,
      "rHWI": 6,
      "rMOT": 4,
      "rAMB": 3,
      "rMMB": 11,
      "rILS": 7,
      "rFE": 3,
      "rDSR": 5,
      "rSLP": 9,
      "rRSP": 6
    },
    "Magik": {
      "rDD": 13,
      "rDS": 12,
      "rOTD": 14,
      "rAST": 10,
      "rULT": 5,
      "rLVS": 3,
      "rLLS": 3,
      "rDFS": 4,
      "rKNB": 7,
      "rCTT": 11,
      "rEVS": 14,
      "rFFD": 4,
      "rFFI": 2,
      "rSNP": 11,
      "rCQT": 4,
      "rBRX": 6,
      "rHWI": 7,
      "rMOT": 3,
      "rAMB": 3,
      "rMMB": 4,
      "rILS": 12,
      "rFE": 5,
      "rDSR": 4,
      "rSLP": 7,
      "rRSP": 7
    },
    "Kate Pryde (Shadowcat)": {
      "rDD": 19,
      "rDS": 5,
      "rOTD": 24,
      "rAST": 7,
      "rULT": 8,
      "rLVS": 2,
      "rLLS": 4,
      "rDFS": 4,
      "rKNB": 8,
      "rCTT": 11,
      "rEVS": 15,
      "rFFD": 5,
      "rFFI": 3,
      "rSNP": 8,
      "rCQT": 7,
      "rBRX": 6,
      "rHWI": 5,
      "rMOT": 3,
      "rAMB": 4,
      "rMMB": 8,
      "rILS": 6,
      "rFE": 7,
      "rDSR": 5,
      "rSLP": 3,
      "rRSP": 6
    },
    "Kid Omega": {
      "rDD": 16,
      "rDS": 13,
      "rOTD": 16,
      "rAST": 18,
      "rULT": 9,
      "rLVS": 3,
      "rLLS": 3,
      "rDFS": 10,
      "rKNB": 7,
      "rCTT": 10,
      "rEVS": 18,
      "rFFD": 3,
      "rFFI": 1,
      "rSNP": 10,
      "rCQT": 12,
      "rBRX": 4,
      "rHWI": 9,
      "rMOT": 3,
      "rAMB": 4,
      "rMMB": 6,
      "rILS": 11,
      "rFE": 3,
      "rDSR": 6,
      "rSLP": 8,
      "rRSP": 5
    },
    "Kang the Conqueror": {
      "rDD": 11,
      "rDS": 7,
      "rOTD": 24,
      "rAST": 8,
      "rULT": 9,
      "rLVS": 3,
      "rLLS": 3,
      "rDFS": 8,
      "rKNB": 10,
      "rCTT": 9,
      "rEVS": 19,
      "rFFD": 4,
      "rFFI": 2,
      "rSNP": 14,
      "rCQT": 6,
      "rBRX": 7,
      "rHWI": 7,
      "rMOT": 2,
      "rAMB": 4,
      "rMMB": 0,
      "rILS": 14,
      "rFE": 2,
      "rDSR": 6,
      "rSLP": 5,
      "rRSP": 7
    },
    "Brother Voodoo": {
      "rDD": 9,
      "rDS": 5,
      "rOTD": 26,
      "rAST": 16,
      "rULT": 7,
      "rLVS": 5,
      "rLLS": 4,
      "rDFS": 8,
      "rKNB": 6,
      "rCTT": 12,
      "rEVS": 12,
      "rFFD": 3,
      "rFFI": 5,
      "rSNP": 9,
      "rCQT": 11,
      "rBRX": 7,
      "rHWI": 5,
      "rMOT": 5,
      "rAMB": 4,
      "rMMB": 9,
      "rILS": 8,
      "rFE": 6,
      "rDSR": 4,
      "rSLP": 10,
      "rRSP": 7
    },
    "Gambit": {
      "rDD": 10,
      "rDS": 10,
      "rOTD": 18,
      "rAST": 17,
      "rULT": 5,
      "rLVS": 5,
      "rLLS": 4,
      "rDFS": 6,
      "rKNB": 3,
      "rCTT": 11,
      "rEVS": 17,
      "rFFD": 2,
      "rFFI": 5,
      "rSNP": 12,
      "rCQT": 9,
      "rBRX": 7,
      "rHWI": 6,
      "rMOT": 3,
      "rAMB": 1,
      "rMMB": 8,
      "rILS": 9,
      "rFE": 5,
      "rDSR": 5,
      "rSLP": 7,
      "rRSP": 5
    },
    "Hulk": {
      "rDD": 17,
      "rDS": 8,
      "rOTD": 30,
      "rAST": 8,
      "rULT": 6,
      "rLVS": 1,
      "rLLS": 4,
      "rDFS": 7,
      "rKNB": 5,
      "rCTT": 8,
      "rEVS": 12,
      "rFFD": 2,
      "rFFI": 5,
      "rSNP": 15,
      "rCQT": 6,
      "rBRX": 4,
      "rHWI": 6,
      "rMOT": 3,
      "rAMB": 4,
      "rMMB": 9,
      "rILS": 11,
      "rFE": 6,
      "rDSR": 4,
      "rSLP": 5,
      "rRSP": 7
    },
    "Captain America (Rogers)": {
      "rDD": 18,
      "rDS": 9,
      "rOTD": 16,
      "rAST": 16,
      "rULT": 6,
      "rLVS": 3,
      "rLLS": 2,
      "rDFS": 6,
      "rKNB": 6,
      "rCTT": 9,
      "rEVS": 19,
      "rFFD": 4,
      "rFFI": 3,
      "rSNP": 8,
      "rCQT": 6,
      "rBRX": 6,
      "rHWI": 2,
      "rMOT": 3,
      "rAMB": 4,
      "rMMB": 7,
      "rILS": 7,
      "rFE": 4,
      "rDSR": 6,
      "rSLP": 5,
      "rRSP": 5
    },
    "Temper": {
      "rDD": 12,
      "rDS": 10,
      "rOTD": 21,
      "rAST": 12,
      "rULT": 7,
      "rLVS": 2,
      "rLLS": 2,
      "rDFS": 4,
      "rKNB": 3,
      "rCTT": 12,
      "rEVS": 15,
      "rFFD": 3,
      "rFFI": 2,
      "rSNP": 4,
      "rCQT": 11,
      "rBRX": 8,
      "rHWI": 5,
      "rMOT": 3,
      "rAMB": 2,
      "rMMB": 6,
      "rILS": 9,
      "rFE": 3,
      "rDSR": 9,
      "rSLP": 8,
      "rRSP": 10
    },
    "She-Hulk": {
      "rDD": 9,
      "rDS": 5,
      "rOTD": 15,
      "rAST": 11,
      "rULT": 6,
      "rLVS": 3,
      "rLLS": 2,
      "rDFS": 8,
      "rKNB": 5,
      "rCTT": 5,
      "rEVS": 8,
      "rFFD": 0,
      "rFFI": 3,
      "rSNP": 6,
      "rCQT": 2,
      "rBRX": 2,
      "rHWI": 5,
      "rMOT": 5,
      "rAMB": 4,
      "rMMB": 4,
      "rILS": 7,
      "rFE": 6,
      "rDSR": 9,
      "rSLP": 4,
      "rRSP": 3
    },
    "The Thing": {
      "rDD": 19,
      "rDS": 7,
      "rOTD": 11,
      "rAST": 12,
      "rULT": 9,
      "rLVS": 1,
      "rLLS": 3,
      "rDFS": 8,
      "rKNB": 8,
      "rCTT": 11,
      "rEVS": 20,
      "rFFD": 1,
      "rFFI": 3,
      "rSNP": 13,
      "rCQT": 7,
      "rBRX": 3,
      "rHWI": 4,
      "rMOT": 3,
      "rAMB": 1,
      "rMMB": 10,
      "rILS": 10,
      "rFE": 6,
      "rDSR": 6,
      "rSLP": 7,
      "rRSP": 10
    },
    "Mr. Fantastic": {
      "rDD": 15,
      "rDS": 6,
      "rOTD": 7,
      "rAST": 5,
      "rULT": 7,
      "rLVS": 2,
      "rLLS": 5,
      "rDFS": 4,
      "rKNB": 7,
      "rCTT": 12,
      "rEVS": 21,
      "rFFD": 4,
      "rFFI": 3,
      "rSNP": 11,
      "rCQT": 12,
      "rBRX": 5,
      "rHWI": 8,
      "rMOT": 2,
      "rAMB": 2,
      "rMMB": 8,
      "rILS": 8,
      "rFE": 7,
      "rDSR": 7,
      "rSLP": 5,
      "rRSP": 9
    },
    "Storm": {
      "rDD": 8,
      "rDS": 8,
      "rOTD": 18,
      "rAST": 19,
      "rULT": 6,
      "rLVS": 2,
      "rLLS": 3,
      "rDFS": 2,
      "rKNB": 9,
      "rCTT": 10,
      "rEVS": 17,
      "rFFD": 4,
      "rFFI": 6,
      "rSNP": 10,
      "rCQT": 9,
      "rBRX": 10,
      "rHWI": 6,
      "rMOT": 3,
      "rAMB": 4,
      "rMMB": 10,
      "rILS": 8,
      "rFE": 3,
      "rDSR": 6,
      "rSLP": 5,
      "rRSP": 8
    },
    "Adam Warlock": {
      "rDD": 11,
      "rDS": 8,
      "rOTD": 15,
      "rAST": 10,
      "rULT": 5,
      "rLVS": 1,
      "rLLS": 5,
      "rDFS": 7,
      "rKNB": 4,
      "rCTT": 6,
      "rEVS": 20,
      "rFFD": 5,
      "rFFI": 3,
      "rSNP": 11,
      "rCQT": 6,
      "rBRX": 6,
      "rHWI": 3,
      "rMOT": 4,
      "rAMB": 5,
      "rMMB": 16,
      "rILS": 8,
      "rFE": 3,
      "rDSR": 5,
      "rSLP": 5,
      "rRSP": 2
    },
    "Blue Marvel": {
      "rDD": 13,
      "rDS": 10,
      "rOTD": 16,
      "rAST": 9,
      "rULT": 7,
      "rLVS": 4,
      "rLLS": 4,
      "rDFS": 3,
      "rKNB": 7,
      "rCTT": 9,
      "rEVS": 11,
      "rFFD": 5,
      "rFFI": 0,
      "rSNP": 10,
      "rCQT": 11,
      "rBRX": 4,
      "rHWI": 3,
      "rMOT": 3,
      "rAMB": 3,
      "rMMB": 10,
      "rILS": 11,
      "rFE": 6,
      "rDSR": 3,
      "rSLP": 1,
      "rRSP": 8
    },
    "Ghost Rider": {
      "rDD": 19,
      "rDS": 9,
      "rOTD": 15,
      "rAST": 10,
      "rULT": 4,
      "rLVS": 3,
      "rLLS": 3,
      "rDFS": 7,
      "rKNB": 9,
      "rCTT": 8,
      "rEVS": 17,
      "rFFD": 3,
      "rFFI": 4,
      "rSNP": 5,
      "rCQT": 5,
      "rBRX": 5,
      "rHWI": 8,
      "rMOT": 3,
      "rAMB": 3,
      "rMMB": 13,
      "rILS": 13,
      "rFE": 10,
      "rDSR": 6,
      "rSLP": 8,
      "rRSP": 9
    },
    "Nightcrawler": {
      "rDD": 13,
      "rDS": 7,
      "rOTD": 21,
      "rAST": 17,
      "rULT": 9,
      "rLVS": 2,
      "rLLS": 1,
      "rDFS": 3,
      "rKNB": 5,
      "rCTT": 7,
      "rEVS": 12,
      "rFFD": 4,
      "rFFI": 4,
      "rSNP": 12,
      "rCQT": 9,
      "rBRX": 5,
      "rHWI": 2,
      "rMOT": 3,
      "rAMB": 3,
      "rMMB": 5,
      "rILS": 12,
      "rFE": 5,
      "rDSR": 6,
      "rSLP": 5,
      "rRSP": 8
    },
    "Star Brand": {
      "rDD": 4,
      "rDS": 8,
      "rOTD": 22,
      "rAST": 10,
      "rULT": 5,
      "rLVS": 3,
      "rLLS": 3,
      "rDFS": 4,
      "rKNB": 7,
      "rCTT": 8,
      "rEVS": 9,
      "rFFD": 4,
      "rFFI": 3,
      "rSNP": 10,
      "rCQT": 10,
      "rBRX": 4,
      "rHWI": 10,
      "rMOT": 4,
      "rAMB": 5,
      "rMMB": 7,
      "rILS": 11,
      "rFE": 1,
      "rDSR": 5,
      "rSLP": 6,
      "rRSP": 9
    }
  },
  "status": "complete"
}