{
  "turn": 6,
  "move": "g6",
  "capture": {
    "roll": 2,
    "modifier": 17,
    "total": 19,
    "success": false
  },
  "stats": {
    "rDD": 4,
    "rDS": 1,
    "rOTD": 5,
    "rAST": 4,
    "rULT": 2,
    "rLVS": 0,
    "rLLS": 0,
    "rDFS": 0,
    "rKNB": 1,
    "rCTT": 0,
    "rEVS": 3,
    "rFFD": 1,
    "rFFI": 0,
    "rSNP": 2,
    "rCQT": 3,
    "rBRX": 1,
    "rHWI": 0,
    "rMOT": 0,
    "rAMB": 1,
    "rMMB": 2,
    "rILS": 3,
    "rFE": 1,
    "rDSR": 0,
    "rSLP": 0,
    "rRSP": 1
  }
}