{
  "turn": 6,
  "move": "Nc6",
  "capture": {
    "roll": 6,
    "modifier": 17,
    "total": 23,
    "success": true
  },
  "stats": {
    "rDD": 0,
    "rDS": 2,
    "rOTD": 6,
    "rAST": 1,
    "rULT": 2,
    "rLVS": 0,
    "rLLS": 1,
    "rDFS": 1,
    "rKNB": 0,
    "rCTT": 0,
    "rEVS": 5,
    "rFFD": 0,
    "rFFI": 0,
    "rSNP": 2,
    "rCQT": 1,
    "rBRX": 0,
    "rHWI": 1,
    "rMOT": 1,
    "rAMB": 0,
    "rMMB": 1,
    "rILS": 2,
    "rFE": 2,
    "rDSR": 1,
    "rSLP": 2,
    "rRSP": 2
  }
}