{
  "turn": 6,
  "move": "Qxd5",
  "capture": {
    "roll": 10,
    "modifier": 17,
    "total": 27,
    "success": true
  },
  "stats": {
    "rDD": 3,
    "rDS": 1,
    "rOTD": 4,
    "rAST": 4,
    "rULT": 1,
    "rLVS": 0,
    "rLLS": 1,
    "rDFS": 1,
    "rKNB": 2,
    "rCTT": 3,
    "rEVS": 1,
    "rFFD": 0,
    "rFFI": 0,
    "rSNP": 1,
    "rCQT": 3,
    "rBRX": 2,
    "rHWI": 2,
    "rMOT": 0,
    "rAMB": 0,
    "rMMB": 1,
    "rILS": 0,
    "rFE": 1,
    "rDSR": 2,
    "rSLP": 2,
    "rRSP": 2
  }
}