{
  "turn": 6,
  "move": "cxd4",
  "capture": {
    "roll": 15,
    "modifier": 17,
    "total": 32,
    "success": true
  },
  "stats": {
    "rDD": 4,
    "rDS": 1,
    "rOTD": 2,
    "rAST": 2,
    "rULT": 0,
    "rLVS": 0,
    "rLLS": 0,
    "rDFS": 2,
    "rKNB": 1,
    "rCTT": 1,
    "rEVS": 2,
    "rFFD": 0,
    "rFFI": 0,
    "rSNP": 1,
    "rCQT": 1,
    "rBRX": 0,
    "rHWI": 0,
    "rMOT": 1,
    "rAMB": 0,
    "rMMB": 1,
    "rILS": 2,
    "rFE": 0,
    "rDSR": 0,
    "rSLP": 2,
    "rRSP": 2
  }
}