[
  {
    "turn": 1,
    "move": "e4",
    "capture": {
      "roll": 7,
      "modifier": 17,
      "total": 24,
      "success": true
    },
    "stats": {
      "rOTD": 1,
      "rAST": 0,
      "rEVS": 1
    }
  },
  {
    "turn": 2,
    "move": "c5",
    "capture": {
      "roll": 11,
      "modifier": 17,
      "total": 28,
      "success": true
    },
    "stats": {
      "rOTD": 1,
      "rAST": 1,
      "rEVS": 1
    }
  },
  {
    "turn": 3,
    "move": "Nf3",
    "capture": {
      "roll": 1,
      "modifier": 17,
      "total": 18,
      "success": false
    },
    "stats": {
      "rFFD": 0
    }
  },
  {
    "turn": 4,
    "move": "d6",
    "capture": {
      "roll": 17,
      "modifier": 17,
      "total": 34,
      "success": true
    },
    "stats": {
      "rOTD": 1,
      "rAST": 1,
      "rEVS": 1
    }
  },
  {
    "turn": 5,
    "move": "d4",
    "capture": {
      "roll": 5,
      "modifier": 17,
      "total": 22,
      "success": true
    },
    "stats": {
      "rOTD": 1,
      "rAST": 0,
      "rEVS": 0
    }
  },
  {
    "turn": 6,
    "move": "Nf6",
    "capture": {
      "roll": 1,
      "modifier": 17,
      "total": 18,
      "success": false
    },
    "stats": {
      "rFFD": 0
    }
  },
  {
    "turn": 1,
    "move": "e4",
    "capture": {
      "roll": 4,
      "modifier": 17,
      "total": 21,
      "success": true
    },
    "stats": {
      "rDD": 2,
      "rDS": 2,
      "rOTD": 3,
      "rAST": 4,
      "rULT": 0,
      "rLVS": 0,
      "rLLS": 0,
      "rDFS": 0,
      "rKNB": 1,
      "rCTT": 2,
      "rEVS": 4,
      "rFFD": 1,
      "rFFI": 0,
      "rSNP": 1,
      "rCQT": 2,
      "rBRX": 1,
      "rHWI": 1,
      "rMOT": 1,
      "rAMB": 1,
      "rMMB": 2,
      "rILS": 1,
      "rFE": 0,
      "rDSR": 2,
      "rSLP": 0,
      "rRSP": 0
    }
  },
  {
    "turn": 2,
    "move": "c5",
    "capture": {
      "roll": 7,
      "modifier": 17,
      "total": 24,
      "success": true
    },
    "stats": {
      "rDD": 5,
      "rDS": 2,
      "rOTD": 2,
      "rAST": 1,
      "rULT": 0,
      "rLVS": 1,
      "rLLS": 1,
      "rDFS": 0,
      "rKNB": 1,
      "rCTT": 3,
      "rEVS": 1,
      "rFFD": 1,
      "rFFI": 1,
      "rSNP": 1,
      "rCQT": 0,
      "rBRX": 2,
      "rHWI": 2,
      "rMOT": 0,
      "rAMB": 1,
      "rMMB": 1,
      "rILS": 3,
      "rFE": 2,
      "rDSR": 1,
      "rSLP": 0,
      "rRSP": 2
    }
  },
  {
    "turn": 3,
    "move": "Nf3",
    "capture": {
      "roll": 15,
      "modifier": 17,
      "total": 32,
      "success": true
    },
    "stats": {
      "rDD": 1,
      "rDS": 0,
      "rOTD": 5,
      "rAST": 0,
      "rULT": 2,
      "rLVS": 1,
      "rLLS": 0,
      "rDFS": 1,
      "rKNB": 2,
      "rCTT": 0,
      "rEVS": 4,
      "rFFD": 1,
      "rFFI": 1,
      "rSNP": 0,
      "rCQT": 3,
      "rBRX": 0,
      "rHWI": 2,
      "rMOT": 0,
      "rAMB": 1,
      "rMMB": 3,
      "rILS": 2,
      "rFE": 2,
      "rDSR": 2,
      "rSLP": 1,
      "rRSP": 1
    }
  },
  {
    "turn": 4,
    "move": "d6",
    "capture": {
      "roll": 4,
      "modifier": 17,
      "total": 21,
      "success": true
    },
    "stats": {
      "rDD": 3,
      "rDS": 1,
      "rOTD": 5,
      "rAST": 1,
      "rULT": 0,
      "rLVS": 1,
      "rLLS": 1,
      "rDFS": 2,
      "rKNB": 1,
      "rCTT": 1,
      "rEVS": 2,
      "rFFD": 1,
      "rFFI": 0,
      "rSNP": 1,
      "rCQT": 2,
      "rBRX": 0,
      "rHWI": 2,
      "rMOT": 0,
      "rAMB": 1,
      "rMMB": 1,
      "rILS": 0,
      "rFE": 0,
      "rDSR": 2,
      "rSLP": 1,
      "rRSP": 0
    }
  },
  {
    "turn": 5,
    "move": "d4",
    "capture": {
      "roll": 20,
      "modifier": 17,
      "total": 37,
      "success": true
    },
    "stats": {
      "rDD": 3,
      "rDS": 1,
      "rOTD": 1,
      "rAST": 2,
      "rULT": 2,
      "rLVS": 1,
      "rLLS": 1,
      "rDFS": 2,
      "rKNB": 1,
      "rCTT": 2,
      "rEVS": 3,
      "rFFD": 1,
      "rFFI": 0,
      "rSNP": 2,
      "rCQT": 3,
      "rBRX": 2,
      "rHWI": 1,
      "rMOT": 0,
      "rAMB": 0,
      "rMMB": 2,
      "rILS": 0,
      "rFE": 1,
      "rDSR": 2,
      "rSLP": 0,
      "rRSP": 1
    }
  },
  {
    "turn": 6,
    "move": "cxd4",
    "capture": {
      "roll": 11,
      "modifier": 17,
      "total": 28,
      "success": true
    },
    "stats": {
      "rDD": 0,
      "rDS": 0,
      "rOTD": 5,
      "rAST": 3,
      "rULT": 0,
      "rLVS": 1,
      "rLLS": 0,
      "rDFS": 1,
      "rKNB": 1,
      "rCTT": 0,
      "rEVS": 4,
      "rFFD": 0,
      "rFFI": 1,
      "rSNP": 0,
      "rCQT": 1,
      "rBRX": 1,
      "rHWI": 2,
      "rMOT": 0,
      "rAMB": 1,
      "rMMB": 0,
      "rILS": 2,
      "rFE": 2,
      "rDSR": 2,
      "rSLP": 0,
      "rRSP": 1
    }
  }
]