{
  "turn": 6,
  "move": "cxd4",
  "capture": {
    "roll": 2,
    "modifier": 17,
    "total": 19,
    "success": false
  },
  "stats": {
    "rDD": 0,
    "rDS": 1,
    "rOTD": 5,
    "rAST": 1,
    "rULT": 0,
    "rLVS": 0,
    "rLLS": 0,
    "rDFS": 1,
    "rKNB": 1,
    "rCTT": 2,
    "rEVS": 1,
    "rFFD": 0,
    "rFFI": 0,
    "rSNP": 3,
    "rCQT": 0,
    "rBRX": 0,
    "rHWI": 2,
    "rMOT": 0,
    "rAMB": 1,
    "rMMB": 1,
    "rILS": 2,
    "rFE": 1,
    "rDSR": 2,
    "rSLP": 0,
    "rRSP": 2
  }
}