{
  "turn": 6,
  "move": "Nf6",
  "capture": {
    "roll": 7,
    "modifier": 17,
    "total": 24,
    "success": true
  },
  "stats": {
    "rDD": 5,
    "rDS": 1,
    "rOTD": 4,
    "rAST": 4,
    "rULT": 2,
    "rLVS": 0,
    "rLLS": 0,
    "rDFS": 0,
    "rKNB": 2,
    "rCTT": 2,
    "rEVS": 0,
    "rFFD": 0,
    "rFFI": 1,
    "rSNP": 0,
    "rCQT": 1,
    "rBRX": 1,
    "rHWI": 0,
    "rMOT": 0,
    "rAMB": 0,
    "rMMB": 3,
    "rILS": 3,
    "rFE": 2,
    "rDSR": 1,
    "rSLP": 0,
    "rRSP": 1
  }
}