{
  "turn": 6,
  "move": "cxd4",
  "capture": {
    "roll": 14,
    "modifier": 17,
    "total": 31,
    "success": true
  },
  "stats": {
    "rDD": 4,
    "rDS": 3,
    "rOTD": 0,
    "rAST": 3,
    "rULT": 1,
    "rLVS": 1,
    "rLLS": 0,
    "rDFS": 1,
    "rKNB": 0,
    "rCTT": 2,
    "rEVS": 4,
    "rFFD": 1,
    "rFFI": 1,
    "rSNP": 3,
    "rCQT": 0,
    "rBRX": 0,
    "rHWI": 1,
    "rMOT": 1,
    "rAMB": 0,
    "rMMB": 2,
    "rILS": 1,
    "rFE": 0,
    "rDSR": 1,
    "rSLP": 2,
    "rRSP": 2
  }
}