{
  "turn": 6,
  "move": "cxd4",
  "capture": {
    "roll": 15,
    "modifier": 17,
    "total": 32,
    "success": true
  },
  "stats": {
    "rDD": 5,
    "rDS": 2,
    "rOTD": 6,
    "rAST": 1,
    "rULT": 0,
    "rLVS": 0,
    "rLLS": 0,
    "rDFS": 0,
    "rKNB": 1,
    "rCTT": 0,
    "rEVS": 2,
    "rFFD": 0,
    "rFFI": 1,
    "rSNP": 2,
    "rCQT": 0,
    "rBRX": 2,
    "rHWI": 0,
    "rMOT": 1,
    "rAMB": 0,
    "rMMB": 1,
    "rILS": 1,
    "rFE": 0,
    "rDSR": 0,
    "rSLP": 1,
    "rRSP": 2
  }
}