{
  "turn": 6,
  "move": "cxd4",
  "capture": {
    "roll": 20,
    "modifier": 17,
    "total": 37,
    "success": true
  },
  "stats": {
    "rDD": 1,
    "rDS": 3,
    "rOTD": 6,
    "rAST": 1,
    "rULT": 1,
    "rLVS": 1,
    "rLLS": 0,
    "rDFS": 0,
    "rKNB": 0,
    "rCTT": 1,
    "rEVS": 3,
    "rFFD": 1,
    "rFFI": 0,
    "rSNP": 0,
    "rCQT": 2,
    "rBRX": 0,
    "rHWI": 0,
    "rMOT": 1,
    "rAMB": 0,
    "rMMB": 3,
    "rILS": 0,
    "rFE": 0,
    "rDSR": 2,
    "rSLP": 2,
    "rRSP": 0
  }
}