[
  {
    "turn": 1,
    "move": "e4",
    "capture": {
      "roll": 12,
      "modifier": 17,
      "total": 29,
      "success": true
    },
    "stats": {
      "rOTD": 1,
      "rAST": 1,
      "rEVS": 1
    }
  },
  {
    "turn": 2,
    "move": "e5",
    "capture": {
      "roll": 1,
      "modifier": 17,
      "total": 18,
      "success": false
    },
    "stats": {
      "rFFD": 0
    }
  },
  {
    "turn": 3,
    "move": "Nf3",
    "capture": {
      "roll": 18,
      "modifier": 17,
      "total": 35,
      "success": true
    },
    "stats": {
      "rOTD": 1,
      "rAST": 1,
      "rEVS": 1
    }
  },
  {
    "turn": 4,
    "move": "Nf6",
    "capture": {
      "roll": 10,
      "modifier": 17,
      "total": 27,
      "success": true
    },
    "stats": {
      "rOTD": 1,
      "rAST": 1,
      "rEVS": 1
    }
  },
  {
    "turn": 5,
    "move": "Nxe5",
    "capture": {
      "roll": 12,
      "modifier": 17,
      "total": 29,
      "success": true
    },
    "stats": {
      "rOTD": 1,
      "rAST": 1,
      "rEVS": 1
    }
  },
  {
    "turn": 6,
    "move": "d6",
    "capture": {
      "roll": 1,
      "modifier": 17,
      "total": 18,
      "success": false
    },
    "stats": {
      "rFFD": 0
    }
  },
  {
    "turn": 1,
    "move": "e4",
    "capture": {
      "roll": 9,
      "modifier": 17,
      "total": 26,
      "success": true
    },
    "stats": {
      "rDD": 1,
      "rDS": 2,
      "rOTD": 1,
      "rAST": 4,
      "rULT": 2,
      "rLVS": 1,
      "rLLS": 1,
      "rDFS": 1,
      "rKNB": 2,
      "rCTT": 3,
      "rEVS": 4,
      "rFFD": 0,
      "rFFI": 1,
      "rSNP": 1,
      "rCQT": 0,
      "rBRX": 0,
      "rHWI": 0,
      "rMOT": 1,
      "rAMB": 0,
      "rMMB": 2,
      "rILS": 1,
      "rFE": 1,
      "rDSR": 1,
      "rSLP": 1,
      "rRSP": 1
    }
  },
  {
    "turn": 2,
    "move": "c5",
    "capture": {
      "roll": 6,
      "modifier": 17,
      "total": 23,
      "success": true
    },
    "stats": {
      "rDD": 0,
      "rDS": 0,
      "rOTD": 6,
      "rAST": 3,
      "rULT": 0,
      "rLVS": 1,
      "rLLS": 1,
      "rDFS": 2,
      "rKNB": 1,
      "rCTT": 0,
      "rEVS": 1,
      "rFFD": 1,
      "rFFI": 1,
      "rSNP": 3,
      "rCQT": 3,
      "rBRX": 2,
      "rHWI": 2,
      "rMOT": 1,
      "rAMB": 0,
      "rMMB": 1,
      "rILS": 0,
      "rFE": 2,
      "rDSR": 2,
      "rSLP": 0,
      "rRSP": 2
    }
  },
  {
    "turn": 3,
    "move": "Nf3",
    "capture": {
      "roll": 5,
      "modifier": 17,
      "total": 22,
      "success": true
    },
    "stats": {
      "rDD": 4,
      "rDS": 2,
      "rOTD": 3,
      "rAST": 0,
      "rULT": 1,
      "rLVS": 1,
      "rLLS": 1,
      "rDFS": 1,
      "rKNB": 1,
      "rCTT": 1,
      "rEVS": 4,
      "rFFD": 0,
      "rFFI": 1,
      "rSNP": 3,
      "rCQT": 0,
      "rBRX": 1,
      "rHWI": 0,
      "rMOT": 0,
      "rAMB": 1,
      "rMMB": 1,
      "rILS": 2,
      "rFE": 2,
      "rDSR": 0,
      "rSLP": 2,
      "rRSP": 2
    }
  },
  {
    "turn": 4,
    "move": "d6",
    "capture": {
      "roll": 5,
      "modifier": 17,
      "total": 22,
      "success": true
    },
    "stats": {
      "rDD": 1,
      "rDS": 0,
      "rOTD": 6,
      "rAST": 1,
      "rULT": 0,
      "rLVS": 1,
      "rLLS": 1,
      "rDFS": 1,
      "rKNB": 1,
      "rCTT": 1,
      "rEVS": 3,
      "rFFD": 1,
      "rFFI": 1,
      "rSNP": 1,
      "rCQT": 3,
      "rBRX": 0,
      "rHWI": 0,
      "rMOT": 0,
      "rAMB": 1,
      "rMMB": 1,
      "rILS": 0,
      "rFE": 2,
      "rDSR": 0,
      "rSLP": 1,
      "rRSP": 0
    }
  },
  {
    "turn": 5,
    "move": "d4",
    "capture": {
      "roll": 13,
      "modifier": 17,
      "total": 30,
      "success": true
    },
    "stats": {
      "rDD": 1,
      "rDS": 0,
      "rOTD": 4,
      "rAST": 3,
      "rULT": 1,
      "rLVS": 0,
      "rLLS": 1,
      "rDFS": 2,
      "rKNB": 2,
      "rCTT": 2,
      "rEVS": 0,
      "rFFD": 0,
      "rFFI": 1,
      "rSNP": 1,
      "rCQT": 0,
      "rBRX": 0,
      "rHWI": 2,
      "rMOT": 0,
      "rAMB": 1,
      "rMMB": 1,
      "rILS": 0,
      "rFE": 2,
      "rDSR": 2,
      "rSLP": 2,
      "rRSP": 1
    }
  },
  {
    "turn": 6,
    "move": "cxd4",
    "capture": {
      "roll": 2,
      "modifier": 17,
      "total": 19,
      "success": false
    },
    "stats": {
      "rDD": 0,
      "rDS": 2,
      "rOTD": 1,
      "rAST": 2,
      "rULT": 2,
      "rLVS": 1,
      "rLLS": 1,
      "rDFS": 0,
      "rKNB": 1,
      "rCTT": 2,
      "rEVS": 2,
      "rFFD": 1,
      "rFFI": 1,
      "rSNP": 1,
      "rCQT": 2,
      "rBRX": 1,
      "rHWI": 2,
      "rMOT": 0,
      "rAMB": 1,
      "rMMB": 3,
      "rILS": 1,
      "rFE": 1,
      "rDSR": 0,
      "rSLP": 0,
      "rRSP": 1
    }
  }
]