{
  "turn": 6,
  "move": "Qxd5",
  "capture": {
    "roll": 12,
    "modifier": 17,
    "total": 29,
    "success": true
  },
  "stats": {
    "rDD": 4,
    "rDS": 2,
    "rOTD": 2,
    "rAST": 0,
    "rULT": 2,
    "rLVS": 0,
    "rLLS": 1,
    "rDFS": 2,
    "rKNB": 2,
    "rCTT": 3,
    "rEVS": 2,
    "rFFD": 0,
    "rFFI": 1,
    "rSNP": 3,
    "rCQT": 0,
    "rBRX": 2,
    "rHWI": 0,
    "rMOT": 1,
    "rAMB": 1,
    "rMMB": 1,
    "rILS": 2,
    "rFE": 0,
    "rDSR": 2,
    "rSLP": 1,
    "rRSP": 2
  }
}