{
  "turn": 6,
  "move": "cxd4",
  "capture": {
    "roll": 10,
    "modifier": 17,
    "total": 27,
    "success": true
  },
  "stats": {
    "rDD": 2,
    "rDS": 2,
    "rOTD": 1,
    "rAST": 0,
    "rULT": 2,
    "rLVS": 1,
    "rLLS": 1,
    "rDFS": 0,
    "rKNB": 2,
    "rCTT": 2,
    "rEVS": 3,
    "rFFD": 0,
    "rFFI": 1,
    "rSNP": 1,
    "rCQT": 1,
    "rBRX": 2,
    "rHWI": 1,
    "rMOT": 1,
    "rAMB": 1,
    "rMMB": 1,
    "rILS": 2,
    "rFE": 2,
    "rDSR": 0,
    "rSLP": 0,
    "rRSP": 2
  }
}