{
  "turn": 6,
  "move": "Nf6",
  "capture": {
    "roll": 2,
    "modifier": 17,
    "total": 19,
    "success": false
  },
  "stats": {
    "rDD": 4,
    "rDS": 2,
    "rOTD": 6,
    "rAST": 3,
    "rULT": 2,
    "rLVS": 1,
    "rLLS": 1,
    "rDFS": 1,
    "rKNB": 1,
    "rCTT": 1,
    "rEVS": 3,
    "rFFD": 1,
    "rFFI": 1,
    "rSNP": 0,
    "rCQT": 3,
    "rBRX": 2,
    "rHWI": 0,
    "rMOT": 0,
    "rAMB": 1,
    "rMMB": 3,
    "rILS": 1,
    "rFE": 1,
    "rDSR": 1,
    "rSLP": 2,
    "rRSP": 2
  }
}