{
  "team_a": "T003",
  "team_b": "T008",
  "stats": {
    "Synch": {
      "rDD": 17,
      "rDS": 6,
      "rOTD": 27,
      "rAST": 14,
      "rULT": 5,
      "rLVS": 1,
      "rLLS": 4,
      "rDFS": 6,
      "rKNB": 1,
      "rCTT": 12,
      "rEVS": 24,
      "rFFD": 3,
      "rFFI": 4,
      "rSNP": 9,
      "rCQT": 11,
      "rBRX": 6,
      "rHWI": 4,
      "rMOT": 4,
      "rAMB": 4,
      "rMMB": 7,
      "rILS": 5,
      "rFE": 4,
      "rDSR": 6,
      "rSLP": 5,
      "rRSP": 5
    },
    "Quicksilver": {
      "rDD": 19,
      "rDS": 10,
      "rOTD": 20,
      "rAST": 13,
      "rULT": 8,
      "rLVS": 5,
      "rLLS": 3,
      "rDFS": 4,
      "rKNB": 4,
      "rCTT": 8,
      "rEVS": 11,
      "rFFD": 3,
      "rFFI": 4,
      "rSNP": 14,
      "rCQT": 9,
      "rBRX": 7,
      "rHWI": 4,
      "rMOT": 6,
      "rAMB": 2,
      "rMMB": 11,
      "rILS": 9,
      "rFE": 7,
      "rDSR": 5,
      "rSLP": 7,
      "rRSP": 8
    },
    "Ironheart": {
      "rDD": 9,
      "rDS": 11,
      "rOTD": 16,
      "rAST": 20,
      "rULT": 1,
      "rLVS": 3,
      "rLLS": 3,
      "rDFS": 5,
      "rKNB": 5,
      "rCTT": 13,
      "rEVS": 10,
      "rFFD": 4,
      "rFFI": 4,
      "rSNP": 9,
      "rCQT": 5,
      "rBRX": 6,
      "rHWI": 3,
      "rMOT": 2,
      "rAMB": 3,
      "rMMB": 9,
      "rILS": 7,
      "rFE": 6,
      "rDSR": 3,
      "rSLP": 11,
      "rRSP": 6
    },
    "Juggernaut": {
      "rDD": 11,
      "rDS": 8,
      "rOTD": 15,
      "rAST": 2,
      "rULT": 4,
      "rLVS": 2,
      "rLLS": 4,
      "rDFS": 7,
      "rKNB": 7,
      "rCTT": 5,
      "rEVS": 14,
      "rFFD": 5,
      "rFFI": 2,
      "rSNP": 12,
      "rCQT": 8,
      "rBRX": 5,
      "rHWI": 6,
      "rMOT": 3,
      "rAMB": 4,
      "rMMB": 8,
      "rILS": 14,
      "rFE": 9,
      "rDSR": 6,
      "rSLP": 5,
      "rRSP": 3
    },
    "Iron Fist": {
      "rDD": 16,
      "rDS": 10,
      "rOTD": 22,
      "rAST": 14,
      "rULT": 7,
      "rLVS": 3,
      "rLLS": 2,
      "rDFS": 8,
      "rKNB": 4,
      "rCTT": 8,
      "rEVS": 20,
      "rFFD": 2,
      "rFFI": 3,
      "rSNP": 5,
      "rCQT": 10,
      "rBRX": 6,
      "rHWI": 6,
      "rMOT": 4,
      "rAMB": 3,
      "rMMB": 7,
      "rILS": 8,
      "rFE": 8,
      "rDSR": 4,
      "rSLP": 5,
      "rRSP": 6
    },
    "Jessica Jones": {
      "rDD": 8,
      "rDS": 7,
      "rOTD": 23,
      "rAST": 12,
      "rULT": 6,
      "rLVS": 5,
      "rLLS": 4,
      "rDFS": 7,
      "rKNB": 10,
      "rCTT": 10,
      "rEVS": 19,
      "rFFD": 2,
      "rFFI": 2,
      "rSNP": 6,
      "rCQT": 12,
      "rBRX": 9,
      "rHWI": 7,
      "rMOT": 3,
      "rAMB": 4,
      "rMMB": 7,
      "rILS": 4,
      "rFE": 10,
      "rDSR": 5,
      "rSLP": 9,
      "rRSP": 5
    },
    "Psylocke": {
      "rDD": 14,
      "rDS": 6,
      "rOTD": 21,
      "rAST": 11,
      "rULT": 4,
      "rLVS": 5,
      "rLLS": 3,
      "rDFS": 6,
      "rKNB": 7,
      "rCTT": 8,
      "rEVS": 18,
      "rFFD": 5,
      "rFFI": 3,
      "rSNP": 5,
      "rCQT": 11,
      "rBRX": 6,
      "rHWI": 10,
      "rMOT": 1,
      "rAMB": 5,
      "rMMB": 9,
      "rILS": 8,
      "rFE": 7,
      "rDSR": 11,
      "rSLP": 2,
      "rRSP": 5
    },
    "Scarlet Witch": {
      "rDD": 16,
      "rDS": 10,
      "rOTD": 16,
      "rAST": 6,
      "rULT": 5,
      "rLVS": 2,
      "rLLS": 3,
      "rDFS": 8,
      "rKNB": 3,
      "rCTT": 6,
      "rEVS": 10,
      "rFFD": 2,
      "rFFI": 2,
      "rSNP": 11,
      "rCQT": 12,
      "rBRX": 7,
      "rHWI": 2,
      "rMOT": 4,
      "rAMB": 3,
      "rMMB": 9,
      "rILS": 8,
      "rFE": 8,
      "rDSR": 6,
      "rSLP": 9,
      "rRSP": 6
    },
    "Cloak": {
      "rDD": 16,
      "rDS": 3,
      "rOTD": 16,
      "rAST": 13,
      "rULT": 2,
      "rLVS": 1,
      "rLLS": 4,
      "rDFS": 8,
      "rKNB": 5,
      "rCTT": 12,
      "rEVS": 16,
      "rFFD": 2,
      "rFFI": 3,
      "rSNP": 14,
      "rCQT": 11,
      "rBRX": 7,
      "rHWI": 7,
      "rMOT": 3,
      "rAMB": 4,
      "rMMB": 12,
      "rILS": 9,
      "rFE": 9,
      "rDSR": 6,
      "rSLP": 6,
      "rRSP": 7
    },
    "Dagger": {
      "rDD": 11,
      "rDS": 9,
      "rOTD": 21,
      "rAST": 12,
      "rULT": 9,
      "rLVS": 3,
      "rLLS": 3,
      "rDFS": 6,
      "rKNB": 8,
      "rCTT": 8,
      "rEVS": 13,
      "rFFD": 1,
      "rFFI": 4,
      "rSNP": 8,
      "rCQT": 11,
      "rBRX": 2,
      "rHWI": 3,
      "rMOT": 1,
      "rAMB": 2,
      "rMMB": 5,
      "rILS": 9,
      "rFE": 3,
      "rDSR": 4,
      "rSLP": 5,
      "rRSP": 6
    },
    "Havok": {
      "rDD": 8,
      "rDS": 4,
      "rOTD": 8,
      "rAST": 8,
      "rULT": 6,
      "rLVS": 2,
      "rLLS": 3,
      "rDFS": 5,
      "rKNB": 5,
      "rCTT": 9,
      "rEVS": 4,
      "rFFD": 2,
      "rFFI": 3,
      "rSNP": 10,
      "rCQT": 14,
      "rBRX": 8,
      "rHWI": 4,
      "rMOT": 3,
      "rAMB": 5,
      "rMMB": 10,
      "rILS": 8,
      "rFE": 4,
      "rDSR": 5,
      "rSLP": 8,
      "rRSP": 4
    },
    "Valkyrie": {
      "rDD": 7,
      "rDS": 6,
      "rOTD": 21,
      "rAST": 13,
      "rULT": 6,
      "rLVS": 5,
      "rLLS": 6,
      "rDFS": 7,
      "rKNB": 8,
      "rCTT": 9,
      "rEVS": 14,
      "rFFD": 3,
      "rFFI": 6,
      "rSNP": 10,
      "rCQT": 8,
      "rBRX": 4,
      "rHWI": 6,
      "rMOT": 2,
      "rAMB": 4,
      "rMMB": 9,
      "rILS": 4,
      "rFE": 10,
      "rDSR": 5,
      "rSLP": 6,
      "rRSP": 7
    },
    "Bishop": {
      "rDD": 19,
      "rDS": 6,
      "rOTD": 14,
      "rAST": 9,
      "rULT": 5,
      "rLVS": 5,
      "rLLS": 3,
      "rDFS": 8,
      "rKNB": 4,
      "rCTT": 9,
      "rEVS": 19,
      "rFFD": 4,
      "rFFI": 4,
      "rSNP": 10,
      "rCQT": 10,
      "rBRX": 4,
      "rHWI": 5,
      "rMOT": 4,
      "rAMB": 2,
      "rMMB": 8,
      "rILS": 7,
      "rFE": 2,
      "rDSR": 8,
      "rSLP": 5,
      "rRSP": 7
    },
    "Groot": {
      "rDD": 21,
      "rDS": 9,
      "rOTD": 22,
      "rAST": 16,
      "rULT": 6,
      "rLVS": 2,
      "rLLS": 4,
      "rDFS": 6,
      "rKNB": 3,
      "rCTT": 11,
      "rEVS": 21,
      "rFFD": 5,
      "rFFI": 4,
      "rSNP": 4,
      "rCQT": 9,
      "rBRX": 6,
      "rHWI": 8,
      "rMOT": 3,
      "rAMB": 4,
      "rMMB": 11,
      "rILS": 7,
      "rFE": 5,
      "rDSR": 7,
      "rSLP": 7,
      "rRSP": 7
    },
    "Guardian": {
      "rDD": 6,
      "rDS": 5,
      "rOTD": 17,
      "rAST": 7,
      "rULT": 7,
      "rLVS": 2,
      "rLLS": 2,
      "rDFS": 7,
      "rKNB": 6,
      "rCTT": 10,
      "rEVS": 15,
      "rFFD": 1,
      "rFFI": 1,
      "rSNP": 9,
      "rCQT": 9,
      "rBRX": 4,
      "rHWI": 8,
      "rMOT": 3,
      "rAMB": 3,
      "rMMB": 12,
      "rILS": 13,
      "rFE": 10,
      "rDSR": 6,
      "rSLP": 3,
      "rRSP": 7
    },
    "Apocalypse": {
      "rDD": 13,
      "rDS": 5,
      "rOTD": 13,
      "rAST": 14,
      "rULT": 2,
      "rLVS": 1,
      "rLLS": 5,
      "rDFS": 6,
      "rKNB": 10,
      "rCTT": 9,
      "rEVS": 13,
      "rFFD": 2,
      "rFFI": 2,
      "rSNP": 4,
      "rCQT": 7,
      "rBRX": 4,
      "rHWI": 7,
      "rMOT": 4,
      "rAMB": 2,
      "rMMB": 10,
      "rILS": 11,
      "rFE": 5,
      "rDSR": 7,
      "rSLP": 5,
      "rRSP": 6
    },
    "Blue Marvel": {
      "rDD": 14,
      "rDS": 6,
      "rOTD": 17,
      "rAST": 10,
      "rULT": 3,
      "rLVS": 4,
      "rLLS": 2,
      "rDFS": 7,
      "rKNB": 1,
      "rCTT": 7,
      "rEVS": 12,
      "rFFD": 4,
      "rFFI": 1,
      "rSNP": 10,
      "rCQT": 6,
      "rBRX": 1,
      "rHWI": 3,
      "rMOT": 2,
      "rAMB": 4,
      "rMMB": 14,
      "rILS": 8,
      "rFE": 4,
      "rDSR": 8,
      "rSLP": 7,
      "rRSP": 6
    },
    "Silver Surfer": {
      "rDD": 21,
      "rDS": 13,
      "rOTD": 23,
      "rAST": 10,
      "rULT": 2,
      "rLVS": 3,
      "rLLS": 3,
      "rDFS": 7,
      "rKNB": 5,
      "rCTT": 8,
      "rEVS": 20,
      "rFFD": 1,
      "rFFI": 5,
      "rSNP": 10,
      "rCQT": 9,
      "rBRX": 6,
      "rHWI": 8,
      "rMOT": 3,
      "rAMB": 3,
      "rMMB": 9,
      "rILS": 5,
      "rFE": 1,
      "rDSR": 6,
      "rSLP": 5,
      "rRSP": 6
    },
    "Cable": {
      "rDD": 17,
      "rDS": 7,
      "rOTD": 21,
      "rAST": 9,
      "rULT": 6,
      "rLVS": 2,
      "rLLS": 4,
      "rDFS": 6,
      "rKNB": 6,
      "rCTT": 9,
      "rEVS": 13,
      "rFFD": 1,
      "rFFI": 3,
      "rSNP": 6,
      "rCQT": 7,
      "rBRX": 6,
      "rHWI": 8,
      "rMOT": 2,
      "rAMB": 3,
      "rMMB": 15,
      "rILS": 5,
      "rFE": 6,
      "rDSR": 7,
      "rSLP": 5,
      "rRSP": 7
    }
  },
  "status": "complete"
}