{
  "turn": 6,
  "move": "a6",
  "capture": {
    "roll": 2,
    "modifier": 17,
    "total": 19,
    "success": false
  },
  "stats": {
    "rDD": 4,
    "rDS": 0,
    "rOTD": 5,
    "rAST": 0,
    "rULT": 2,
    "rLVS": 0,
    "rLLS": 0,
    "rDFS": 0,
    "rKNB": 1,
    "rCTT": 1,
    "rEVS": 1,
    "rFFD": 0,
    "rFFI": 1,
    "rSNP": 2,
    "rCQT": 1,
    "rBRX": 0,
    "rHWI": 0,
    "rMOT": 0,
    "rAMB": 1,
    "rMMB": 0,
    "rILS": 3,
    "rFE": 1,
    "rDSR": 1,
    "rSLP": 0,
    "rRSP": 0
  }
}