{
  "team_a": "T003",
  "team_b": "T008",
  "stats": {
    "Synch": {
      "rDD": 16,
      "rDS": 9,
      "rOTD": 14,
      "rAST": 11,
      "rULT": 12,
      "rLVS": 3,
      "rLLS": 0,
      "rDFS": 4,
      "rKNB": 9,
      "rCTT": 11,
      "rEVS": 11,
      "rFFD": 3,
      "rFFI": 1,
      "rSNP": 9,
      "rCQT": 9,
      "rBRX": 8,
      "rHWI": 5,
      "rMOT": 2,
      "rAMB": 2,
      "rMMB": 5,
      "rILS": 12,
      "rFE": 6,
      "rDSR": 6,
      "rSLP": 7,
      "rRSP": 4
    },
    "Bishop": {
      "rDD": 17,
      "rDS": 12,
      "rOTD": 14,
      "rAST": 13,
      "rULT": 6,
      "rLVS": 2,
      "rLLS": 3,
      "rDFS": 6,
      "rKNB": 6,
      "rCTT": 13,
      "rEVS": 11,
      "rFFD": 1,
      "rFFI": 3,
      "rSNP": 10,
      "rCQT": 9,
      "rBRX": 8,
      "rHWI": 2,
      "rMOT": 3,
      "rAMB": 5,
      "rMMB": 10,
      "rILS": 9,
      "rFE": 4,
      "rDSR": 6,
      "rSLP": 5,
      "rRSP": 7
    },
    "Magneto": {
      "rDD": 16,
      "rDS": 10,
      "rOTD": 13,
      "rAST": 13,
      "rULT": 7,
      "rLVS": 2,
      "rLLS": 2,
      "rDFS": 7,
      "rKNB": 6,
      "rCTT": 9,
      "rEVS": 17,
      "rFFD": 4,
      "rFFI": 1,
      "rSNP": 3,
      "rCQT": 9,
      "rBRX": 6,
      "rHWI": 6,
      "rMOT": 3,
      "rAMB": 4,
      "rMMB": 10,
      "rILS": 13,
      "rFE": 9,
      "rDSR": 4,
      "rSLP": 5,
      "rRSP": 10
    },
    "Hulk": {
      "rDD": 4,
      "rDS": 10,
      "rOTD": 24,
      "rAST": 14,
      "rULT": 7,
      "rLVS": 2,
      "rLLS": 2,
      "rDFS": 4,
      "rKNB": 6,
      "rCTT": 9,
      "rEVS": 16,
      "rFFD": 2,
      "rFFI": 0,
      "rSNP": 12,
      "rCQT": 10,
      "rBRX": 8,
      "rHWI": 7,
      "rMOT": 1,
      "rAMB": 3,
      "rMMB": 6,
      "rILS": 10,
      "rFE": 4,
      "rDSR": 3,
      "rSLP": 7,
      "rRSP": 7
    },
    "Carnage": {
      "rDD": 15,
      "rDS": 11,
      "rOTD": 24,
      "rAST": 14,
      "rULT": 8,
      "rLVS": 4,
      "rLLS": 3,
      "rDFS": 5,
      "rKNB": 7,
      "rCTT": 9,
      "rEVS": 17,
      "rFFD": 3,
      "rFFI": 5,
      "rSNP": 8,
      "rCQT": 8,
      "rBRX": 7,
      "rHWI": 5,
      "rMOT": 2,
      "rAMB": 1,
      "rMMB": 7,
      "rILS": 13,
      "rFE": 10,
      "rDSR": 3,
      "rSLP": 6,
      "rRSP": 3
    },
    "Psylocke": {
      "rDD": 17,
      "rDS": 10,
      "rOTD": 12,
      "rAST": 19,
      "rULT": 6,
      "rLVS": 1,
      "rLLS": 1,
      "rDFS": 6,
      "rKNB": 7,
      "rCTT": 13,
      "rEVS": 8,
      "rFFD": 2,
      "rFFI": 3,
      "rSNP": 10,
      "rCQT": 13,
      "rBRX": 5,
      "rHWI": 5,
      "rMOT": 4,
      "rAMB": 2,
      "rMMB": 12,
      "rILS": 10,
      "rFE": 6,
      "rDSR": 7,
      "rSLP": 4,
      "rRSP": 4
    },
    "Moonstar": {
      "rDD": 16,
      "rDS": 11,
      "rOTD": 24,
      "rAST": 10,
      "rULT": 4,
      "rLVS": 4,
      "rLLS": 1,
      "rDFS": 10,
      "rKNB": 6,
      "rCTT": 9,
      "rEVS": 20,
      "rFFD": 4,
      "rFFI": 4,
      "rSNP": 8,
      "rCQT": 12,
      "rBRX": 8,
      "rHWI": 5,
      "rMOT": 4,
      "rAMB": 3,
      "rMMB": 6,
      "rILS": 14,
      "rFE": 9,
      "rDSR": 7,
      "rSLP": 4,
      "rRSP": 6
    },
    "Scarlet Witch": {
      "rDD": 11,
      "rDS": 7,
      "rOTD": 20,
      "rAST": 11,
      "rULT": 7,
      "rLVS": 2,
      "rLLS": 3,
      "rDFS": 4,
      "rKNB": 6,
      "rCTT": 7,
      "rEVS": 13,
      "rFFD": 2,
      "rFFI": 3,
      "rSNP": 12,
      "rCQT": 11,
      "rBRX": 4,
      "rHWI": 9,
      "rMOT": 3,
      "rAMB": 3,
      "rMMB": 5,
      "rILS": 6,
      "rFE": 7,
      "rDSR": 9,
      "rSLP": 5,
      "rRSP": 7
    },
    "Sage": {
      "rDD": 17,
      "rDS": 9,
      "rOTD": 15,
      "rAST": 9,
      "rULT": 8,
      "rLVS": 3,
      "rLLS": 3,
      "rDFS": 5,
      "rKNB": 4,
      "rCTT": 8,
      "rEVS": 22,
      "rFFD": 3,
      "rFFI": 4,
      "rSNP": 12,
      "rCQT": 9,
      "rBRX": 4,
      "rHWI": 6,
      "rMOT": 5,
      "rAMB": 2,
      "rMMB": 10,
      "rILS": 9,
      "rFE": 4,
      "rDSR": 7,
      "rSLP": 6,
      "rRSP": 9
    },
    "Vision": {
      "rDD": 19,
      "rDS": 7,
      "rOTD": 16,
      "rAST": 9,
      "rULT": 7,
      "rLVS": 4,
      "rLLS": 2,
      "rDFS": 5,
      "rKNB": 6,
      "rCTT": 3,
      "rEVS": 11,
      "rFFD": 4,
      "rFFI": 4,
      "rSNP": 5,
      "rCQT": 12,
      "rBRX": 5,
      "rHWI": 5,
      "rMOT": 2,
      "rAMB": 1,
      "rMMB": 11,
      "rILS": 5,
      "rFE": 4,
      "rDSR": 5,
      "rSLP": 5,
      "rRSP": 4
    },
    "Juggernaut": {
      "rDD": 22,
      "rDS": 9,
      "rOTD": 19,
      "rAST": 14,
      "rULT": 7,
      "rLVS": 3,
      "rLLS": 3,
      "rDFS": 6,
      "rKNB": 7,
      "rCTT": 5,
      "rEVS": 18,
      "rFFD": 4,
      "rFFI": 4,
      "rSNP": 7,
      "rCQT": 13,
      "rBRX": 4,
      "rHWI": 3,
      "rMOT": 4,
      "rAMB": 4,
      "rMMB": 14,
      "rILS": 15,
      "rFE": 6,
      "rDSR": 5,
      "rSLP": 4,
      "rRSP": 6
    },
    "Ultron": {
      "rDD": 19,
      "rDS": 13,
      "rOTD": 21,
      "rAST": 11,
      "rULT": 9,
      "rLVS": 3,
      "rLLS": 4,
      "rDFS": 9,
      "rKNB": 4,
      "rCTT": 6,
      "rEVS": 14,
      "rFFD": 3,
      "rFFI": 4,
      "rSNP": 10,
      "rCQT": 5,
      "rBRX": 5,
      "rHWI": 7,
      "rMOT": 2,
      "rAMB": 1,
      "rMMB": 12,
      "rILS": 7,
      "rFE": 7,
      "rDSR": 8,
      "rSLP": 9,
      "rRSP": 8
    },
    "Daredevil": {
      "rDD": 9,
      "rDS": 12,
      "rOTD": 14,
      "rAST": 14,
      "rULT": 4,
      "rLVS": 3,
      "rLLS": 3,
      "rDFS": 3,
      "rKNB": 8,
      "rCTT": 8,
      "rEVS": 12,
      "rFFD": 3,
      "rFFI": 2,
      "rSNP": 7,
      "rCQT": 10,
      "rBRX": 6,
      "rHWI": 0,
      "rMOT": 4,
      "rAMB": 2,
      "rMMB": 13,
      "rILS": 9,
      "rFE": 7,
      "rDSR": 5,
      "rSLP": 5,
      "rRSP": 5
    },
    "Thor (Jane Foster)": {
      "rDD": 22,
      "rDS": 9,
      "rOTD": 10,
      "rAST": 9,
      "rULT": 6,
      "rLVS": 4,
      "rLLS": 3,
      "rDFS": 10,
      "rKNB": 6,
      "rCTT": 10,
      "rEVS": 8,
      "rFFD": 5,
      "rFFI": 2,
      "rSNP": 6,
      "rCQT": 8,
      "rBRX": 5,
      "rHWI": 6,
      "rMOT": 3,
      "rAMB": 5,
      "rMMB": 15,
      "rILS": 11,
      "rFE": 7,
      "rDSR": 4,
      "rSLP": 7,
      "rRSP": 9
    },
    "Apocalypse": {
      "rDD": 16,
      "rDS": 12,
      "rOTD": 18,
      "rAST": 12,
      "rULT": 8,
      "rLVS": 4,
      "rLLS": 5,
      "rDFS": 9,
      "rKNB": 7,
      "rCTT": 9,
      "rEVS": 13,
      "rFFD": 3,
      "rFFI": 4,
      "rSNP": 4,
      "rCQT": 10,
      "rBRX": 5,
      "rHWI": 7,
      "rMOT": 4,
      "rAMB": 5,
      "rMMB": 13,
      "rILS": 5,
      "rFE": 7,
      "rDSR": 3,
      "rSLP": 5,
      "rRSP": 8
    },
    "Warlock": {
      "rDD": 21,
      "rDS": 12,
      "rOTD": 13,
      "rAST": 17,
      "rULT": 5,
      "rLVS": 6,
      "rLLS": 2,
      "rDFS": 7,
      "rKNB": 6,
      "rCTT": 9,
      "rEVS": 19,
      "rFFD": 3,
      "rFFI": 4,
      "rSNP": 13,
      "rCQT": 10,
      "rBRX": 7,
      "rHWI": 5,
      "rMOT": 4,
      "rAMB": 2,
      "rMMB": 12,
      "rILS": 10,
      "rFE": 5,
      "rDSR": 4,
      "rSLP": 8,
      "rRSP": 8
    }
  },
  "status": "complete"
}