{
  "turn": 6,
  "move": "cxd4",
  "capture": {
    "roll": 16,
    "modifier": 17,
    "total": 33,
    "success": true
  },
  "stats": {
    "rDD": 0,
    "rDS": 1,
    "rOTD": 4,
    "rAST": 3,
    "rULT": 2,
    "rLVS": 1,
    "rLLS": 0,
    "rDFS": 0,
    "rKNB": 2,
    "rCTT": 3,
    "rEVS": 5,
    "rFFD": 1,
    "rFFI": 0,
    "rSNP": 1,
    "rCQT": 0,
    "rBRX": 1,
    "rHWI": 1,
    "rMOT": 0,
    "rAMB": 0,
    "rMMB": 0,
    "rILS": 2,
    "rFE": 2,
    "rDSR": 0,
    "rSLP": 2,
    "rRSP": 0
  }
}