{
  "turn": 6,
  "move": "g6",
  "capture": {
    "roll": 4,
    "modifier": 17,
    "total": 21,
    "success": true
  },
  "stats": {
    "rDD": 2,
    "rDS": 0,
    "rOTD": 2,
    "rAST": 3,
    "rULT": 1,
    "rLVS": 1,
    "rLLS": 0,
    "rDFS": 0,
    "rKNB": 0,
    "rCTT": 0,
    "rEVS": 3,
    "rFFD": 1,
    "rFFI": 0,
    "rSNP": 2,
    "rCQT": 1,
    "rBRX": 2,
    "rHWI": 2,
    "rMOT": 1,
    "rAMB": 1,
    "rMMB": 0,
    "rILS": 0,
    "rFE": 2,
    "rDSR": 1,
    "rSLP": 0,
    "rRSP": 0
  }
}