{
  "turn": 6,
  "move": "a6",
  "capture": {
    "roll": 12,
    "modifier": 17,
    "total": 29,
    "success": true
  },
  "stats": {
    "rDD": 4,
    "rDS": 1,
    "rOTD": 3,
    "rAST": 4,
    "rULT": 2,
    "rLVS": 1,
    "rLLS": 0,
    "rDFS": 1,
    "rKNB": 1,
    "rCTT": 3,
    "rEVS": 5,
    "rFFD": 1,
    "rFFI": 1,
    "rSNP": 0,
    "rCQT": 0,
    "rBRX": 0,
    "rHWI": 1,
    "rMOT": 0,
    "rAMB": 0,
    "rMMB": 2,
    "rILS": 2,
    "rFE": 1,
    "rDSR": 1,
    "rSLP": 0,
    "rRSP": 2
  }
}