{
  "turn": 6,
  "move": "cxd4",
  "capture": {
    "roll": 4,
    "modifier": 17,
    "total": 21,
    "success": true
  },
  "stats": {
    "rDD": 1,
    "rDS": 0,
    "rOTD": 0,
    "rAST": 3,
    "rULT": 2,
    "rLVS": 0,
    "rLLS": 0,
    "rDFS": 0,
    "rKNB": 1,
    "rCTT": 2,
    "rEVS": 3,
    "rFFD": 0,
    "rFFI": 0,
    "rSNP": 0,
    "rCQT": 3,
    "rBRX": 2,
    "rHWI": 1,
    "rMOT": 1,
    "rAMB": 0,
    "rMMB": 1,
    "rILS": 1,
    "rFE": 2,
    "rDSR": 0,
    "rSLP": 2,
    "rRSP": 2
  }
}