{
  "turn": 6,
  "move": "Nf6",
  "capture": {
    "roll": 3,
    "modifier": 17,
    "total": 20,
    "success": true
  },
  "stats": {
    "rDD": 4,
    "rDS": 3,
    "rOTD": 2,
    "rAST": 2,
    "rULT": 2,
    "rLVS": 0,
    "rLLS": 0,
    "rDFS": 0,
    "rKNB": 2,
    "rCTT": 1,
    "rEVS": 0,
    "rFFD": 1,
    "rFFI": 0,
    "rSNP": 2,
    "rCQT": 1,
    "rBRX": 0,
    "rHWI": 0,
    "rMOT": 0,
    "rAMB": 0,
    "rMMB": 1,
    "rILS": 2,
    "rFE": 2,
    "rDSR": 1,
    "rSLP": 1,
    "rRSP": 0
  }
}