{
  "team_a": "T004",
  "team_b": "T009",
  "stats": {
    "Banshee": {
      "rDD": 12,
      "rDS": 13,
      "rOTD": 11,
      "rAST": 10,
      "rULT": 6,
      "rLVS": 4,
      "rLLS": 5,
      "rDFS": 7,
      "rKNB": 3,
      "rCTT": 9,
      "rEVS": 11,
      "rFFD": 4,
      "rFFI": 1,
      "rSNP": 13,
      "rCQT": 11,
      "rBRX": 9,
      "rHWI": 9,
      "rMOT": 3,
      "rAMB": 2,
      "rMMB": 8,
      "rILS": 8,
      "rFE": 11,
      "rDSR": 8,
      "rSLP": 5,
      "rRSP": 8
    },
    "Domino": {
      "rDD": 4,
      "rDS": 9,
      "rOTD": 16,
      "rAST": 11,
      "rULT": 8,
      "rLVS": 1,
      "rLLS": 5,
      "rDFS": 7,
      "rKNB": 6,
      "rCTT": 13,
      "rEVS": 14,
      "rFFD": 3,
      "rFFI": 3,
      "rSNP": 9,
      "rCQT": 4,
      "rBRX": 6,
      "rHWI": 9,
      "rMOT": 4,
      "rAMB": 2,
      "rMMB": 7,
      "rILS": 5,
      "rFE": 8,
      "rDSR": 8,
      "rSLP": 8,
      "rRSP": 5
    },
    "Drax the Destroyer": {
      "rDD": 19,
      "rDS": 16,
      "rOTD": 19,
      "rAST": 15,
      "rULT": 6,
      "rLVS": 2,
      "rLLS": 5,
      "rDFS": 8,
      "rKNB": 9,
      "rCTT": 9,
      "rEVS": 10,
      "rFFD": 3,
      "rFFI": 4,
      "rSNP": 2,
      "rCQT": 8,
      "rBRX": 8,
      "rHWI": 7,
      "rMOT": 4,
      "rAMB": 2,
      "rMMB": 8,
      "rILS": 12,
      "rFE": 7,
      "rDSR": 9,
      "rSLP": 2,
      "rRSP": 2
    },
    "Doctor Octopus": {
      "rDD": 18,
      "rDS": 7,
      "rOTD": 24,
      "rAST": 10,
      "rULT": 4,
      "rLVS": 2,
      "rLLS": 3,
      "rDFS": 6,
      "rKNB": 6,
      "rCTT": 7,
      "rEVS": 13,
      "rFFD": 1,
      "rFFI": 3,
      "rSNP": 11,
      "rCQT": 6,
      "rBRX": 7,
      "rHWI": 8,
      "rMOT": 3,
      "rAMB": 2,
      "rMMB": 6,
      "rILS": 8,
      "rFE": 6,
      "rDSR": 3,
      "rSLP": 8,
      "rRSP": 9
    },
    "Agatha Harkness": {
      "rDD": 6,
      "rDS": 13,
      "rOTD": 13,
      "rAST": 5,
      "rULT": 5,
      "rLVS": 3,
      "rLLS": 4,
      "rDFS": 9,
      "rKNB": 3,
      "rCTT": 12,
      "rEVS": 13,
      "rFFD": 2,
      "rFFI": 4,
      "rSNP": 14,
      "rCQT": 3,
      "rBRX": 5,
      "rHWI": 5,
      "rMOT": 4,
      "rAMB": 3,
      "rMMB": 7,
      "rILS": 8,
      "rFE": 6,
      "rDSR": 5,
      "rSLP": 4,
      "rRSP": 5
    },
    "Black Widow": {
      "rDD": 15,
      "rDS": 6,
      "rOTD": 16,
      "rAST": 14,
      "rULT": 4,
      "rLVS": 2,
      "rLLS": 5,
      "rDFS": 4,
      "rKNB": 8,
      "rCTT": 11,
      "rEVS": 13,
      "rFFD": 3,
      "rFFI": 4,
      "rSNP": 5,
      "rCQT": 9,
      "rBRX": 6,
      "rHWI": 5,
      "rMOT": 4,
      "rAMB": 2,
      "rMMB": 5,
      "rILS": 6,
      "rFE": 7,
      "rDSR": 5,
      "rSLP": 10,
      "rRSP": 7
    },
    "Professor X": {
      "rDD": 15,
      "rDS": 7,
      "rOTD": 13,
      "rAST": 9,
      "rULT": 6,
      "rLVS": 4,
      "rLLS": 3,
      "rDFS": 6,
      "rKNB": 3,
      "rCTT": 9,
      "rEVS": 14,
      "rFFD": 4,
      "rFFI": 1,
      "rSNP": 3,
      "rCQT": 12,
      "rBRX": 5,
      "rHWI": 4,
      "rMOT": 3,
      "rAMB": 2,
      "rMMB": 13,
      "rILS": 11,
      "rFE": 4,
      "rDSR": 11,
      "rSLP": 5,
      "rRSP": 6
    },
    "Captain Marvel": {
      "rDD": 12,
      "rDS": 10,
      "rOTD": 18,
      "rAST": 13,
      "rULT": 8,
      "rLVS": 5,
      "rLLS": 2,
      "rDFS": 7,
      "rKNB": 7,
      "rCTT": 9,
      "rEVS": 10,
      "rFFD": 4,
      "rFFI": 3,
      "rSNP": 7,
      "rCQT": 9,
      "rBRX": 7,
      "rHWI": 7,
      "rMOT": 1,
      "rAMB": 2,
      "rMMB": 6,
      "rILS": 9,
      "rFE": 7,
      "rDSR": 5,
      "rSLP": 5,
      "rRSP": 4
    },
    "Black Panther (T'Challa)": {
      "rDD": 17,
      "rDS": 7,
      "rOTD": 23,
      "rAST": 10,
      "rULT": 2,
      "rLVS": 3,
      "rLLS": 4,
      "rDFS": 8,
      "rKNB": 10,
      "rCTT": 10,
      "rEVS": 4,
      "rFFD": 2,
      "rFFI": 3,
      "rSNP": 6,
      "rCQT": 6,
      "rBRX": 3,
      "rHWI": 9,
      "rMOT": 2,
      "rAMB": 2,
      "rMMB": 5,
      "rILS": 8,
      "rFE": 7,
      "rDSR": 6,
      "rSLP": 5,
      "rRSP": 7
    },
    "Moon Knight": {
      "rDD": 11,
      "rDS": 15,
      "rOTD": 13,
      "rAST": 12,
      "rULT": 7,
      "rLVS": 4,
      "rLLS": 2,
      "rDFS": 8,
      "rKNB": 3,
      "rCTT": 9,
      "rEVS": 17,
      "rFFD": 1,
      "rFFI": 2,
      "rSNP": 12,
      "rCQT": 11,
      "rBRX": 6,
      "rHWI": 7,
      "rMOT": 2,
      "rAMB": 3,
      "rMMB": 4,
      "rILS": 5,
      "rFE": 4,
      "rDSR": 6,
      "rSLP": 4,
      "rRSP": 9
    },
    "Morph": {
      "rDD": 10,
      "rDS": 9,
      "rOTD": 29,
      "rAST": 17,
      "rULT": 5,
      "rLVS": 4,
      "rLLS": 2,
      "rDFS": 6,
      "rKNB": 3,
      "rCTT": 12,
      "rEVS": 18,
      "rFFD": 3,
      "rFFI": 4,
      "rSNP": 7,
      "rCQT": 6,
      "rBRX": 5,
      "rHWI": 5,
      "rMOT": 5,
      "rAMB": 3,
      "rMMB": 15,
      "rILS": 12,
      "rFE": 7,
      "rDSR": 6,
      "rSLP": 3,
      "rRSP": 6
    },
    "Captain America (Wilson)": {
      "rDD": 21,
      "rDS": 10,
      "rOTD": 23,
      "rAST": 11,
      "rULT": 8,
      "rLVS": 2,
      "rLLS": 3,
      "rDFS": 7,
      "rKNB": 5,
      "rCTT": 2,
      "rEVS": 17,
      "rFFD": 2,
      "rFFI": 3,
      "rSNP": 6,
      "rCQT": 4,
      "rBRX": 5,
      "rHWI": 5,
      "rMOT": 4,
      "rAMB": 5,
      "rMMB": 11,
      "rILS": 14,
      "rFE": 6,
      "rDSR": 6,
      "rSLP": 6,
      "rRSP": 7
    },
    "Black Panther (Shuri)": {
      "rDD": 15,
      "rDS": 8,
      "rOTD": 20,
      "rAST": 16,
      "rULT": 4,
      "rLVS": 3,
      "rLLS": 4,
      "rDFS": 4,
      "rKNB": 8,
      "rCTT": 3,
      "rEVS": 8,
      "rFFD": 3,
      "rFFI": 4,
      "rSNP": 11,
      "rCQT": 14,
      "rBRX": 5,
      "rHWI": 6,
      "rMOT": 4,
      "rAMB": 2,
      "rMMB": 10,
      "rILS": 11,
      "rFE": 7,
      "rDSR": 9,
      "rSLP": 5,
      "rRSP": 7
    },
    "Cyclops": {
      "rDD": 12,
      "rDS": 4,
      "rOTD": 17,
      "rAST": 16,
      "rULT": 6,
      "rLVS": 2,
      "rLLS": 4,
      "rDFS": 3,
      "rKNB": 5,
      "rCTT": 8,
      "rEVS": 18,
      "rFFD": 3,
      "rFFI": 3,
      "rSNP": 6,
      "rCQT": 11,
      "rBRX": 8,
      "rHWI": 11,
      "rMOT": 3,
      "rAMB": 4,
      "rMMB": 10,
      "rILS": 7,
      "rFE": 7,
      "rDSR": 8,
      "rSLP": 6,
      "rRSP": 5
    },
    "Colossus": {
      "rDD": 12,
      "rDS": 13,
      "rOTD": 20,
      "rAST": 13,
      "rULT": 8,
      "rLVS": 2,
      "rLLS": 4,
      "rDFS": 4,
      "rKNB": 10,
      "rCTT": 12,
      "rEVS": 12,
      "rFFD": 1,
      "rFFI": 3,
      "rSNP": 13,
      "rCQT": 10,
      "rBRX": 6,
      "rHWI": 8,
      "rMOT": 6,
      "rAMB": 4,
      "rMMB": 4,
      "rILS": 11,
      "rFE": 2,
      "rDSR": 6,
      "rSLP": 9,
      "rRSP": 7
    },
    "Darwin": {
      "rDD": 8,
      "rDS": 6,
      "rOTD": 22,
      "rAST": 10,
      "rULT": 5,
      "rLVS": 1,
      "rLLS": 3,
      "rDFS": 7,
      "rKNB": 6,
      "rCTT": 12,
      "rEVS": 19,
      "rFFD": 4,
      "rFFI": 3,
      "rSNP": 7,
      "rCQT": 11,
      "rBRX": 8,
      "rHWI": 9,
      "rMOT": 2,
      "rAMB": 5,
      "rMMB": 12,
      "rILS": 8,
      "rFE": 6,
      "rDSR": 5,
      "rSLP": 5,
      "rRSP": 7
    },
    "Dagger": {
      "rDD": 18,
      "rDS": 7,
      "rOTD": 20,
      "rAST": 11,
      "rULT": 6,
      "rLVS": 5,
      "rLLS": 3,
      "rDFS": 6,
      "rKNB": 8,
      "rCTT": 13,
      "rEVS": 21,
      "rFFD": 4,
      "rFFI": 3,
      "rSNP": 5,
      "rCQT": 6,
      "rBRX": 8,
      "rHWI": 2,
      "rMOT": 1,
      "rAMB": 3,
      "rMMB": 11,
      "rILS": 9,
      "rFE": 5,
      "rDSR": 6,
      "rSLP": 6,
      "rRSP": 5
    },
    "Cypher": {
      "rDD": 16,
      "rDS": 10,
      "rOTD": 22,
      "rAST": 14,
      "rULT": 8,
      "rLVS": 3,
      "rLLS": 4,
      "rDFS": 7,
      "rKNB": 5,
      "rCTT": 10,
      "rEVS": 20,
      "rFFD": 4,
      "rFFI": 3,
      "rSNP": 11,
      "rCQT": 11,
      "rBRX": 7,
      "rHWI": 6,
      "rMOT": 5,
      "rAMB": 1,
      "rMMB": 8,
      "rILS": 1,
      "rFE": 3,
      "rDSR": 4,
      "rSLP": 4,
      "rRSP": 5
    },
    "Doctor Doom": {
      "rDD": 13,
      "rDS": 9,
      "rOTD": 21,
      "rAST": 12,
      "rULT": 4,
      "rLVS": 4,
      "rLLS": 3,
      "rDFS": 10,
      "rKNB": 3,
      "rCTT": 11,
      "rEVS": 20,
      "rFFD": 4,
      "rFFI": 3,
      "rSNP": 8,
      "rCQT": 12,
      "rBRX": 5,
      "rHWI": 7,
      "rMOT": 4,
      "rAMB": 3,
      "rMMB": 7,
      "rILS": 8,
      "rFE": 4,
      "rDSR": 7,
      "rSLP": 4,
      "rRSP": 7
    },
    "Carnage": {
      "rDD": 7,
      "rDS": 10,
      "rOTD": 23,
      "rAST": 12,
      "rULT": 3,
      "rLVS": 3,
      "rLLS": 3,
      "rDFS": 4,
      "rKNB": 4,
      "rCTT": 8,
      "rEVS": 12,
      "rFFD": 5,
      "rFFI": 3,
      "rSNP": 10,
      "rCQT": 9,
      "rBRX": 8,
      "rHWI": 5,
      "rMOT": 4,
      "rAMB": 3,
      "rMMB": 11,
      "rILS": 11,
      "rFE": 6,
      "rDSR": 8,
      "rSLP": 8,
      "rRSP": 7
    },
    "Danger": {
      "rDD": 19,
      "rDS": 12,
      "rOTD": 19,
      "rAST": 13,
      "rULT": 6,
      "rLVS": 4,
      "rLLS": 2,
      "rDFS": 7,
      "rKNB": 6,
      "rCTT": 9,
      "rEVS": 10,
      "rFFD": 5,
      "rFFI": 3,
      "rSNP": 7,
      "rCQT": 13,
      "rBRX": 3,
      "rHWI": 5,
      "rMOT": 3,
      "rAMB": 2,
      "rMMB": 6,
      "rILS": 5,
      "rFE": 3,
      "rDSR": 5,
      "rSLP": 8,
      "rRSP": 4
    },
    "Hyperion": {
      "rDD": 13,
      "rDS": 10,
      "rOTD": 26,
      "rAST": 17,
      "rULT": 5,
      "rLVS": 3,
      "rLLS": 2,
      "rDFS": 7,
      "rKNB": 8,
      "rCTT": 7,
      "rEVS": 15,
      "rFFD": 5,
      "rFFI": 3,
      "rSNP": 11,
      "rCQT": 11,
      "rBRX": 6,
      "rHWI": 5,
      "rMOT": 3,
      "rAMB": 2,
      "rMMB": 9,
      "rILS": 11,
      "rFE": 4,
      "rDSR": 7,
      "rSLP": 7,
      "rRSP": 7
    }
  },
  "status": "complete"
}