{
  "turn": 6,
  "move": "a6",
  "capture": {
    "roll": 6,
    "modifier": 17,
    "total": 23,
    "success": true
  },
  "stats": {
    "rDD": 5,
    "rDS": 2,
    "rOTD": 1,
    "rAST": 2,
    "rULT": 0,
    "rLVS": 0,
    "rLLS": 0,
    "rDFS": 2,
    "rKNB": 0,
    "rCTT": 0,
    "rEVS": 2,
    "rFFD": 1,
    "rFFI": 1,
    "rSNP": 2,
    "rCQT": 0,
    "rBRX": 2,
    "rHWI": 1,
    "rMOT": 1,
    "rAMB": 1,
    "rMMB": 0,
    "rILS": 2,
    "rFE": 2,
    "rDSR": 1,
    "rSLP": 0,
    "rRSP": 0
  }
}