{
  "turn": 6,
  "move": "e5",
  "capture": {
    "roll": 10,
    "modifier": 17,
    "total": 27,
    "success": true
  },
  "stats": {
    "rDD": 1,
    "rDS": 1,
    "rOTD": 3,
    "rAST": 0,
    "rULT": 2,
    "rLVS": 1,
    "rLLS": 1,
    "rDFS": 2,
    "rKNB": 0,
    "rCTT": 2,
    "rEVS": 2,
    "rFFD": 0,
    "rFFI": 1,
    "rSNP": 1,
    "rCQT": 3,
    "rBRX": 2,
    "rHWI": 0,
    "rMOT": 0,
    "rAMB": 1,
    "rMMB": 3,
    "rILS": 3,
    "rFE": 0,
    "rDSR": 2,
    "rSLP": 1,
    "rRSP": 1
  }
}