{
  "turn": 6,
  "move": "e5",
  "capture": {
    "roll": 17,
    "modifier": 17,
    "total": 34,
    "success": true
  },
  "stats": {
    "rDD": 2,
    "rDS": 0,
    "rOTD": 2,
    "rAST": 3,
    "rULT": 1,
    "rLVS": 1,
    "rLLS": 0,
    "rDFS": 0,
    "rKNB": 1,
    "rCTT": 1,
    "rEVS": 3,
    "rFFD": 1,
    "rFFI": 0,
    "rSNP": 2,
    "rCQT": 3,
    "rBRX": 2,
    "rHWI": 1,
    "rMOT": 0,
    "rAMB": 1,
    "rMMB": 1,
    "rILS": 1,
    "rFE": 1,
    "rDSR": 1,
    "rSLP": 0,
    "rRSP": 1
  }
}