{
  "turn": 6,
  "move": "cxd4",
  "capture": {
    "roll": 19,
    "modifier": 17,
    "total": 36,
    "success": true
  },
  "stats": {
    "rDD": 3,
    "rDS": 0,
    "rOTD": 2,
    "rAST": 0,
    "rULT": 0,
    "rLVS": 1,
    "rLLS": 0,
    "rDFS": 0,
    "rKNB": 1,
    "rCTT": 1,
    "rEVS": 5,
    "rFFD": 1,
    "rFFI": 1,
    "rSNP": 1,
    "rCQT": 2,
    "rBRX": 1,
    "rHWI": 2,
    "rMOT": 1,
    "rAMB": 0,
    "rMMB": 1,
    "rILS": 0,
    "rFE": 0,
    "rDSR": 0,
    "rSLP": 1,
    "rRSP": 0
  }
}