{
  "turn": 6,
  "move": "d6",
  "capture": {
    "roll": 17,
    "modifier": 17,
    "total": 34,
    "success": true
  },
  "stats": {
    "rDD": 3,
    "rDS": 0,
    "rOTD": 4,
    "rAST": 2,
    "rULT": 2,
    "rLVS": 0,
    "rLLS": 1,
    "rDFS": 0,
    "rKNB": 2,
    "rCTT": 0,
    "rEVS": 4,
    "rFFD": 0,
    "rFFI": 1,
    "rSNP": 2,
    "rCQT": 3,
    "rBRX": 1,
    "rHWI": 2,
    "rMOT": 0,
    "rAMB": 0,
    "rMMB": 2,
    "rILS": 1,
    "rFE": 2,
    "rDSR": 2,
    "rSLP": 1,
    "rRSP": 2
  }
}