{
  "turn": 6,
  "move": "cxd4",
  "capture": {
    "roll": 1,
    "modifier": 17,
    "total": 18,
    "success": false
  },
  "stats": {
    "rDD": 2,
    "rDS": 0,
    "rOTD": 1,
    "rAST": 1,
    "rULT": 0,
    "rLVS": 0,
    "rLLS": 0,
    "rDFS": 0,
    "rKNB": 0,
    "rCTT": 3,
    "rEVS": 4,
    "rFFD": 0,
    "rFFI": 1,
    "rSNP": 2,
    "rCQT": 1,
    "rBRX": 1,
    "rHWI": 1,
    "rMOT": 1,
    "rAMB": 0,
    "rMMB": 3,
    "rILS": 3,
    "rFE": 0,
    "rDSR": 2,
    "rSLP": 1,
    "rRSP": 1
  }
}