{
  "team_a": "T004",
  "team_b": "T009",
  "stats": {
    "Captain Marvel": {
      "rDD": 16,
      "rDS": 3,
      "rOTD": 14,
      "rAST": 19,
      "rULT": 9,
      "rLVS": 4,
      "rLLS": 3,
      "rDFS": 6,
      "rKNB": 8,
      "rCTT": 7,
      "rEVS": 15,
      "rFFD": 4,
      "rFFI": 1,
      "rSNP": 9,
      "rCQT": 9,
      "rBRX": 4,
      "rHWI": 9,
      "rMOT": 4,
      "rAMB": 1,
      "rMMB": 12,
      "rILS": 8,
      "rFE": 3,
      "rDSR": 4,
      "rSLP": 9,
      "rRSP": 9
    },
    "Iron Fist": {
      "rDD": 14,
      "rDS": 12,
      "rOTD": 17,
      "rAST": 14,
      "rULT": 6,
      "rLVS": 3,
      "rLLS": 2,
      "rDFS": 4,
      "rKNB": 6,
      "rCTT": 9,
      "rEVS": 15,
      "rFFD": 5,
      "rFFI": 5,
      "rSNP": 6,
      "rCQT": 10,
      "rBRX": 6,
      "rHWI": 5,
      "rMOT": 3,
      "rAMB": 1,
      "rMMB": 9,
      "rILS": 11,
      "rFE": 7,
      "rDSR": 5,
      "rSLP": 6,
      "rRSP": 7
    },
    "Drax the Destroyer": {
      "rDD": 12,
      "rDS": 6,
      "rOTD": 19,
      "rAST": 11,
      "rULT": 6,
      "rLVS": 3,
      "rLLS": 5,
      "rDFS": 7,
      "rKNB": 5,
      "rCTT": 6,
      "rEVS": 10,
      "rFFD": 2,
      "rFFI": 4,
      "rSNP": 8,
      "rCQT": 8,
      "rBRX": 6,
      "rHWI": 6,
      "rMOT": 2,
      "rAMB": 2,
      "rMMB": 13,
      "rILS": 10,
      "rFE": 6,
      "rDSR": 7,
      "rSLP": 9,
      "rRSP": 6
    },
    "Morph": {
      "rDD": 14,
      "rDS": 9,
      "rOTD": 18,
      "rAST": 9,
      "rULT": 3,
      "rLVS": 2,
      "rLLS": 2,
      "rDFS": 8,
      "rKNB": 10,
      "rCTT": 9,
      "rEVS": 19,
      "rFFD": 3,
      "rFFI": 5,
      "rSNP": 14,
      "rCQT": 7,
      "rBRX": 7,
      "rHWI": 8,
      "rMOT": 3,
      "rAMB": 4,
      "rMMB": 6,
      "rILS": 9,
      "rFE": 6,
      "rDSR": 5,
      "rSLP": 3,
      "rRSP": 8
    },
    "Star Brand": {
      "rDD": 16,
      "rDS": 6,
      "rOTD": 24,
      "rAST": 7,
      "rULT": 4,
      "rLVS": 4,
      "rLLS": 3,
      "rDFS": 6,
      "rKNB": 6,
      "rCTT": 10,
      "rEVS": 21,
      "rFFD": 3,
      "rFFI": 4,
      "rSNP": 11,
      "rCQT": 10,
      "rBRX": 9,
      "rHWI": 8,
      "rMOT": 5,
      "rAMB": 3,
      "rMMB": 13,
      "rILS": 10,
      "rFE": 8,
      "rDSR": 5,
      "rSLP": 5,
      "rRSP": 5
    },
    "The Thing": {
      "rDD": 15,
      "rDS": 8,
      "rOTD": 19,
      "rAST": 17,
      "rULT": 4,
      "rLVS": 4,
      "rLLS": 3,
      "rDFS": 6,
      "rKNB": 6,
      "rCTT": 10,
      "rEVS": 16,
      "rFFD": 4,
      "rFFI": 4,
      "rSNP": 10,
      "rCQT": 5,
      "rBRX": 4,
      "rHWI": 2,
      "rMOT": 3,
      "rAMB": 4,
      "rMMB": 9,
      "rILS": 8,
      "rFE": 5,
      "rDSR": 4,
      "rSLP": 3,
      "rRSP": 7
    },
    "Doctor Octopus": {
      "rDD": 15,
      "rDS": 3,
      "rOTD": 16,
      "rAST": 12,
      "rULT": 7,
      "rLVS": 4,
      "rLLS": 2,
      "rDFS": 6,
      "rKNB": 4,
      "rCTT": 12,
      "rEVS": 20,
      "rFFD": 2,
      "rFFI": 4,
      "rSNP": 11,
      "rCQT": 7,
      "rBRX": 5,
      "rHWI": 2,
      "rMOT": 3,
      "rAMB": 5,
      "rMMB": 8,
      "rILS": 11,
      "rFE": 6,
      "rDSR": 8,
      "rSLP": 6,
      "rRSP": 8
    },
    "Silver Surfer": {
      "rDD": 17,
      "rDS": 4,
      "rOTD": 10,
      "rAST": 18,
      "rULT": 5,
      "rLVS": 4,
      "rLLS": 3,
      "rDFS": 5,
      "rKNB": 6,
      "rCTT": 5,
      "rEVS": 22,
      "rFFD": 4,
      "rFFI": 6,
      "rSNP": 11,
      "rCQT": 4,
      "rBRX": 8,
      "rHWI": 4,
      "rMOT": 5,
      "rAMB": 3,
      "rMMB": 6,
      "rILS": 14,
      "rFE": 6,
      "rDSR": 7,
      "rSLP": 8,
      "rRSP": 11
    },
    "Namor (The Sub-Mariner)": {
      "rDD": 20,
      "rDS": 1,
      "rOTD": 19,
      "rAST": 4,
      "rULT": 9,
      "rLVS": 2,
      "rLLS": 3,
      "rDFS": 8,
      "rKNB": 4,
      "rCTT": 8,
      "rEVS": 16,
      "rFFD": 3,
      "rFFI": 3,
      "rSNP": 10,
      "rCQT": 12,
      "rBRX": 9,
      "rHWI": 7,
      "rMOT": 5,
      "rAMB": 3,
      "rMMB": 7,
      "rILS": 3,
      "rFE": 6,
      "rDSR": 6,
      "rSLP": 4,
      "rRSP": 7
    },
    "Elixir": {
      "rDD": 19,
      "rDS": 10,
      "rOTD": 21,
      "rAST": 14,
      "rULT": 7,
      "rLVS": 3,
      "rLLS": 4,
      "rDFS": 5,
      "rKNB": 4,
      "rCTT": 13,
      "rEVS": 12,
      "rFFD": 2,
      "rFFI": 4,
      "rSNP": 8,
      "rCQT": 8,
      "rBRX": 7,
      "rHWI": 8,
      "rMOT": 1,
      "rAMB": 4,
      "rMMB": 9,
      "rILS": 12,
      "rFE": 7,
      "rDSR": 4,
      "rSLP": 8,
      "rRSP": 7
    },
    "Storm": {
      "rDD": 8,
      "rDS": 8,
      "rOTD": 12,
      "rAST": 11,
      "rULT": 8,
      "rLVS": 4,
      "rLLS": 2,
      "rDFS": 4,
      "rKNB": 9,
      "rCTT": 8,
      "rEVS": 16,
      "rFFD": 2,
      "rFFI": 1,
      "rSNP": 5,
      "rCQT": 11,
      "rBRX": 7,
      "rHWI": 5,
      "rMOT": 3,
      "rAMB": 3,
      "rMMB": 11,
      "rILS": 15,
      "rFE": 7,
      "rDSR": 5,
      "rSLP": 11,
      "rRSP": 4
    },
    "Valkyrie": {
      "rDD": 10,
      "rDS": 15,
      "rOTD": 26,
      "rAST": 12,
      "rULT": 3,
      "rLVS": 4,
      "rLLS": 2,
      "rDFS": 7,
      "rKNB": 7,
      "rCTT": 7,
      "rEVS": 17,
      "rFFD": 4,
      "rFFI": 4,
      "rSNP": 9,
      "rCQT": 9,
      "rBRX": 4,
      "rHWI": 6,
      "rMOT": 3,
      "rAMB": 5,
      "rMMB": 14,
      "rILS": 6,
      "rFE": 4,
      "rDSR": 3,
      "rSLP": 6,
      "rRSP": 9
    },
    "Black Panther (Shuri)": {
      "rDD": 8,
      "rDS": 10,
      "rOTD": 12,
      "rAST": 13,
      "rULT": 7,
      "rLVS": 3,
      "rLLS": 4,
      "rDFS": 6,
      "rKNB": 9,
      "rCTT": 11,
      "rEVS": 6,
      "rFFD": 6,
      "rFFI": 4,
      "rSNP": 4,
      "rCQT": 9,
      "rBRX": 5,
      "rHWI": 5,
      "rMOT": 3,
      "rAMB": 1,
      "rMMB": 9,
      "rILS": 9,
      "rFE": 2,
      "rDSR": 5,
      "rSLP": 7,
      "rRSP": 10
    },
    "Marvel Girl": {
      "rDD": 15,
      "rDS": 5,
      "rOTD": 15,
      "rAST": 12,
      "rULT": 5,
      "rLVS": 0,
      "rLLS": 2,
      "rDFS": 6,
      "rKNB": 6,
      "rCTT": 18,
      "rEVS": 11,
      "rFFD": 1,
      "rFFI": 4,
      "rSNP": 9,
      "rCQT": 11,
      "rBRX": 7,
      "rHWI": 5,
      "rMOT": 4,
      "rAMB": 3,
      "rMMB": 10,
      "rILS": 11,
      "rFE": 4,
      "rDSR": 4,
      "rSLP": 6,
      "rRSP": 9
    },
    "Blade": {
      "rDD": 20,
      "rDS": 7,
      "rOTD": 20,
      "rAST": 18,
      "rULT": 7,
      "rLVS": 3,
      "rLLS": 3,
      "rDFS": 6,
      "rKNB": 8,
      "rCTT": 8,
      "rEVS": 7,
      "rFFD": 3,
      "rFFI": 2,
      "rSNP": 12,
      "rCQT": 6,
      "rBRX": 7,
      "rHWI": 3,
      "rMOT": 2,
      "rAMB": 2,
      "rMMB": 7,
      "rILS": 11,
      "rFE": 7,
      "rDSR": 6,
      "rSLP": 5,
      "rRSP": 3
    },
    "Hyperion": {
      "rDD": 22,
      "rDS": 4,
      "rOTD": 12,
      "rAST": 12,
      "rULT": 3,
      "rLVS": 3,
      "rLLS": 2,
      "rDFS": 5,
      "rKNB": 5,
      "rCTT": 8,
      "rEVS": 16,
      "rFFD": 1,
      "rFFI": 4,
      "rSNP": 10,
      "rCQT": 11,
      "rBRX": 6,
      "rHWI": 9,
      "rMOT": 1,
      "rAMB": 3,
      "rMMB": 7,
      "rILS": 13,
      "rFE": 7,
      "rDSR": 8,
      "rSLP": 6,
      "rRSP": 4
    }
  },
  "status": "complete"
}