{
  "turn": 6,
  "move": "g6",
  "capture": {
    "roll": 15,
    "modifier": 17,
    "total": 32,
    "success": true
  },
  "stats": {
    "rDD": 4,
    "rDS": 3,
    "rOTD": 6,
    "rAST": 2,
    "rULT": 1,
    "rLVS": 0,
    "rLLS": 1,
    "rDFS": 0,
    "rKNB": 0,
    "rCTT": 1,
    "rEVS": 1,
    "rFFD": 0,
    "rFFI": 1,
    "rSNP": 2,
    "rCQT": 3,
    "rBRX": 1,
    "rHWI": 1,
    "rMOT": 1,
    "rAMB": 1,
    "rMMB": 3,
    "rILS": 2,
    "rFE": 1,
    "rDSR": 2,
    "rSLP": 2,
    "rRSP": 2
  }
}