{
  "turn": 6,
  "move": "a6",
  "capture": {
    "roll": 13,
    "modifier": 17,
    "total": 30,
    "success": true
  },
  "stats": {
    "rDD": 1,
    "rDS": 2,
    "rOTD": 0,
    "rAST": 4,
    "rULT": 1,
    "rLVS": 0,
    "rLLS": 0,
    "rDFS": 1,
    "rKNB": 0,
    "rCTT": 1,
    "rEVS": 3,
    "rFFD": 0,
    "rFFI": 1,
    "rSNP": 2,
    "rCQT": 0,
    "rBRX": 1,
    "rHWI": 1,
    "rMOT": 1,
    "rAMB": 0,
    "rMMB": 2,
    "rILS": 3,
    "rFE": 2,
    "rDSR": 1,
    "rSLP": 2,
    "rRSP": 2
  }
}