{
  "turn": 6,
  "move": "Qxd5",
  "capture": {
    "roll": 6,
    "modifier": 17,
    "total": 23,
    "success": true
  },
  "stats": {
    "rDD": 2,
    "rDS": 0,
    "rOTD": 5,
    "rAST": 0,
    "rULT": 2,
    "rLVS": 1,
    "rLLS": 1,
    "rDFS": 2,
    "rKNB": 0,
    "rCTT": 1,
    "rEVS": 3,
    "rFFD": 0,
    "rFFI": 1,
    "rSNP": 3,
    "rCQT": 0,
    "rBRX": 1,
    "rHWI": 1,
    "rMOT": 1,
    "rAMB": 0,
    "rMMB": 0,
    "rILS": 0,
    "rFE": 0,
    "rDSR": 2,
    "rSLP": 1,
    "rRSP": 2
  }
}