{
  "turn": 6,
  "move": "e5",
  "capture": {
    "roll": 13,
    "modifier": 17,
    "total": 30,
    "success": true
  },
  "stats": {
    "rDD": 4,
    "rDS": 0,
    "rOTD": 2,
    "rAST": 2,
    "rULT": 2,
    "rLVS": 0,
    "rLLS": 1,
    "rDFS": 1,
    "rKNB": 2,
    "rCTT": 1,
    "rEVS": 5,
    "rFFD": 1,
    "rFFI": 0,
    "rSNP": 0,
    "rCQT": 0,
    "rBRX": 0,
    "rHWI": 2,
    "rMOT": 1,
    "rAMB": 0,
    "rMMB": 1,
    "rILS": 2,
    "rFE": 1,
    "rDSR": 0,
    "rSLP": 1,
    "rRSP": 2
  }
}