{
  "turn": 6,
  "move": "a6",
  "capture": {
    "roll": 2,
    "modifier": 17,
    "total": 19,
    "success": false
  },
  "stats": {
    "rDD": 0,
    "rDS": 3,
    "rOTD": 3,
    "rAST": 2,
    "rULT": 0,
    "rLVS": 0,
    "rLLS": 1,
    "rDFS": 2,
    "rKNB": 2,
    "rCTT": 1,
    "rEVS": 2,
    "rFFD": 1,
    "rFFI": 1,
    "rSNP": 1,
    "rCQT": 1,
    "rBRX": 1,
    "rHWI": 0,
    "rMOT": 0,
    "rAMB": 0,
    "rMMB": 2,
    "rILS": 1,
    "rFE": 1,
    "rDSR": 1,
    "rSLP": 2,
    "rRSP": 2
  }
}