{
  "turn": 6,
  "move": "a6",
  "capture": {
    "roll": 7,
    "modifier": 17,
    "total": 24,
    "success": true
  },
  "stats": {
    "rDD": 0,
    "rDS": 1,
    "rOTD": 2,
    "rAST": 1,
    "rULT": 1,
    "rLVS": 0,
    "rLLS": 0,
    "rDFS": 0,
    "rKNB": 0,
    "rCTT": 2,
    "rEVS": 3,
    "rFFD": 1,
    "rFFI": 0,
    "rSNP": 3,
    "rCQT": 2,
    "rBRX": 2,
    "rHWI": 1,
    "rMOT": 1,
    "rAMB": 0,
    "rMMB": 2,
    "rILS": 1,
    "rFE": 0,
    "rDSR": 1,
    "rSLP": 2,
    "rRSP": 1
  }
}