{
  "turn": 6,
  "move": "Nf6",
  "capture": {
    "roll": 11,
    "modifier": 17,
    "total": 28,
    "success": true
  },
  "stats": {
    "rDD": 3,
    "rDS": 1,
    "rOTD": 2,
    "rAST": 4,
    "rULT": 1,
    "rLVS": 0,
    "rLLS": 0,
    "rDFS": 0,
    "rKNB": 1,
    "rCTT": 2,
    "rEVS": 0,
    "rFFD": 1,
    "rFFI": 0,
    "rSNP": 0,
    "rCQT": 2,
    "rBRX": 1,
    "rHWI": 2,
    "rMOT": 1,
    "rAMB": 1,
    "rMMB": 2,
    "rILS": 0,
    "rFE": 0,
    "rDSR": 1,
    "rSLP": 0,
    "rRSP": 1
  }
}