{
  "turn": 6,
  "move": "Qxd5",
  "capture": {
    "roll": 15,
    "modifier": 17,
    "total": 32,
    "success": true
  },
  "stats": {
    "rDD": 3,
    "rDS": 1,
    "rOTD": 2,
    "rAST": 0,
    "rULT": 1,
    "rLVS": 1,
    "rLLS": 0,
    "rDFS": 1,
    "rKNB": 1,
    "rCTT": 3,
    "rEVS": 3,
    "rFFD": 1,
    "rFFI": 1,
    "rSNP": 3,
    "rCQT": 1,
    "rBRX": 2,
    "rHWI": 1,
    "rMOT": 0,
    "rAMB": 0,
    "rMMB": 3,
    "rILS": 0,
    "rFE": 0,
    "rDSR": 0,
    "rSLP": 2,
    "rRSP": 0
  }
}