{
  "turn": 6,
  "move": "cxd4",
  "capture": {
    "roll": 10,
    "modifier": 17,
    "total": 27,
    "success": true
  },
  "stats": {
    "rDD": 3,
    "rDS": 0,
    "rOTD": 2,
    "rAST": 2,
    "rULT": 0,
    "rLVS": 0,
    "rLLS": 0,
    "rDFS": 2,
    "rKNB": 2,
    "rCTT": 1,
    "rEVS": 0,
    "rFFD": 1,
    "rFFI": 1,
    "rSNP": 2,
    "rCQT": 2,
    "rBRX": 0,
    "rHWI": 1,
    "rMOT": 0,
    "rAMB": 0,
    "rMMB": 3,
    "rILS": 3,
    "rFE": 1,
    "rDSR": 2,
    "rSLP": 0,
    "rRSP": 2
  }
}