{
  "turn": 6,
  "move": "e6",
  "capture": {
    "roll": 9,
    "modifier": 17,
    "total": 26,
    "success": true
  },
  "stats": {
    "rDD": 3,
    "rDS": 0,
    "rOTD": 3,
    "rAST": 1,
    "rULT": 1,
    "rLVS": 1,
    "rLLS": 0,
    "rDFS": 1,
    "rKNB": 0,
    "rCTT": 1,
    "rEVS": 3,
    "rFFD": 0,
    "rFFI": 0,
    "rSNP": 1,
    "rCQT": 2,
    "rBRX": 2,
    "rHWI": 1,
    "rMOT": 0,
    "rAMB": 1,
    "rMMB": 2,
    "rILS": 3,
    "rFE": 1,
    "rDSR": 2,
    "rSLP": 2,
    "rRSP": 1
  }
}