{
  "team_a": "T005",
  "team_b": "T010",
  "stats": {
    "Doctor Doom": {
      "rDD": 7,
      "rDS": 6,
      "rOTD": 18,
      "rAST": 10,
      "rULT": 6,
      "rLVS": 5,
      "rLLS": 2,
      "rDFS": 6,
      "rKNB": 7,
      "rCTT": 8,
      "rEVS": 11,
      "rFFD": 2,
      "rFFI": 2,
      "rSNP": 12,
      "rCQT": 4,
      "rBRX": 10,
      "rHWI": 6,
      "rMOT": 2,
      "rAMB": 3,
      "rMMB": 10,
      "rILS": 8,
      "rFE": 6,
      "rDSR": 6,
      "rSLP": 4,
      "rRSP": 7
    },
    "Black Bolt": {
      "rDD": 19,
      "rDS": 15,
      "rOTD": 23,
      "rAST": 6,
      "rULT": 7,
      "rLVS": 4,
      "rLLS": 3,
      "rDFS": 7,
      "rKNB": 5,
      "rCTT": 4,
      "rEVS": 15,
      "rFFD": 5,
      "rFFI": 2,
      "rSNP": 8,
      "rCQT": 5,
      "rBRX": 9,
      "rHWI": 5,
      "rMOT": 2,
      "rAMB": 4,
      "rMMB": 11,
      "rILS": 9,
      "rFE": 8,
      "rDSR": 5,
      "rSLP": 7,
      "rRSP": 7
    },
    "Gladiator": {
      "rDD": 10,
      "rDS": 10,
      "rOTD": 16,
      "rAST": 16,
      "rULT": 6,
      "rLVS": 1,
      "rLLS": 4,
      "rDFS": 7,
      "rKNB": 11,
      "rCTT": 11,
      "rEVS": 14,
      "rFFD": 2,
      "rFFI": 4,
      "rSNP": 10,
      "rCQT": 9,
      "rBRX": 5,
      "rHWI": 8,
      "rMOT": 2,
      "rAMB": 4,
      "rMMB": 8,
      "rILS": 9,
      "rFE": 6,
      "rDSR": 2,
      "rSLP": 4,
      "rRSP": 6
    },
    "Beta Ray Bill": {
      "rDD": 7,
      "rDS": 7,
      "rOTD": 15,
      "rAST": 13,
      "rULT": 6,
      "rLVS": 4,
      "rLLS": 5,
      "rDFS": 6,
      "rKNB": 8,
      "rCTT": 8,
      "rEVS": 15,
      "rFFD": 3,
      "rFFI": 3,
      "rSNP": 8,
      "rCQT": 6,
      "rBRX": 10,
      "rHWI": 5,
      "rMOT": 4,
      "rAMB": 4,
      "rMMB": 6,
      "rILS": 5,
      "rFE": 5,
      "rDSR": 3,
      "rSLP": 4,
      "rRSP": 5
    },
    "Exodus": {
      "rDD": 12,
      "rDS": 11,
      "rOTD": 12,
      "rAST": 17,
      "rULT": 6,
      "rLVS": 2,
      "rLLS": 2,
      "rDFS": 7,
      "rKNB": 7,
      "rCTT": 11,
      "rEVS": 18,
      "rFFD": 4,
      "rFFI": 1,
      "rSNP": 4,
      "rCQT": 13,
      "rBRX": 8,
      "rHWI": 7,
      "rMOT": 5,
      "rAMB": 3,
      "rMMB": 13,
      "rILS": 5,
      "rFE": 4,
      "rDSR": 6,
      "rSLP": 5,
      "rRSP": 5
    },
    "Darwin": {
      "rDD": 19,
      "rDS": 15,
      "rOTD": 24,
      "rAST": 7,
      "rULT": 4,
      "rLVS": 4,
      "rLLS": 3,
      "rDFS": 4,
      "rKNB": 10,
      "rCTT": 11,
      "rEVS": 15,
      "rFFD": 5,
      "rFFI": 2,
      "rSNP": 6,
      "rCQT": 9,
      "rBRX": 6,
      "rHWI": 9,
      "rMOT": 1,
      "rAMB": 5,
      "rMMB": 8,
      "rILS": 3,
      "rFE": 8,
      "rDSR": 6,
      "rSLP": 2,
      "rRSP": 6
    },
    "Proteus": {
      "rDD": 11,
      "rDS": 4,
      "rOTD": 20,
      "rAST": 12,
      "rULT": 3,
      "rLVS": 2,
      "rLLS": 3,
      "rDFS": 4,
      "rKNB": 5,
      "rCTT": 8,
      "rEVS": 9,
      "rFFD": 4,
      "rFFI": 3,
      "rSNP": 12,
      "rCQT": 10,
      "rBRX": 8,
      "rHWI": 7,
      "rMOT": 4,
      "rAMB": 4,
      "rMMB": 10,
      "rILS": 8,
      "rFE": 2,
      "rDSR": 8,
      "rSLP": 8,
      "rRSP": 6
    },
    "Sentry": {
      "rDD": 17,
      "rDS": 10,
      "rOTD": 19,
      "rAST": 12,
      "rULT": 6,
      "rLVS": 1,
      "rLLS": 1,
      "rDFS": 6,
      "rKNB": 9,
      "rCTT": 11,
      "rEVS": 16,
      "rFFD": 4,
      "rFFI": 3,
      "rSNP": 9,
      "rCQT": 8,
      "rBRX": 9,
      "rHWI": 8,
      "rMOT": 4,
      "rAMB": 3,
      "rMMB": 13,
      "rILS": 11,
      "rFE": 5,
      "rDSR": 10,
      "rSLP": 4,
      "rRSP": 8
    },
    "Spectrum": {
      "rDD": 13,
      "rDS": 5,
      "rOTD": 19,
      "rAST": 5,
      "rULT": 5,
      "rLVS": 2,
      "rLLS": 5,
      "rDFS": 2,
      "rKNB": 9,
      "rCTT": 8,
      "rEVS": 15,
      "rFFD": 3,
      "rFFI": 3,
      "rSNP": 9,
      "rCQT": 11,
      "rBRX": 3,
      "rHWI": 7,
      "rMOT": 2,
      "rAMB": 2,
      "rMMB": 13,
      "rILS": 16,
      "rFE": 7,
      "rDSR": 9,
      "rSLP": 8,
      "rRSP": 5
    },
    "Quake": {
      "rDD": 15,
      "rDS": 7,
      "rOTD": 20,
      "rAST": 11,
      "rULT": 5,
      "rLVS": 3,
      "rLLS": 3,
      "rDFS": 8,
      "rKNB": 1,
      "rCTT": 5,
      "rEVS": 16,
      "rFFD": 4,
      "rFFI": 2,
      "rSNP": 13,
      "rCQT": 6,
      "rBRX": 9,
      "rHWI": 2,
      "rMOT": 2,
      "rAMB": 3,
      "rMMB": 12,
      "rILS": 4,
      "rFE": 6,
      "rDSR": 6,
      "rSLP": 5,
      "rRSP": 4
    },
    "Groot": {
      "rDD": 16,
      "rDS": 9,
      "rOTD": 12,
      "rAST": 15,
      "rULT": 5,
      "rLVS": 2,
      "rLLS": 3,
      "rDFS": 7,
      "rKNB": 8,
      "rCTT": 9,
      "rEVS": 19,
      "rFFD": 3,
      "rFFI": 4,
      "rSNP": 7,
      "rCQT": 9,
      "rBRX": 8,
      "rHWI": 8,
      "rMOT": 3,
      "rAMB": 3,
      "rMMB": 11,
      "rILS": 9,
      "rFE": 5,
      "rDSR": 6,
      "rSLP": 6,
      "rRSP": 7
    },
    "Sunspot": {
      "rDD": 16,
      "rDS": 8,
      "rOTD": 21,
      "rAST": 13,
      "rULT": 6,
      "rLVS": 3,
      "rLLS": 3,
      "rDFS": 5,
      "rKNB": 6,
      "rCTT": 6,
      "rEVS": 20,
      "rFFD": 4,
      "rFFI": 1,
      "rSNP": 14,
      "rCQT": 11,
      "rBRX": 5,
      "rHWI": 9,
      "rMOT": 4,
      "rAMB": 1,
      "rMMB": 11,
      "rILS": 7,
      "rFE": 4,
      "rDSR": 3,
      "rSLP": 8,
      "rRSP": 2
    },
    "Loki": {
      "rDD": 13,
      "rDS": 8,
      "rOTD": 27,
      "rAST": 2,
      "rULT": 6,
      "rLVS": 3,
      "rLLS": 1,
      "rDFS": 3,
      "rKNB": 6,
      "rCTT": 7,
      "rEVS": 19,
      "rFFD": 3,
      "rFFI": 3,
      "rSNP": 8,
      "rCQT": 9,
      "rBRX": 2,
      "rHWI": 10,
      "rMOT": 4,
      "rAMB": 2,
      "rMMB": 6,
      "rILS": 11,
      "rFE": 4,
      "rDSR": 8,
      "rSLP": 5,
      "rRSP": 5
    },
    "Mystique": {
      "rDD": 14,
      "rDS": 9,
      "rOTD": 19,
      "rAST": 13,
      "rULT": 5,
      "rLVS": 4,
      "rLLS": 2,
      "rDFS": 9,
      "rKNB": 7,
      "rCTT": 6,
      "rEVS": 16,
      "rFFD": 1,
      "rFFI": 5,
      "rSNP": 7,
      "rCQT": 7,
      "rBRX": 5,
      "rHWI": 5,
      "rMOT": 3,
      "rAMB": 2,
      "rMMB": 10,
      "rILS": 8,
      "rFE": 3,
      "rDSR": 6,
      "rSLP": 6,
      "rRSP": 8
    },
    "Nico Minoru": {
      "rDD": 19,
      "rDS": 10,
      "rOTD": 21,
      "rAST": 15,
      "rULT": 5,
      "rLVS": 3,
      "rLLS": 1,
      "rDFS": 11,
      "rKNB": 8,
      "rCTT": 9,
      "rEVS": 12,
      "rFFD": 1,
      "rFFI": 3,
      "rSNP": 12,
      "rCQT": 12,
      "rBRX": 5,
      "rHWI": 4,
      "rMOT": 3,
      "rAMB": 1,
      "rMMB": 4,
      "rILS": 11,
      "rFE": 8,
      "rDSR": 7,
      "rSLP": 6,
      "rRSP": 6
    },
    "Agatha Harkness": {
      "rDD": 4,
      "rDS": 10,
      "rOTD": 18,
      "rAST": 20,
      "rULT": 5,
      "rLVS": 2,
      "rLLS": 2,
      "rDFS": 6,
      "rKNB": 7,
      "rCTT": 12,
      "rEVS": 21,
      "rFFD": 2,
      "rFFI": 2,
      "rSNP": 6,
      "rCQT": 8,
      "rBRX": 6,
      "rHWI": 9,
      "rMOT": 5,
      "rAMB": 3,
      "rMMB": 11,
      "rILS": 14,
      "rFE": 5,
      "rDSR": 6,
      "rSLP": 6,
      "rRSP": 6
    }
  },
  "status": "complete"
}