{
  "turn": 6,
  "move": "Nge7",
  "capture": {
    "roll": 1,
    "modifier": 17,
    "total": 18,
    "success": false
  },
  "stats": {
    "rDD": 2,
    "rDS": 1,
    "rOTD": 2,
    "rAST": 1,
    "rULT": 2,
    "rLVS": 1,
    "rLLS": 1,
    "rDFS": 2,
    "rKNB": 0,
    "rCTT": 0,
    "rEVS": 4,
    "rFFD": 1,
    "rFFI": 1,
    "rSNP": 1,
    "rCQT": 0,
    "rBRX": 1,
    "rHWI": 0,
    "rMOT": 0,
    "rAMB": 1,
    "rMMB": 0,
    "rILS": 1,
    "rFE": 1,
    "rDSR": 0,
    "rSLP": 1,
    "rRSP": 1
  }
}