{
  "turn": 6,
  "move": "cxd4",
  "capture": {
    "roll": 10,
    "modifier": 17,
    "total": 27,
    "success": true
  },
  "stats": {
    "rDD": 3,
    "rDS": 1,
    "rOTD": 3,
    "rAST": 4,
    "rULT": 1,
    "rLVS": 1,
    "rLLS": 0,
    "rDFS": 1,
    "rKNB": 2,
    "rCTT": 0,
    "rEVS": 5,
    "rFFD": 0,
    "rFFI": 1,
    "rSNP": 1,
    "rCQT": 2,
    "rBRX": 2,
    "rHWI": 1,
    "rMOT": 1,
    "rAMB": 0,
    "rMMB": 1,
    "rILS": 3,
    "rFE": 1,
    "rDSR": 1,
    "rSLP": 1,
    "rRSP": 2
  }
}