{
  "turn": 6,
  "move": "a6",
  "capture": {
    "roll": 3,
    "modifier": 17,
    "total": 20,
    "success": true
  },
  "stats": {
    "rDD": 3,
    "rDS": 2,
    "rOTD": 5,
    "rAST": 0,
    "rULT": 0,
    "rLVS": 1,
    "rLLS": 0,
    "rDFS": 0,
    "rKNB": 1,
    "rCTT": 1,
    "rEVS": 5,
    "rFFD": 1,
    "rFFI": 1,
    "rSNP": 1,
    "rCQT": 0,
    "rBRX": 0,
    "rHWI": 2,
    "rMOT": 0,
    "rAMB": 1,
    "rMMB": 0,
    "rILS": 0,
    "rFE": 1,
    "rDSR": 1,
    "rSLP": 2,
    "rRSP": 1
  }
}