{
  "turn": 6,
  "move": "cxd4",
  "capture": {
    "roll": 15,
    "modifier": 17,
    "total": 32,
    "success": true
  },
  "stats": {
    "rDD": 2,
    "rDS": 2,
    "rOTD": 3,
    "rAST": 0,
    "rULT": 0,
    "rLVS": 0,
    "rLLS": 0,
    "rDFS": 0,
    "rKNB": 2,
    "rCTT": 0,
    "rEVS": 4,
    "rFFD": 0,
    "rFFI": 0,
    "rSNP": 3,
    "rCQT": 1,
    "rBRX": 0,
    "rHWI": 2,
    "rMOT": 0,
    "rAMB": 0,
    "rMMB": 2,
    "rILS": 3,
    "rFE": 2,
    "rDSR": 2,
    "rSLP": 1,
    "rRSP": 1
  }
}