{
  "turn": 6,
  "move": "cxd4",
  "capture": {
    "roll": 14,
    "modifier": 17,
    "total": 31,
    "success": true
  },
  "stats": {
    "rDD": 5,
    "rDS": 3,
    "rOTD": 4,
    "rAST": 1,
    "rULT": 2,
    "rLVS": 1,
    "rLLS": 1,
    "rDFS": 2,
    "rKNB": 0,
    "rCTT": 1,
    "rEVS": 3,
    "rFFD": 1,
    "rFFI": 0,
    "rSNP": 1,
    "rCQT": 0,
    "rBRX": 2,
    "rHWI": 0,
    "rMOT": 0,
    "rAMB": 1,
    "rMMB": 3,
    "rILS": 0,
    "rFE": 2,
    "rDSR": 1,
    "rSLP": 2,
    "rRSP": 2
  }
}