{
  "turn": 6,
  "move": "Nf6",
  "capture": {
    "roll": 10,
    "modifier": 17,
    "total": 27,
    "success": true
  },
  "stats": {
    "rDD": 3,
    "rDS": 1,
    "rOTD": 6,
    "rAST": 3,
    "rULT": 0,
    "rLVS": 0,
    "rLLS": 0,
    "rDFS": 0,
    "rKNB": 2,
    "rCTT": 3,
    "rEVS": 2,
    "rFFD": 0,
    "rFFI": 0,
    "rSNP": 0,
    "rCQT": 2,
    "rBRX": 0,
    "rHWI": 2,
    "rMOT": 1,
    "rAMB": 1,
    "rMMB": 2,
    "rILS": 3,
    "rFE": 1,
    "rDSR": 1,
    "rSLP": 1,
    "rRSP": 1
  }
}