{
  "turn": 6,
  "move": "Nc6",
  "capture": {
    "roll": 15,
    "modifier": 17,
    "total": 32,
    "success": true
  },
  "stats": {
    "rDD": 5,
    "rDS": 2,
    "rOTD": 3,
    "rAST": 1,
    "rULT": 2,
    "rLVS": 1,
    "rLLS": 0,
    "rDFS": 2,
    "rKNB": 1,
    "rCTT": 1,
    "rEVS": 1,
    "rFFD": 1,
    "rFFI": 0,
    "rSNP": 2,
    "rCQT": 2,
    "rBRX": 2,
    "rHWI": 1,
    "rMOT": 1,
    "rAMB": 0,
    "rMMB": 1,
    "rILS": 1,
    "rFE": 2,
    "rDSR": 1,
    "rSLP": 2,
    "rRSP": 1
  }
}