{
  "turn": 6,
  "move": "Nxe4",
  "capture": {
    "roll": 13,
    "modifier": 17,
    "total": 30,
    "success": true
  },
  "stats": {
    "rDD": 4,
    "rDS": 1,
    "rOTD": 0,
    "rAST": 1,
    "rULT": 1,
    "rLVS": 1,
    "rLLS": 0,
    "rDFS": 0,
    "rKNB": 2,
    "rCTT": 3,
    "rEVS": 5,
    "rFFD": 0,
    "rFFI": 0,
    "rSNP": 2,
    "rCQT": 2,
    "rBRX": 1,
    "rHWI": 1,
    "rMOT": 0,
    "rAMB": 1,
    "rMMB": 3,
    "rILS": 0,
    "rFE": 0,
    "rDSR": 2,
    "rSLP": 1,
    "rRSP": 0
  }
}