{
  "turn": 6,
  "move": "Qxd5",
  "capture": {
    "roll": 8,
    "modifier": 17,
    "total": 25,
    "success": true
  },
  "stats": {
    "rDD": 0,
    "rDS": 1,
    "rOTD": 3,
    "rAST": 3,
    "rULT": 2,
    "rLVS": 0,
    "rLLS": 1,
    "rDFS": 0,
    "rKNB": 0,
    "rCTT": 0,
    "rEVS": 4,
    "rFFD": 0,
    "rFFI": 0,
    "rSNP": 2,
    "rCQT": 2,
    "rBRX": 0,
    "rHWI": 1,
    "rMOT": 0,
    "rAMB": 1,
    "rMMB": 0,
    "rILS": 1,
    "rFE": 1,
    "rDSR": 2,
    "rSLP": 2,
    "rRSP": 0
  }
}