{
  "team_a": "T005",
  "team_b": "T010",
  "stats": {
    "Nimrod": {
      "rDD": 11,
      "rDS": 11,
      "rOTD": 17,
      "rAST": 13,
      "rULT": 8,
      "rLVS": 3,
      "rLLS": 4,
      "rDFS": 5,
      "rKNB": 4,
      "rCTT": 11,
      "rEVS": 12,
      "rFFD": 2,
      "rFFI": 5,
      "rSNP": 6,
      "rCQT": 13,
      "rBRX": 6,
      "rHWI": 8,
      "rMOT": 2,
      "rAMB": 6,
      "rMMB": 5,
      "rILS": 10,
      "rFE": 7,
      "rDSR": 3,
      "rSLP": 10,
      "rRSP": 6
    },
    "Ant-Man": {
      "rDD": 10,
      "rDS": 10,
      "rOTD": 18,
      "rAST": 17,
      "rULT": 8,
      "rLVS": 3,
      "rLLS": 3,
      "rDFS": 8,
      "rKNB": 8,
      "rCTT": 9,
      "rEVS": 15,
      "rFFD": 3,
      "rFFI": 3,
      "rSNP": 8,
      "rCQT": 7,
      "rBRX": 0,
      "rHWI": 7,
      "rMOT": 3,
      "rAMB": 2,
      "rMMB": 9,
      "rILS": 15,
      "rFE": 3,
      "rDSR": 3,
      "rSLP": 8,
      "rRSP": 8
    },
    "Armor": {
      "rDD": 15,
      "rDS": 12,
      "rOTD": 21,
      "rAST": 9,
      "rULT": 9,
      "rLVS": 3,
      "rLLS": 5,
      "rDFS": 6,
      "rKNB": 6,
      "rCTT": 10,
      "rEVS": 13,
      "rFFD": 2,
      "rFFI": 1,
      "rSNP": 10,
      "rCQT": 7,
      "rBRX": 5,
      "rHWI": 5,
      "rMOT": 4,
      "rAMB": 3,
      "rMMB": 10,
      "rILS": 8,
      "rFE": 5,
      "rDSR": 2,
      "rSLP": 7,
      "rRSP": 8
    },
    "Beta Ray Bill": {
      "rDD": 18,
      "rDS": 8,
      "rOTD": 13,
      "rAST": 9,
      "rULT": 5,
      "rLVS": 2,
      "rLLS": 2,
      "rDFS": 5,
      "rKNB": 6,
      "rCTT": 7,
      "rEVS": 17,
      "rFFD": 4,
      "rFFI": 4,
      "rSNP": 13,
      "rCQT": 4,
      "rBRX": 3,
      "rHWI": 9,
      "rMOT": 3,
      "rAMB": 3,
      "rMMB": 8,
      "rILS": 6,
      "rFE": 4,
      "rDSR": 1,
      "rSLP": 6,
      "rRSP": 5
    },
    "The Wasp": {
      "rDD": 19,
      "rDS": 3,
      "rOTD": 19,
      "rAST": 7,
      "rULT": 3,
      "rLVS": 2,
      "rLLS": 3,
      "rDFS": 4,
      "rKNB": 9,
      "rCTT": 9,
      "rEVS": 17,
      "rFFD": 3,
      "rFFI": 5,
      "rSNP": 10,
      "rCQT": 7,
      "rBRX": 10,
      "rHWI": 8,
      "rMOT": 4,
      "rAMB": 2,
      "rMMB": 11,
      "rILS": 11,
      "rFE": 6,
      "rDSR": 6,
      "rSLP": 5,
      "rRSP": 7
    },
    "Spider-Woman": {
      "rDD": 11,
      "rDS": 15,
      "rOTD": 17,
      "rAST": 12,
      "rULT": 4,
      "rLVS": 4,
      "rLLS": 4,
      "rDFS": 5,
      "rKNB": 3,
      "rCTT": 9,
      "rEVS": 12,
      "rFFD": 2,
      "rFFI": 2,
      "rSNP": 13,
      "rCQT": 7,
      "rBRX": 4,
      "rHWI": 5,
      "rMOT": 3,
      "rAMB": 5,
      "rMMB": 11,
      "rILS": 6,
      "rFE": 2,
      "rDSR": 5,
      "rSLP": 5,
      "rRSP": 8
    },
    "The Lizard": {
      "rDD": 17,
      "rDS": 12,
      "rOTD": 26,
      "rAST": 10,
      "rULT": 3,
      "rLVS": 3,
      "rLLS": 5,
      "rDFS": 7,
      "rKNB": 4,
      "rCTT": 9,
      "rEVS": 15,
      "rFFD": 4,
      "rFFI": 0,
      "rSNP": 10,
      "rCQT": 6,
      "rBRX": 7,
      "rHWI": 7,
      "rMOT": 3,
      "rAMB": 4,
      "rMMB": 8,
      "rILS": 6,
      "rFE": 4,
      "rDSR": 2,
      "rSLP": 5,
      "rRSP": 6
    },
    "Star Brand": {
      "rDD": 12,
      "rDS": 12,
      "rOTD": 22,
      "rAST": 14,
      "rULT": 8,
      "rLVS": 4,
      "rLLS": 2,
      "rDFS": 3,
      "rKNB": 7,
      "rCTT": 8,
      "rEVS": 13,
      "rFFD": 3,
      "rFFI": 3,
      "rSNP": 13,
      "rCQT": 12,
      "rBRX": 4,
      "rHWI": 5,
      "rMOT": 1,
      "rAMB": 4,
      "rMMB": 9,
      "rILS": 12,
      "rFE": 5,
      "rDSR": 9,
      "rSLP": 1,
      "rRSP": 7
    },
    "Black Bolt": {
      "rDD": 9,
      "rDS": 13,
      "rOTD": 11,
      "rAST": 15,
      "rULT": 5,
      "rLVS": 3,
      "rLLS": 2,
      "rDFS": 8,
      "rKNB": 4,
      "rCTT": 15,
      "rEVS": 22,
      "rFFD": 1,
      "rFFI": 3,
      "rSNP": 8,
      "rCQT": 11,
      "rBRX": 7,
      "rHWI": 3,
      "rMOT": 4,
      "rAMB": 4,
      "rMMB": 9,
      "rILS": 10,
      "rFE": 5,
      "rDSR": 4,
      "rSLP": 6,
      "rRSP": 3
    },
    "Doctor Doom": {
      "rDD": 18,
      "rDS": 13,
      "rOTD": 20,
      "rAST": 13,
      "rULT": 4,
      "rLVS": 5,
      "rLLS": 2,
      "rDFS": 4,
      "rKNB": 7,
      "rCTT": 13,
      "rEVS": 12,
      "rFFD": 4,
      "rFFI": 4,
      "rSNP": 8,
      "rCQT": 4,
      "rBRX": 4,
      "rHWI": 7,
      "rMOT": 4,
      "rAMB": 2,
      "rMMB": 10,
      "rILS": 4,
      "rFE": 6,
      "rDSR": 3,
      "rSLP": 5,
      "rRSP": 1
    },
    "Exodus": {
      "rDD": 17,
      "rDS": 6,
      "rOTD": 20,
      "rAST": 10,
      "rULT": 6,
      "rLVS": 3,
      "rLLS": 2,
      "rDFS": 10,
      "rKNB": 9,
      "rCTT": 11,
      "rEVS": 16,
      "rFFD": 3,
      "rFFI": 2,
      "rSNP": 11,
      "rCQT": 7,
      "rBRX": 4,
      "rHWI": 4,
      "rMOT": 2,
      "rAMB": 3,
      "rMMB": 13,
      "rILS": 8,
      "rFE": 6,
      "rDSR": 4,
      "rSLP": 5,
      "rRSP": 1
    },
    "Gladiator": {
      "rDD": 13,
      "rDS": 13,
      "rOTD": 18,
      "rAST": 12,
      "rULT": 7,
      "rLVS": 3,
      "rLLS": 3,
      "rDFS": 8,
      "rKNB": 5,
      "rCTT": 12,
      "rEVS": 7,
      "rFFD": 4,
      "rFFI": 2,
      "rSNP": 4,
      "rCQT": 11,
      "rBRX": 6,
      "rHWI": 4,
      "rMOT": 3,
      "rAMB": 5,
      "rMMB": 12,
      "rILS": 10,
      "rFE": 6,
      "rDSR": 8,
      "rSLP": 5,
      "rRSP": 2
    },
    "Spectrum": {
      "rDD": 17,
      "rDS": 6,
      "rOTD": 20,
      "rAST": 12,
      "rULT": 3,
      "rLVS": 4,
      "rLLS": 5,
      "rDFS": 7,
      "rKNB": 4,
      "rCTT": 10,
      "rEVS": 10,
      "rFFD": 3,
      "rFFI": 3,
      "rSNP": 10,
      "rCQT": 7,
      "rBRX": 5,
      "rHWI": 4,
      "rMOT": 4,
      "rAMB": 2,
      "rMMB": 6,
      "rILS": 7,
      "rFE": 5,
      "rDSR": 7,
      "rSLP": 9,
      "rRSP": 3
    },
    "Danger": {
      "rDD": 12,
      "rDS": 13,
      "rOTD": 10,
      "rAST": 19,
      "rULT": 6,
      "rLVS": 3,
      "rLLS": 4,
      "rDFS": 9,
      "rKNB": 9,
      "rCTT": 7,
      "rEVS": 19,
      "rFFD": 2,
      "rFFI": 4,
      "rSNP": 9,
      "rCQT": 10,
      "rBRX": 9,
      "rHWI": 5,
      "rMOT": 3,
      "rAMB": 5,
      "rMMB": 9,
      "rILS": 9,
      "rFE": 6,
      "rDSR": 2,
      "rSLP": 5,
      "rRSP": 2
    },
    "Daredevil": {
      "rDD": 13,
      "rDS": 8,
      "rOTD": 9,
      "rAST": 14,
      "rULT": 5,
      "rLVS": 1,
      "rLLS": 4,
      "rDFS": 3,
      "rKNB": 7,
      "rCTT": 9,
      "rEVS": 17,
      "rFFD": 2,
      "rFFI": 3,
      "rSNP": 8,
      "rCQT": 7,
      "rBRX": 6,
      "rHWI": 7,
      "rMOT": 3,
      "rAMB": 1,
      "rMMB": 11,
      "rILS": 11,
      "rFE": 6,
      "rDSR": 4,
      "rSLP": 7,
      "rRSP": 6
    },
    "Deathlok": {
      "rDD": 12,
      "rDS": 11,
      "rOTD": 16,
      "rAST": 13,
      "rULT": 5,
      "rLVS": 2,
      "rLLS": 1,
      "rDFS": 5,
      "rKNB": 6,
      "rCTT": 11,
      "rEVS": 14,
      "rFFD": 5,
      "rFFI": 4,
      "rSNP": 8,
      "rCQT": 11,
      "rBRX": 7,
      "rHWI": 8,
      "rMOT": 2,
      "rAMB": 4,
      "rMMB": 5,
      "rILS": 12,
      "rFE": 3,
      "rDSR": 6,
      "rSLP": 6,
      "rRSP": 6
    },
    "Moonstar": {
      "rDD": 19,
      "rDS": 11,
      "rOTD": 14,
      "rAST": 7,
      "rULT": 7,
      "rLVS": 3,
      "rLLS": 2,
      "rDFS": 9,
      "rKNB": 7,
      "rCTT": 9,
      "rEVS": 14,
      "rFFD": 3,
      "rFFI": 5,
      "rSNP": 10,
      "rCQT": 10,
      "rBRX": 6,
      "rHWI": 7,
      "rMOT": 1,
      "rAMB": 1,
      "rMMB": 13,
      "rILS": 11,
      "rFE": 5,
      "rDSR": 7,
      "rSLP": 9,
      "rRSP": 8
    },
    "Fantomex": {
      "rDD": 12,
      "rDS": 9,
      "rOTD": 13,
      "rAST": 19,
      "rULT": 6,
      "rLVS": 4,
      "rLLS": 1,
      "rDFS": 5,
      "rKNB": 5,
      "rCTT": 11,
      "rEVS": 20,
      "rFFD": 3,
      "rFFI": 2,
      "rSNP": 11,
      "rCQT": 8,
      "rBRX": 10,
      "rHWI": 6,
      "rMOT": 4,
      "rAMB": 2,
      "rMMB": 12,
      "rILS": 4,
      "rFE": 8,
      "rDSR": 6,
      "rSLP": 6,
      "rRSP": 8
    },
    "Loki": {
      "rDD": 11,
      "rDS": 1,
      "rOTD": 22,
      "rAST": 12,
      "rULT": 5,
      "rLVS": 1,
      "rLLS": 4,
      "rDFS": 6,
      "rKNB": 6,
      "rCTT": 11,
      "rEVS": 16,
      "rFFD": 3,
      "rFFI": 4,
      "rSNP": 11,
      "rCQT": 9,
      "rBRX": 5,
      "rHWI": 3,
      "rMOT": 5,
      "rAMB": 4,
      "rMMB": 10,
      "rILS": 5,
      "rFE": 3,
      "rDSR": 6,
      "rSLP": 8,
      "rRSP": 7
    },
    "Wiccan": {
      "rDD": 17,
      "rDS": 10,
      "rOTD": 21,
      "rAST": 13,
      "rULT": 7,
      "rLVS": 1,
      "rLLS": 3,
      "rDFS": 4,
      "rKNB": 6,
      "rCTT": 8,
      "rEVS": 22,
      "rFFD": 2,
      "rFFI": 3,
      "rSNP": 9,
      "rCQT": 9,
      "rBRX": 6,
      "rHWI": 7,
      "rMOT": 2,
      "rAMB": 1,
      "rMMB": 11,
      "rILS": 14,
      "rFE": 4,
      "rDSR": 10,
      "rSLP": 8,
      "rRSP": 8
    },
    "Agatha Harkness": {
      "rDD": 9,
      "rDS": 13,
      "rOTD": 16,
      "rAST": 14,
      "rULT": 5,
      "rLVS": 5,
      "rLLS": 2,
      "rDFS": 6,
      "rKNB": 3,
      "rCTT": 9,
      "rEVS": 24,
      "rFFD": 5,
      "rFFI": 4,
      "rSNP": 11,
      "rCQT": 9,
      "rBRX": 5,
      "rHWI": 7,
      "rMOT": 2,
      "rAMB": 3,
      "rMMB": 10,
      "rILS": 13,
      "rFE": 6,
      "rDSR": 9,
      "rSLP": 7,
      "rRSP": 8
    },
    "Echo": {
      "rDD": 19,
      "rDS": 6,
      "rOTD": 16,
      "rAST": 9,
      "rULT": 4,
      "rLVS": 2,
      "rLLS": 2,
      "rDFS": 5,
      "rKNB": 7,
      "rCTT": 12,
      "rEVS": 17,
      "rFFD": 5,
      "rFFI": 1,
      "rSNP": 11,
      "rCQT": 12,
      "rBRX": 5,
      "rHWI": 2,
      "rMOT": 2,
      "rAMB": 5,
      "rMMB": 10,
      "rILS": 6,
      "rFE": 7,
      "rDSR": 7,
      "rSLP": 8,
      "rRSP": 7
    },
    "Groot": {
      "rDD": 15,
      "rDS": 11,
      "rOTD": 9,
      "rAST": 14,
      "rULT": 7,
      "rLVS": 4,
      "rLLS": 3,
      "rDFS": 4,
      "rKNB": 7,
      "rCTT": 11,
      "rEVS": 13,
      "rFFD": 2,
      "rFFI": 1,
      "rSNP": 5,
      "rCQT": 12,
      "rBRX": 9,
      "rHWI": 9,
      "rMOT": 4,
      "rAMB": 3,
      "rMMB": 13,
      "rILS": 11,
      "rFE": 5,
      "rDSR": 5,
      "rSLP": 8,
      "rRSP": 8
    },
    "Mystique": {
      "rDD": 18,
      "rDS": 9,
      "rOTD": 16,
      "rAST": 13,
      "rULT": 5,
      "rLVS": 3,
      "rLLS": 4,
      "rDFS": 5,
      "rKNB": 4,
      "rCTT": 8,
      "rEVS": 21,
      "rFFD": 1,
      "rFFI": 4,
      "rSNP": 7,
      "rCQT": 7,
      "rBRX": 5,
      "rHWI": 7,
      "rMOT": 4,
      "rAMB": 2,
      "rMMB": 8,
      "rILS": 12,
      "rFE": 10,
      "rDSR": 7,
      "rSLP": 8,
      "rRSP": 4
    },
    "Polaris": {
      "rDD": 16,
      "rDS": 6,
      "rOTD": 19,
      "rAST": 11,
      "rULT": 4,
      "rLVS": 3,
      "rLLS": 4,
      "rDFS": 5,
      "rKNB": 9,
      "rCTT": 8,
      "rEVS": 22,
      "rFFD": 5,
      "rFFI": 4,
      "rSNP": 9,
      "rCQT": 8,
      "rBRX": 8,
      "rHWI": 3,
      "rMOT": 4,
      "rAMB": 4,
      "rMMB": 13,
      "rILS": 10,
      "rFE": 2,
      "rDSR": 5,
      "rSLP": 5,
      "rRSP": 8
    },
    "Squirrel Girl": {
      "rDD": 17,
      "rDS": 7,
      "rOTD": 20,
      "rAST": 8,
      "rULT": 4,
      "rLVS": 1,
      "rLLS": 1,
      "rDFS": 3,
      "rKNB": 7,
      "rCTT": 10,
      "rEVS": 13,
      "rFFD": 4,
      "rFFI": 3,
      "rSNP": 12,
      "rCQT": 7,
      "rBRX": 3,
      "rHWI": 7,
      "rMOT": 3,
      "rAMB": 4,
      "rMMB": 11,
      "rILS": 8,
      "rFE": 4,
      "rDSR": 8,
      "rSLP": 8,
      "rRSP": 6
    }
  },
  "status": "complete"
}