[
  {
    "Photo": "https://res.cloudinary.com/dvncqcife/image/upload/v1741318213/Abigail_Brand_ogq7ev.png",
    "Nexus Being": "Abigail Brand",
    "Team/Status": "Free Agent",
    "Position Eligibility": "FL, RG, GO",
    "Primary Type": "Strategy & Espionage (SE)",
    "Mobility Trait": "FLY",
    "Power Rating": 4.21,
    "INT": 3,
    "STR": 2,
    "SPD": 2,
    "DUR": 3,
    "EP": 1,
    "FS": 4,
    "LDR": 5,
    "RES": 5,
    "WIL": 6,
    "LCK": 4,
    "ESP": 5,
    "OP": 3,
    "AM": 5,
    "SBY": 6
  },
  {
    "Photo": "https://res.cloudinary.com/dvncqcife/image/upload/v1741314714/Adam_Warlock_adkjlp.png",
    "Nexus Being": "Adam Warlock",
    "Team/Status": "Agents of Vishanti",
    "Position Eligibility": "PO, SV",
    "Primary Type": "Cosmic & Reality (CR)",
    "Mobility Trait": "FLY, HVR",
    "Power Rating": 9.36,
    "INT": 4,
    "STR": 5,
    "SPD": 7,
    "DUR": 6,
    "EP": 6,
    "FS": 4,
    "LDR": 6,
    "RES": 7,
    "WIL": 7,
    "LCK": 4,
    "ESP": 1,
    "OP": 7,
    "AM": 7,
    "SBY": 6
  },
  {
    "Photo": "https://res.cloudinary.com/dvncqcife/image/upload/v1741314715/Agatha_Harkness_nfklqe.png",
    "Nexus Being": "Agatha Harkness",
    "Team/Status": "Your honor, we were just being silly",
    "Position Eligibility": "PO, SV",
    "Primary Type": "Mystic Adept (MA)",
    "Mobility Trait": "HVR, TP",
    "Power Rating": 5.97,
    "INT": 5,
    "STR": 2,
    "SPD": 2,
    "DUR": 2,
    "EP": 6,
    "FS": 2,
    "LDR": 5,
    "RES": 4,
    "WIL": 6,
    "LCK": 3,
    "ESP": 4,
    "OP": 7,
    "AM": 6,
    "SBY": 5
  },
  {
    "Photo": "https://res.cloudinary.com/dvncqcife/image/upload/v1741314717/Archangel_j8bqka.png",
    "Nexus Being": "Angel / Archangel",
    "Team/Status": "Free Agent",
    "Position Eligibility": "RG, VG, GO",
    "Primary Type": "Physical Combatants (PC)",
    "Mobility Trait": "FLY",
    "Power Rating": 4.27,
    "INT": 3,
    "STR": 2,
    "SPD": 4,
    "DUR": 3,
    "EP": 1,
    "FS": 3,
    "LDR": 4,
    "RES": 5,
    "WIL": 6,
    "LCK": 5,
    "ESP": 4,
    "OP": 4,
    "AM": 5,
    "SBY": 5
  },
  {
    "Photo": "https://res.cloudinary.com/dvncqcife/image/upload/v1741314716/Ant-Man_gjesnh.png",
    "Nexus Being": "Ant-Man",
    "Team/Status": "Pigeon Desk",
    "Position Eligibility": "FL, RG, EN",
    "Primary Type": "Technological & Cybernetic (TC)",
    "Mobility Trait": "TP",
    "Power Rating": 6.94,
    "INT": 6,
    "STR": 7,
    "SPD": 5,
    "DUR": 4,
    "EP": 6,
    "FS": 3,
    "LDR": 5,
    "RES": 4,
    "WIL": 5,
    "LCK": 4,
    "ESP": 5,
    "OP": 4,
    "AM": 6,
    "SBY": 6
  },
  {
    "Photo": "https://res.cloudinary.com/dvncqcife/image/upload/v1741314716/Apocalypse_jbxc68.png",
    "Nexus Being": "Apocalypse",
    "Team/Status": "Slow And Threatening",
    "Position Eligibility": "FL, VG, EN, PO, SV",
    "Primary Type": "Physical Combatants (PC)",
    "Mobility Trait": "HVR, TP",
    "Power Rating": 10.6,
    "INT": 6,
    "STR": 7,
    "SPD": 5,
    "DUR": 6,
    "EP": 6,
    "FS": 4,
    "LDR": 7,
    "RES": 7,
    "WIL": 7,
    "LCK": 5,
    "ESP": 5,
    "OP": 7,
    "AM": 7,
    "SBY": 6
  },
  {
    "Photo": "https://res.cloudinary.com/dvncqcife/image/upload/v1741314718/Armor_fgbqau.png",
    "Nexus Being": "Armor",
    "Team/Status": "Free Agent",
    "Position Eligibility": "RG, VG, EN",
    "Primary Type": "Physical Combatants (PC)",
    "Mobility Trait": "None",
    "Power Rating": 3.67,
    "INT": 2,
    "STR": 4,
    "SPD": 2,
    "DUR": 4,
    "EP": 1,
    "FS": 3,
    "LDR": 4,
    "RES": 5,
    "WIL": 5,
    "LCK": 4,
    "ESP": 4,
    "OP": 3,
    "AM": 4,
    "SBY": 6
  },
  {
    "Photo": "https://res.cloudinary.com/dvncqcife/image/upload/v1741314718/Banshee_gej8ip.png",
    "Nexus Being": "Banshee",
    "Team/Status": "Free Agent",
    "Position Eligibility": "FL, RG, EN, PO",
    "Primary Type": "Physical Combatants (PC)",
    "Mobility Trait": "FLY",
    "Power Rating": 5.12,
    "INT": 3,
    "STR": 2,
    "SPD": 3,
    "DUR": 3,
    "EP": 5,
    "FS": 4,
    "LDR": 4,
    "RES": 5,
    "WIL": 6,
    "LCK": 5,
    "ESP": 5,
    "OP": 5,
    "AM": 5,
    "SBY": 5
  },
  {
    "Photo": "https://res.cloudinary.com/dvncqcife/image/upload/v1741314719/Beast_l04atp.png",
    "Nexus Being": "Beast",
    "Team/Status": "Slow And Threatening",
    "Position Eligibility": "RG, VG, GO",
    "Primary Type": "Technological & Cybernetic (TC)",
    "Mobility Trait": "HVR",
    "Power Rating": 6,
    "INT": 5,
    "STR": 4,
    "SPD": 3,
    "DUR": 4,
    "EP": 1,
    "FS": 4,
    "LDR": 6,
    "RES": 5,
    "WIL": 6,
    "LCK": 4,
    "ESP": 5,
    "OP": 3,
    "AM": 6,
    "SBY": 7
  },
  {
    "Photo": "https://res.cloudinary.com/dvncqcife/image/upload/v1741314720/Beta_Ray_Bill_znnd20.png",
    "Nexus Being": "Beta Ray Bill",
    "Team/Status": "Ligmasigma II",
    "Position Eligibility": "RG, VG, EN, SV",
    "Primary Type": "Cosmic & Reality (CR)",
    "Mobility Trait": "FLY",
    "Power Rating": 9.45,
    "INT": 2,
    "STR": 7,
    "SPD": 7,
    "DUR": 6,
    "EP": 6,
    "FS": 4,
    "LDR": 6,
    "RES": 7,
    "WIL": 7,
    "LCK": 5,
    "ESP": 1,
    "OP": 7,
    "AM": 6,
    "SBY": 7
  },
  {
    "Photo": "https://res.cloudinary.com/dvncqcife/image/upload/v1741314721/Bishop_jgsqng.png",
    "Nexus Being": "Bishop",
    "Team/Status": "Sterling's Silly Soldiers",
    "Position Eligibility": "FL, RG, VG, GO",
    "Primary Type": "Physical Combatants (PC)",
    "Mobility Trait": "None",
    "Power Rating": 5.9,
    "INT": 2,
    "STR": 4,
    "SPD": 2,
    "DUR": 4,
    "EP": 5,
    "FS": 5,
    "LDR": 5,
    "RES": 6,
    "WIL": 6,
    "LCK": 4,
    "ESP": 5,
    "OP": 5,
    "AM": 5,
    "SBY": 6
  },
  {
    "Photo": "https://res.cloudinary.com/dvncqcife/image/upload/v1741314721/Black_Bolt_vz1ea9.png",
    "Nexus Being": "Black Bolt",
    "Team/Status": "Ligmasigma II",
    "Position Eligibility": "FL, RG, VG, EN, GO, SV",
    "Primary Type": "Cosmic & Reality (CR)",
    "Mobility Trait": "FLY, HVR",
    "Power Rating": 8.86,
    "INT": 3,
    "STR": 6,
    "SPD": 5,
    "DUR": 6,
    "EP": 6,
    "FS": 4,
    "LDR": 6,
    "RES": 6,
    "WIL": 7,
    "LCK": 6,
    "ESP": 3,
    "OP": 7,
    "AM": 5,
    "SBY": 7
  },
  {
    "Photo": "https://res.cloudinary.com/dvncqcife/image/upload/v1741314722/Black_Cat_wnds1j.png",
    "Nexus Being": "Black Cat",
    "Team/Status": "Amber",
    "Position Eligibility": "RG, VG, GO",
    "Primary Type": "Strategy & Espionage (SE)",
    "Mobility Trait": "HVR",
    "Power Rating": 2.96,
    "INT": 2,
    "STR": 2,
    "SPD": 2,
    "DUR": 2,
    "EP": 1,
    "FS": 4,
    "LDR": 3,
    "RES": 4,
    "WIL": 5,
    "LCK": 7,
    "ESP": 6,
    "OP": 2,
    "AM": 4,
    "SBY": 5
  },
  {
    "Photo": "https://res.cloudinary.com/dvncqcife/image/upload/v1741314723/Black_Panther_shuri_erjuvr.png",
    "Nexus Being": "Black Panther (Shuri)",
    "Team/Status": "Amber",
    "Position Eligibility": "FL, RG, VG, GO",
    "Primary Type": "Technological & Cybernetic (TC)",
    "Mobility Trait": "None",
    "Power Rating": 7.33,
    "INT": 5,
    "STR": 3,
    "SPD": 3,
    "DUR": 3,
    "EP": 1,
    "FS": 4,
    "LDR": 7,
    "RES": 6,
    "WIL": 6,
    "LCK": 4,
    "ESP": 6,
    "OP": 5,
    "AM": 7,
    "SBY": 7
  },
  {
    "Photo": "https://res.cloudinary.com/dvncqcife/image/upload/v1741314735/Black_Panther_vk7bze.png",
    "Nexus Being": "Black Panther (T'Challa)",
    "Team/Status": "Dumb and Dumber Returns",
    "Position Eligibility": "FL, RG, VG, GO",
    "Primary Type": "Strategy & Espionage (SE)",
    "Mobility Trait": "None",
    "Power Rating": 7.07,
    "INT": 5,
    "STR": 3,
    "SPD": 3,
    "DUR": 3,
    "EP": 3,
    "FS": 6,
    "LDR": 7,
    "RES": 6,
    "WIL": 6,
    "LCK": 4,
    "ESP": 6,
    "OP": 4,
    "AM": 6,
    "SBY": 7
  },
  {
    "Photo": "https://res.cloudinary.com/dvncqcife/image/upload/v1741314735/Black_Tom_Cassiday_kkjboo.png",
    "Nexus Being": "Black Tom",
    "Team/Status": "Free Agent",
    "Position Eligibility": "RG, VG, PO",
    "Primary Type": "Mystic Adept (MA)",
    "Mobility Trait": "None",
    "Power Rating": 4.44,
    "INT": 2,
    "STR": 2,
    "SPD": 2,
    "DUR": 3,
    "EP": 5,
    "FS": 3,
    "LDR": 4,
    "RES": 5,
    "WIL": 5,
    "LCK": 4,
    "ESP": 4,
    "OP": 5,
    "AM": 5,
    "SBY": 5
  },
  {
    "Photo": "https://res.cloudinary.com/dvncqcife/image/upload/v1741314737/Black_Widow_wershx.png",
    "Nexus Being": "Black Widow",
    "Team/Status": "Amber",
    "Position Eligibility": "FL, RG, VG, GO",
    "Primary Type": "Strategy & Espionage (SE)",
    "Mobility Trait": "None",
    "Power Rating": 5.98,
    "INT": 3,
    "STR": 3,
    "SPD": 2,
    "DUR": 3,
    "EP": 2,
    "FS": 6,
    "LDR": 6,
    "RES": 5,
    "WIL": 6,
    "LCK": 5,
    "ESP": 7,
    "OP": 3,
    "AM": 6,
    "SBY": 7
  },
  {
    "Photo": "https://res.cloudinary.com/dvncqcife/image/upload/v1741314737/Blade_bct9cz.png",
    "Nexus Being": "Blade",
    "Team/Status": "Amber",
    "Position Eligibility": "RG, VG, PO",
    "Primary Type": "Mystic Adept (MA)",
    "Mobility Trait": "None",
    "Power Rating": 5.43,
    "INT": 2,
    "STR": 4,
    "SPD": 3,
    "DUR": 4,
    "EP": 1,
    "FS": 6,
    "LDR": 5,
    "RES": 6,
    "WIL": 6,
    "LCK": 5,
    "ESP": 5,
    "OP": 3,
    "AM": 5,
    "SBY": 7
  },
  {
    "Photo": "https://res.cloudinary.com/dvncqcife/image/upload/v1741314738/Blob_nw2am8.png",
    "Nexus Being": "Blob",
    "Team/Status": "Free Agent",
    "Position Eligibility": "RG, EN",
    "Primary Type": "Physical Combatants (PC)",
    "Mobility Trait": "None",
    "Power Rating": 3.18,
    "INT": 2,
    "STR": 5,
    "SPD": 2,
    "DUR": 6,
    "EP": 1,
    "FS": 3,
    "LDR": 3,
    "RES": 7,
    "WIL": 3,
    "LCK": 7,
    "ESP": 1,
    "OP": 2,
    "AM": 3,
    "SBY": 6
  },
  {
    "Photo": "https://res.cloudinary.com/dvncqcife/image/upload/v1741314740/Blue_Marvel_igitux.png",
    "Nexus Being": "Blue Marvel",
    "Team/Status": "Agents of Vishanti",
    "Position Eligibility": "FL, RG, EN, GO, SV",
    "Primary Type": "Cosmic & Reality (CR)",
    "Mobility Trait": "FLY, HVR",
    "Power Rating": 9.77,
    "INT": 5,
    "STR": 6,
    "SPD": 5,
    "DUR": 6,
    "EP": 5,
    "FS": 4,
    "LDR": 6,
    "RES": 7,
    "WIL": 7,
    "LCK": 6,
    "ESP": 3,
    "OP": 7,
    "AM": 6,
    "SBY": 7
  },
  {
    "Photo": "https://res.cloudinary.com/dvncqcife/image/upload/v1741314741/Brawn_qhy5ke.png",
    "Nexus Being": "Brawn (Totally Awesome Hulk)",
    "Team/Status": "Costco Wholesale",
    "Position Eligibility": "RG, VG, EN",
    "Primary Type": "Physical Combatants (PC)",
    "Mobility Trait": "HVR",
    "Power Rating": 8.29,
    "INT": 5,
    "STR": 6,
    "SPD": 5,
    "DUR": 6,
    "EP": 5,
    "FS": 4,
    "LDR": 5,
    "RES": 7,
    "WIL": 6,
    "LCK": 6,
    "ESP": 2,
    "OP": 6,
    "AM": 6,
    "SBY": 6
  },
  {
    "Photo": "https://res.cloudinary.com/dvncqcife/image/upload/v1741314742/Brother_Voodoo_i5utms.png",
    "Nexus Being": "Brother Voodoo",
    "Team/Status": "Costco Wholesale",
    "Position Eligibility": "PO, GO, SV",
    "Primary Type": "Mystic Adept (MA)",
    "Mobility Trait": "TP",
    "Power Rating": 6.2,
    "INT": 3,
    "STR": 2,
    "SPD": 2,
    "DUR": 3,
    "EP": 5,
    "FS": 4,
    "LDR": 5,
    "RES": 5,
    "WIL": 6,
    "LCK": 4,
    "ESP": 5,
    "OP": 7,
    "AM": 6,
    "SBY": 5
  },
  {
    "Photo": "https://res.cloudinary.com/dvncqcife/image/upload/v1741314743/Cable_szjpsj.png",
    "Nexus Being": "Cable",
    "Team/Status": "Slow And Threatening",
    "Position Eligibility": "FL, RG, VG, PO, GO",
    "Primary Type": "Technological & Cybernetic (TC)",
    "Mobility Trait": "TP",
    "Power Rating": 8.01,
    "INT": 5,
    "STR": 4,
    "SPD": 3,
    "DUR": 4,
    "EP": 6,
    "FS": 5,
    "LDR": 6,
    "RES": 6,
    "WIL": 6,
    "LCK": 5,
    "ESP": 5,
    "OP": 6,
    "AM": 6,
    "SBY": 6
  },
  {
    "Photo": "https://res.cloudinary.com/dvncqcife/image/upload/v1741314744/Cannonball_llwcg2.png",
    "Nexus Being": "Cannonball",
    "Team/Status": "Free Agent",
    "Position Eligibility": "RG, VG",
    "Primary Type": "Physical Combatants (PC)",
    "Mobility Trait": "FLY",
    "Power Rating": 4.93,
    "INT": 2,
    "STR": 4,
    "SPD": 3,
    "DUR": 6,
    "EP": 1,
    "FS": 3,
    "LDR": 4,
    "RES": 6,
    "WIL": 6,
    "LCK": 5,
    "ESP": 4,
    "OP": 5,
    "AM": 5,
    "SBY": 5
  },
  {
    "Photo": "https://res.cloudinary.com/dvncqcife/image/upload/v1741314754/Cyclops_bvrk3a.png",
    "Nexus Being": "Captain America (Rogers)",
    "Team/Status": "Agents of Vishanti",
    "Position Eligibility": "FL, RG, VG",
    "Primary Type": "Strategy & Espionage (SE)",
    "Mobility Trait": "None",
    "Power Rating": 5.23,
    "INT": 3,
    "STR": 3,
    "SPD": 2,
    "DUR": 3,
    "EP": 1,
    "FS": 6,
    "LDR": 7,
    "RES": 7,
    "WIL": 7,
    "LCK": 4,
    "ESP": 6,
    "OP": 3,
    "AM": 4,
    "SBY": 7
  },
  {
    "Photo": "https://res.cloudinary.com/dvncqcife/image/upload/v1741314744/Captain_America_wilson_irqxpe.png",
    "Nexus Being": "Captain America (Wilson)",
    "Team/Status": "Free Agent",
    "Position Eligibility": "FL, RG, VG, GO",
    "Primary Type": "Strategy & Espionage (SE)",
    "Mobility Trait": "FLY",
    "Power Rating": 4.83,
    "INT": 3,
    "STR": 3,
    "SPD": 3,
    "DUR": 3,
    "EP": 1,
    "FS": 5,
    "LDR": 6,
    "RES": 6,
    "WIL": 6,
    "LCK": 4,
    "ESP": 5,
    "OP": 3,
    "AM": 5,
    "SBY": 6
  },
  {
    "Photo": "https://res.cloudinary.com/dvncqcife/image/upload/v1741314747/Captain_Marvel_dc9tjh.png",
    "Nexus Being": "Captain Marvel",
    "Team/Status": "Dumb and Dumber Returns",
    "Position Eligibility": "FL, RG, VG, EN, SV",
    "Primary Type": "Cosmic & Reality (CR)",
    "Mobility Trait": "FLY, HVR",
    "Power Rating": 9.54,
    "INT": 3,
    "STR": 5,
    "SPD": 5,
    "DUR": 6,
    "EP": 6,
    "FS": 4,
    "LDR": 6,
    "RES": 7,
    "WIL": 7,
    "LCK": 6,
    "ESP": 5,
    "OP": 7,
    "AM": 6,
    "SBY": 7
  },
  {
    "Photo": "https://res.cloudinary.com/dvncqcife/image/upload/v1741314747/Carnage_hslphu.png",
    "Nexus Being": "Carnage",
    "Team/Status": "Sterling's Silly Soldiers",
    "Position Eligibility": "RG, VG",
    "Primary Type": "Physical Combatants (PC)",
    "Mobility Trait": "HVR",
    "Power Rating": 2.63,
    "INT": 2,
    "STR": 5,
    "SPD": 4,
    "DUR": 4,
    "EP": 4,
    "FS": 3,
    "LDR": 2,
    "RES": 6,
    "WIL": 5,
    "LCK": 5,
    "ESP": 3,
    "OP": 4,
    "AM": 4,
    "SBY": 1
  },
  {
    "Photo": "https://res.cloudinary.com/dvncqcife/image/upload/v1741314748/Cloak_zo7mdk.png",
    "Nexus Being": "Cloak",
    "Team/Status": "Sterling's Silly Soldiers",
    "Position Eligibility": "RG, PO, GO",
    "Primary Type": "Mystic Adept (MA)",
    "Mobility Trait": "TP",
    "Power Rating": 3.59,
    "INT": 2,
    "STR": 2,
    "SPD": 2,
    "DUR": 3,
    "EP": 5,
    "FS": 2,
    "LDR": 3,
    "RES": 4,
    "WIL": 5,
    "LCK": 5,
    "ESP": 5,
    "OP": 4,
    "AM": 4,
    "SBY": 5
  },
  {
    "Photo": "https://res.cloudinary.com/dvncqcife/image/upload/v1741314750/Colleen_Wing_gy9vav.png",
    "Nexus Being": "Colleen Wing",
    "Team/Status": "Free Agent",
    "Position Eligibility": "RG, VG, GO",
    "Primary Type": "Physical Combatants (PC)",
    "Mobility Trait": "None",
    "Power Rating": 3.22,
    "INT": 2,
    "STR": 2,
    "SPD": 2,
    "DUR": 2,
    "EP": 1,
    "FS": 6,
    "LDR": 4,
    "RES": 3,
    "WIL": 4,
    "LCK": 4,
    "ESP": 6,
    "OP": 1,
    "AM": 5,
    "SBY": 6
  },
  {
    "Photo": "https://res.cloudinary.com/dvncqcife/image/upload/v1741314751/Colossus_dhl0jo.png",
    "Nexus Being": "Colossus",
    "Team/Status": "Gambit Is A Pretty Pretty Princess",
    "Position Eligibility": "RG, VG, EN",
    "Primary Type": "Physical Combatants (PC)",
    "Mobility Trait": "None",
    "Power Rating": 3.47,
    "INT": 2,
    "STR": 6,
    "SPD": 2,
    "DUR": 6,
    "EP": 1,
    "FS": 4,
    "LDR": 3,
    "RES": 6,
    "WIL": 4,
    "LCK": 6,
    "ESP": 4,
    "OP": 2,
    "AM": 3,
    "SBY": 6
  },
  {
    "Photo": "https://res.cloudinary.com/dvncqcife/image/upload/v1741314752/Crossbones_vcpckc.png",
    "Nexus Being": "Crossbones",
    "Team/Status": "Free Agent",
    "Position Eligibility": "FL, RG, VG, GO",
    "Primary Type": "Physical Combatants (PC)",
    "Mobility Trait": "None",
    "Power Rating": 2.8,
    "INT": 2,
    "STR": 4,
    "SPD": 2,
    "DUR": 3,
    "EP": 1,
    "FS": 6,
    "LDR": 3,
    "RES": 5,
    "WIL": 4,
    "LCK": 5,
    "ESP": 4,
    "OP": 1,
    "AM": 4,
    "SBY": 5
  },
  {
    "Photo": "https://res.cloudinary.com/dvncqcife/image/upload/v1741314753/Cyclops_hf0xex.png",
    "Nexus Being": "Cyclops",
    "Team/Status": "Amber",
    "Position Eligibility": "FL, RG, VG",
    "Primary Type": "Physical Combatants (PC)",
    "Mobility Trait": "None",
    "Power Rating": 5.6,
    "INT": 3,
    "STR": 2,
    "SPD": 2,
    "DUR": 2,
    "EP": 5,
    "FS": 4,
    "LDR": 6,
    "RES": 4,
    "WIL": 4,
    "LCK": 4,
    "ESP": 5,
    "OP": 6,
    "AM": 5,
    "SBY": 6
  },
  {
    "Photo": "https://res.cloudinary.com/dvncqcife/image/upload/v1741314755/Cypher_kzg114.png",
    "Nexus Being": "Cypher",
    "Team/Status": "Free Agent",
    "Position Eligibility": "RG, PO, GO",
    "Primary Type": "Strategy & Espionage (SE)",
    "Mobility Trait": "None",
    "Power Rating": 3.87,
    "INT": 6,
    "STR": 2,
    "SPD": 2,
    "DUR": 2,
    "EP": 1,
    "FS": 2,
    "LDR": 6,
    "RES": 3,
    "WIL": 3,
    "LCK": 3,
    "ESP": 4,
    "OP": 5,
    "AM": 4,
    "SBY": 5
  },
  {
    "Photo": "https://res.cloudinary.com/dvncqcife/image/upload/v1741314756/Dagger_mxof4u.png",
    "Nexus Being": "Dagger",
    "Team/Status": "Sterling's Silly Soldiers",
    "Position Eligibility": "RG, PO",
    "Primary Type": "Mystic Adept (MA)",
    "Mobility Trait": "HVR",
    "Power Rating": 4.14,
    "INT": 2,
    "STR": 2,
    "SPD": 2,
    "DUR": 2,
    "EP": 5,
    "FS": 3,
    "LDR": 4,
    "RES": 3,
    "WIL": 5,
    "LCK": 4,
    "ESP": 4,
    "OP": 6,
    "AM": 4,
    "SBY": 5
  },
  {
    "Photo": "https://res.cloudinary.com/dvncqcife/image/upload/v1741314757/Dakin_faowrq.png",
    "Nexus Being": "Daken",
    "Team/Status": "Free Agent",
    "Position Eligibility": "RG, VG",
    "Primary Type": "Physical Combatants (PC)",
    "Mobility Trait": "None",
    "Power Rating": 2.99,
    "INT": 2,
    "STR": 4,
    "SPD": 3,
    "DUR": 4,
    "EP": 1,
    "FS": 6,
    "LDR": 3,
    "RES": 5,
    "WIL": 5,
    "LCK": 5,
    "ESP": 4,
    "OP": 2,
    "AM": 5,
    "SBY": 3
  },
  {
    "Photo": "https://res.cloudinary.com/dvncqcife/image/upload/v1741314758/Danger_b7tok8.png",
    "Nexus Being": "Danger",
    "Team/Status": "Amber",
    "Position Eligibility": "RG, VG, GO",
    "Primary Type": "Technological & Cybernetic (TC)",
    "Mobility Trait": "HVR",
    "Power Rating": 8.43,
    "INT": 4,
    "STR": 6,
    "SPD": 6,
    "DUR": 6,
    "EP": 6,
    "FS": 5,
    "LDR": 6,
    "RES": 6,
    "WIL": 6,
    "LCK": 6,
    "ESP": 5,
    "OP": 6,
    "AM": 6,
    "SBY": 5
  },
  {
    "Photo": "https://res.cloudinary.com/dvncqcife/image/upload/v1741314759/Daredevil_yxvq9j.png",
    "Nexus Being": "Daredevil",
    "Team/Status": "Slow And Threatening",
    "Position Eligibility": "RG, VG, GO",
    "Primary Type": "Strategy & Espionage (SE)",
    "Mobility Trait": "HVR",
    "Power Rating": 4.66,
    "INT": 3,
    "STR": 2,
    "SPD": 2,
    "DUR": 3,
    "EP": 1,
    "FS": 6,
    "LDR": 6,
    "RES": 4,
    "WIL": 5,
    "LCK": 5,
    "ESP": 6,
    "OP": 1,
    "AM": 6,
    "SBY": 7
  },
  {
    "Photo": "https://res.cloudinary.com/dvncqcife/image/upload/v1741314759/Darwin_gknahz.png",
    "Nexus Being": "Darwin",
    "Team/Status": "Ligmasigma II",
    "Position Eligibility": "RG, GO",
    "Primary Type": "Physical Combatants (PC)",
    "Mobility Trait": "None",
    "Power Rating": 5.36,
    "INT": 2,
    "STR": 2,
    "SPD": 2,
    "DUR": 7,
    "EP": 1,
    "FS": 2,
    "LDR": 3,
    "RES": 5,
    "WIL": 5,
    "LCK": 6,
    "ESP": 5,
    "OP": 7,
    "AM": 7,
    "SBY": 4
  },
  {
    "Photo": "https://res.cloudinary.com/dvncqcife/image/upload/v1741314761/Dazzler_d64zg0.png",
    "Nexus Being": "Dazzler",
    "Team/Status": "Free Agent",
    "Position Eligibility": "RG",
    "Primary Type": "Mystic Adept (MA)",
    "Mobility Trait": "None",
    "Power Rating": 4.59,
    "INT": 2,
    "STR": 2,
    "SPD": 2,
    "DUR": 2,
    "EP": 6,
    "FS": 3,
    "LDR": 4,
    "RES": 4,
    "WIL": 4,
    "LCK": 4,
    "ESP": 4,
    "OP": 6,
    "AM": 4,
    "SBY": 6
  },
  {
    "Photo": "https://res.cloudinary.com/dvncqcife/image/upload/v1741314762/Deadpool_oxuick.png",
    "Nexus Being": "Deadpool",
    "Team/Status": "Pigeon Desk",
    "Position Eligibility": "RG, VG, GO",
    "Primary Type": "Physical Combatants (PC)",
    "Mobility Trait": "None",
    "Power Rating": 4.2,
    "INT": 2,
    "STR": 4,
    "SPD": 3,
    "DUR": 6,
    "EP": 1,
    "FS": 6,
    "LDR": 3,
    "RES": 7,
    "WIL": 6,
    "LCK": 6,
    "ESP": 5,
    "OP": 5,
    "AM": 5,
    "SBY": 2
  },
  {
    "Photo": "https://res.cloudinary.com/dvncqcife/image/upload/v1741314763/Deathlok_jzw2yw.png",
    "Nexus Being": "Deathlok",
    "Team/Status": "Pigeon Desk",
    "Position Eligibility": "RG, VG, GO",
    "Primary Type": "Technological & Cybernetic (TC)",
    "Mobility Trait": "None",
    "Power Rating": 6.89,
    "INT": 4,
    "STR": 4,
    "SPD": 3,
    "DUR": 6,
    "EP": 5,
    "FS": 3,
    "LDR": 5,
    "RES": 6,
    "WIL": 5,
    "LCK": 6,
    "ESP": 5,
    "OP": 6,
    "AM": 5,
    "SBY": 6
  },
  {
    "Photo": "https://res.cloudinary.com/dvncqcife/image/upload/v1741314764/Doctor_Doom_h3mfz7.png",
    "Nexus Being": "Doctor Doom",
    "Team/Status": "Ligmasigma II",
    "Position Eligibility": "FL, RG, VG, EN, PO, GO, SV",
    "Primary Type": "Mystic Adept (MA)",
    "Mobility Trait": "HVR, TP",
    "Power Rating": 8.74,
    "INT": 6,
    "STR": 4,
    "SPD": 3,
    "DUR": 6,
    "EP": 6,
    "FS": 4,
    "LDR": 7,
    "RES": 6,
    "WIL": 7,
    "LCK": 3,
    "ESP": 5,
    "OP": 6,
    "AM": 7,
    "SBY": 6
  },
  {
    "Photo": "https://res.cloudinary.com/dvncqcife/image/upload/v1741314765/Doctor_Octopus_lyx5af.png",
    "Nexus Being": "Doctor Octopus",
    "Team/Status": "Dumb and Dumber Returns",
    "Position Eligibility": "RG, VG, EN, GO",
    "Primary Type": "Technological & Cybernetic (TC)",
    "Mobility Trait": "HVR",
    "Power Rating": 3.58,
    "INT": 5,
    "STR": 4,
    "SPD": 2,
    "DUR": 3,
    "EP": 1,
    "FS": 3,
    "LDR": 6,
    "RES": 4,
    "WIL": 3,
    "LCK": 4,
    "ESP": 3,
    "OP": 2,
    "AM": 5,
    "SBY": 5
  },
  {
    "Photo": "https://res.cloudinary.com/dvncqcife/image/upload/v1741314766/Doctor_Strange_fninxw.png",
    "Nexus Being": "Doctor Strange",
    "Team/Status": "Gambit Is A Pretty Pretty Princess",
    "Position Eligibility": "FL, RG, VG, EN, PO, SV",
    "Primary Type": "Mystic Adept (MA)",
    "Mobility Trait": "HVR, TP",
    "Power Rating": 7.2,
    "INT": 5,
    "STR": 2,
    "SPD": 2,
    "DUR": 3,
    "EP": 6,
    "FS": 4,
    "LDR": 5,
    "RES": 4,
    "WIL": 7,
    "LCK": 4,
    "ESP": 5,
    "OP": 7,
    "AM": 7,
    "SBY": 5
  },
  {
    "Photo": "https://res.cloudinary.com/dvncqcife/image/upload/v1741314767/Domino_cwgvny.png",
    "Nexus Being": "Domino",
    "Team/Status": "Gambit Is A Pretty Pretty Princess",
    "Position Eligibility": "RG, VG, GO",
    "Primary Type": "Physical Combatants (PC)",
    "Mobility Trait": "None",
    "Power Rating": 4.75,
    "INT": 3,
    "STR": 2,
    "SPD": 2,
    "DUR": 2,
    "EP": 1,
    "FS": 5,
    "LDR": 3,
    "RES": 5,
    "WIL": 5,
    "LCK": 7,
    "ESP": 7,
    "OP": 6,
    "AM": 3,
    "SBY": 6
  },
  {
    "Photo": "https://res.cloudinary.com/dvncqcife/image/upload/v1741314768/Drax_the_Destroyer_cvkroc.png",
    "Nexus Being": "Drax the Destroyer",
    "Team/Status": "Dumb and Dumber Returns",
    "Position Eligibility": "RG, VG, EN",
    "Primary Type": "Physical Combatants (PC)",
    "Mobility Trait": "None",
    "Power Rating": 3.8,
    "INT": 2,
    "STR": 6,
    "SPD": 5,
    "DUR": 6,
    "EP": 1,
    "FS": 4,
    "LDR": 3,
    "RES": 6,
    "WIL": 5,
    "LCK": 6,
    "ESP": 4,
    "OP": 3,
    "AM": 4,
    "SBY": 4
  },
  {
    "Photo": "https://res.cloudinary.com/dvncqcife/image/upload/v1741314769/Echo_kkyjh9.png",
    "Nexus Being": "Echo",
    "Team/Status": "Your honor, we were just being silly",
    "Position Eligibility": "RG, VG, GO",
    "Primary Type": "Strategy & Espionage (SE)",
    "Mobility Trait": "None",
    "Power Rating": 3.53,
    "INT": 2,
    "STR": 2,
    "SPD": 2,
    "DUR": 2,
    "EP": 1,
    "FS": 6,
    "LDR": 4,
    "RES": 4,
    "WIL": 4,
    "LCK": 4,
    "ESP": 5,
    "OP": 1,
    "AM": 6,
    "SBY": 6
  },
  {
    "Photo": "https://res.cloudinary.com/dvncqcife/image/upload/v1741314770/Elektra_xxs9n4.png",
    "Nexus Being": "Elektra",
    "Team/Status": "Free Agent",
    "Position Eligibility": "RG, VG, GO",
    "Primary Type": "Strategy & Espionage (SE)",
    "Mobility Trait": "HVR",
    "Power Rating": 4.99,
    "INT": 3,
    "STR": 2,
    "SPD": 2,
    "DUR": 3,
    "EP": 1,
    "FS": 7,
    "LDR": 5,
    "RES": 4,
    "WIL": 5,
    "LCK": 4,
    "ESP": 7,
    "OP": 2,
    "AM": 7,
    "SBY": 6
  },
  {
    "Photo": "https://res.cloudinary.com/dvncqcife/image/upload/v1741314772/Elixer_aoliyi.png",
    "Nexus Being": "Elixir",
    "Team/Status": "Amber",
    "Position Eligibility": "RG, PO, GO",
    "Primary Type": "Mystic Adept (MA)",
    "Mobility Trait": "None",
    "Power Rating": 4.2,
    "INT": 2,
    "STR": 2,
    "SPD": 2,
    "DUR": 2,
    "EP": 6,
    "FS": 2,
    "LDR": 3,
    "RES": 3,
    "WIL": 3,
    "LCK": 3,
    "ESP": 3,
    "OP": 7,
    "AM": 6,
    "SBY": 4
  },
  {
    "Photo": "https://res.cloudinary.com/dvncqcife/image/upload/v1741314772/Emma_Frost_tif973.png",
    "Nexus Being": "Emma Frost",
    "Team/Status": "Gambit Is A Pretty Pretty Princess",
    "Position Eligibility": "FL, PO, GO, SV",
    "Primary Type": "Mental Manipulators (MM)",
    "Mobility Trait": "HVR",
    "Power Rating": 5.49,
    "INT": 4,
    "STR": 4,
    "SPD": 2,
    "DUR": 5,
    "EP": 5,
    "FS": 3,
    "LDR": 5,
    "RES": 3,
    "WIL": 4,
    "LCK": 4,
    "ESP": 4,
    "OP": 6,
    "AM": 5,
    "SBY": 5
  },
  {
    "Photo": "https://res.cloudinary.com/dvncqcife/image/upload/v1741314773/Exodus_vjnod9.png",
    "Nexus Being": "Exodus",
    "Team/Status": "Ligmasigma II",
    "Position Eligibility": "VG, PO, GO, SV",
    "Primary Type": "Mystic Adept (MA)",
    "Mobility Trait": "FLY, TP",
    "Power Rating": 8.32,
    "INT": 4,
    "STR": 6,
    "SPD": 5,
    "DUR": 6,
    "EP": 6,
    "FS": 4,
    "LDR": 5,
    "RES": 6,
    "WIL": 5,
    "LCK": 6,
    "ESP": 5,
    "OP": 7,
    "AM": 6,
    "SBY": 5
  },
  {
    "Photo": "https://res.cloudinary.com/dvncqcife/image/upload/v1741314774/Fantomex_vzkvlt.png",
    "Nexus Being": "Fantomex",
    "Team/Status": "Free Agent",
    "Position Eligibility": "RG, VG, PO, GO",
    "Primary Type": "Strategy & Espionage (SE)",
    "Mobility Trait": "HVR",
    "Power Rating": 4.89,
    "INT": 3,
    "STR": 3,
    "SPD": 3,
    "DUR": 3,
    "EP": 1,
    "FS": 5,
    "LDR": 4,
    "RES": 4,
    "WIL": 4,
    "LCK": 4,
    "ESP": 5,
    "OP": 4,
    "AM": 6,
    "SBY": 6
  },
  {
    "Photo": "https://res.cloudinary.com/dvncqcife/image/upload/v1741314776/Firestar_ktvjtx.png",
    "Nexus Being": "Firestar",
    "Team/Status": "Free Agent",
    "Position Eligibility": "RG, VG, EN",
    "Primary Type": "Cosmic & Reality (CR)",
    "Mobility Trait": "FLY, HVR",
    "Power Rating": 4.75,
    "INT": 3,
    "STR": 2,
    "SPD": 2,
    "DUR": 2,
    "EP": 5,
    "FS": 3,
    "LDR": 4,
    "RES": 4,
    "WIL": 5,
    "LCK": 4,
    "ESP": 4,
    "OP": 6,
    "AM": 5,
    "SBY": 5
  },
  {
    "Photo": "https://res.cloudinary.com/dvncqcife/image/upload/v1741314776/Forge_h8xwpk.png",
    "Nexus Being": "Forge",
    "Team/Status": "Costco Wholesale",
    "Position Eligibility": "FL, RG, VG, GO",
    "Primary Type": "Technological & Cybernetic (TC)",
    "Mobility Trait": "None",
    "Power Rating": 4.99,
    "INT": 5,
    "STR": 2,
    "SPD": 2,
    "DUR": 2,
    "EP": 1,
    "FS": 3,
    "LDR": 6,
    "RES": 3,
    "WIL": 3,
    "LCK": 4,
    "ESP": 4,
    "OP": 5,
    "AM": 6,
    "SBY": 6
  },
  {
    "Photo": "https://res.cloudinary.com/dvncqcife/image/upload/v1741314778/Gambit_wznocp.png",
    "Nexus Being": "Gambit",
    "Team/Status": "Gambit Is A Pretty Pretty Princess",
    "Position Eligibility": "RG, VG, GO",
    "Primary Type": "Physical Combatants (PC)",
    "Mobility Trait": "None",
    "Power Rating": 4.42,
    "INT": 3,
    "STR": 2,
    "SPD": 2,
    "DUR": 2,
    "EP": 4,
    "FS": 4,
    "LDR": 4,
    "RES": 4,
    "WIL": 4,
    "LCK": 4,
    "ESP": 5,
    "OP": 5,
    "AM": 5,
    "SBY": 5
  },
  {
    "Photo": "https://res.cloudinary.com/dvncqcife/image/upload/v1741314779/Gamora_ttgpzm.png",
    "Nexus Being": "Gamora",
    "Team/Status": "Pigeon Desk",
    "Position Eligibility": "RG, VG",
    "Primary Type": "Physical Combatants (PC)",
    "Mobility Trait": "None",
    "Power Rating": 5.95,
    "INT": 3,
    "STR": 6,
    "SPD": 3,
    "DUR": 6,
    "EP": 1,
    "FS": 6,
    "LDR": 5,
    "RES": 6,
    "WIL": 5,
    "LCK": 5,
    "ESP": 5,
    "OP": 3,
    "AM": 6,
    "SBY": 6
  },
  {
    "Photo": "https://res.cloudinary.com/dvncqcife/image/upload/v1741314780/Ghost_Rider_degihh.png",
    "Nexus Being": "Ghost Rider",
    "Team/Status": "Agents of Vishanti",
    "Position Eligibility": "RG, VG, EN, PO, SV",
    "Primary Type": "Mystic Adept (MA)",
    "Mobility Trait": "HVR, TP",
    "Power Rating": 6.15,
    "INT": 2,
    "STR": 4,
    "SPD": 3,
    "DUR": 6,
    "EP": 5,
    "FS": 4,
    "LDR": 4,
    "RES": 6,
    "WIL": 5,
    "LCK": 6,
    "ESP": 1,
    "OP": 7,
    "AM": 5,
    "SBY": 5
  },
  {
    "Photo": "https://res.cloudinary.com/dvncqcife/image/upload/v1741314781/Ghost_Spider_pejzo2.png",
    "Nexus Being": "Ghost Spider (Spider-Gwen)",
    "Team/Status": "Dumb and Dumber Returns",
    "Position Eligibility": "RG, VG, GO",
    "Primary Type": "Physical Combatants (PC)",
    "Mobility Trait": "HVR",
    "Power Rating": 3.93,
    "INT": 3,
    "STR": 4,
    "SPD": 3,
    "DUR": 3,
    "EP": 1,
    "FS": 4,
    "LDR": 4,
    "RES": 4,
    "WIL": 5,
    "LCK": 4,
    "ESP": 5,
    "OP": 3,
    "AM": 5,
    "SBY": 5
  },
  {
    "Photo": "https://res.cloudinary.com/dvncqcife/image/upload/v1741314782/Gladiator_hgsnsa.png",
    "Nexus Being": "Gladiator",
    "Team/Status": "Ligmasigma II",
    "Position Eligibility": "FL, RG, VG, EN",
    "Primary Type": "Cosmic & Reality (CR)",
    "Mobility Trait": "FLY, HVR",
    "Power Rating": 7.91,
    "INT": 3,
    "STR": 7,
    "SPD": 7,
    "DUR": 6,
    "EP": 4,
    "FS": 5,
    "LDR": 5,
    "RES": 7,
    "WIL": 7,
    "LCK": 6,
    "ESP": 1,
    "OP": 5,
    "AM": 6,
    "SBY": 6
  },
  {
    "Photo": "https://res.cloudinary.com/dvncqcife/image/upload/v1741314783/Goldballs_aek8wv.png",
    "Nexus Being": "Goldballs",
    "Team/Status": "Free Agent",
    "Position Eligibility": "RG",
    "Primary Type": "Mystic Adept (MA)",
    "Mobility Trait": "None",
    "Power Rating": 2.85,
    "INT": 2,
    "STR": 2,
    "SPD": 2,
    "DUR": 2,
    "EP": 4,
    "FS": 2,
    "LDR": 3,
    "RES": 3,
    "WIL": 3,
    "LCK": 3,
    "ESP": 3,
    "OP": 5,
    "AM": 4,
    "SBY": 4
  },
  {
    "Photo": "https://res.cloudinary.com/dvncqcife/image/upload/v1741314783/Green_Goblin_z4biyo.png",
    "Nexus Being": "Green Goblin",
    "Team/Status": "Free Agent",
    "Position Eligibility": "FL, RG, VG",
    "Primary Type": "Technological & Cybernetic (TC)",
    "Mobility Trait": "HVR",
    "Power Rating": 3.62,
    "INT": 5,
    "STR": 4,
    "SPD": 2,
    "DUR": 4,
    "EP": 1,
    "FS": 4,
    "LDR": 5,
    "RES": 5,
    "WIL": 5,
    "LCK": 5,
    "ESP": 4,
    "OP": 3,
    "AM": 5,
    "SBY": 3
  },
  {
    "Photo": "https://res.cloudinary.com/dvncqcife/image/upload/v1741314784/Groot_edh6nd.png",
    "Nexus Being": "Groot",
    "Team/Status": "Your honor, we were just being silly",
    "Position Eligibility": "RG, VG, EN",
    "Primary Type": "Physical Combatants (PC)",
    "Mobility Trait": "None",
    "Power Rating": 4.25,
    "INT": 2,
    "STR": 6,
    "SPD": 2,
    "DUR": 6,
    "EP": 1,
    "FS": 4,
    "LDR": 3,
    "RES": 6,
    "WIL": 4,
    "LCK": 6,
    "ESP": 5,
    "OP": 3,
    "AM": 4,
    "SBY": 6
  },
  {
    "Photo": "https://res.cloudinary.com/dvncqcife/image/upload/v1741314787/Guardian_mmdg4f.png",
    "Nexus Being": "Guardian",
    "Team/Status": "Ligmasigma II",
    "Position Eligibility": "RG, VG",
    "Primary Type": "Technological & Cybernetic (TC)",
    "Mobility Trait": "FLY, HVR",
    "Power Rating": 5.38,
    "INT": 3,
    "STR": 4,
    "SPD": 4,
    "DUR": 4,
    "EP": 5,
    "FS": 4,
    "LDR": 4,
    "RES": 5,
    "WIL": 5,
    "LCK": 5,
    "ESP": 3,
    "OP": 5,
    "AM": 5,
    "SBY": 5
  },
  {
    "Photo": "https://res.cloudinary.com/dvncqcife/image/upload/v1741314787/Havok_xcbhgb.png",
    "Nexus Being": "Havok",
    "Team/Status": "Free Agent",
    "Position Eligibility": "FL, RG, VG",
    "Primary Type": "Physical Combatants (PC)",
    "Mobility Trait": "None",
    "Power Rating": 4.77,
    "INT": 3,
    "STR": 2,
    "SPD": 2,
    "DUR": 2,
    "EP": 6,
    "FS": 3,
    "LDR": 4,
    "RES": 4,
    "WIL": 4,
    "LCK": 4,
    "ESP": 4,
    "OP": 6,
    "AM": 5,
    "SBY": 5
  },
  {
    "Photo": "https://res.cloudinary.com/dvncqcife/image/upload/v1741314788/Hawkeye_Kate_Bishop_xjgq5f.png",
    "Nexus Being": "Hawkeye",
    "Team/Status": "Gambit Is A Pretty Pretty Princess",
    "Position Eligibility": "FL, RG, VG, GO",
    "Primary Type": "Physical Combatants (PC)",
    "Mobility Trait": "None",
    "Power Rating": 4.38,
    "INT": 3,
    "STR": 2,
    "SPD": 2,
    "DUR": 2,
    "EP": 1,
    "FS": 6,
    "LDR": 6,
    "RES": 4,
    "WIL": 4,
    "LCK": 4,
    "ESP": 6,
    "OP": 2,
    "AM": 6,
    "SBY": 6
  },
  {
    "Photo": "https://res.cloudinary.com/dvncqcife/image/upload/v1741318214/Hawkeye_aqzrhx.png",
    "Nexus Being": "Hawkeye (Kate Bishop)",
    "Team/Status": "Free Agent",
    "Position Eligibility": "RG, VG, GO",
    "Primary Type": "Physical Combatants (PC)",
    "Mobility Trait": "None",
    "Power Rating": 4.1,
    "INT": 3,
    "STR": 2,
    "SPD": 2,
    "DUR": 2,
    "EP": 1,
    "FS": 5,
    "LDR": 5,
    "RES": 4,
    "WIL": 4,
    "LCK": 4,
    "ESP": 6,
    "OP": 2,
    "AM": 6,
    "SBY": 6
  },
  {
    "Photo": "https://res.cloudinary.com/dvncqcife/image/upload/v1741318215/Hulk_ahkfbm.png",
    "Nexus Being": "Hulk",
    "Team/Status": "Sterling's Silly Soldiers",
    "Position Eligibility": "RG, VG, EN",
    "Primary Type": "Physical Combatants (PC)",
    "Mobility Trait": "None",
    "Power Rating": 6.02,
    "INT": 6,
    "STR": 7,
    "SPD": 3,
    "DUR": 7,
    "EP": 5,
    "FS": 4,
    "LDR": 3,
    "RES": 7,
    "WIL": 5,
    "LCK": 3,
    "ESP": 1,
    "OP": 6,
    "AM": 6,
    "SBY": 3
  },
  {
    "Photo": "https://res.cloudinary.com/dvncqcife/image/upload/v1741318216/Hulkling_c1xyrf.png",
    "Nexus Being": "Hulkling (Teddy Altman)",
    "Team/Status": "Costco Wholesale",
    "Position Eligibility": "RG, VG, PO, SV",
    "Primary Type": "Cosmic & Reality (CR)",
    "Mobility Trait": "FLY, HVR",
    "Power Rating": 5.43,
    "INT": 2,
    "STR": 6,
    "SPD": 3,
    "DUR": 6,
    "EP": 1,
    "FS": 4,
    "LDR": 4,
    "RES": 6,
    "WIL": 5,
    "LCK": 6,
    "ESP": 5,
    "OP": 4,
    "AM": 5,
    "SBY": 6
  },
  {
    "Photo": "https://res.cloudinary.com/dvncqcife/image/upload/v1741318217/Husk_t34odo.png",
    "Nexus Being": "Husk",
    "Team/Status": "Free Agent",
    "Position Eligibility": "RG, VG",
    "Primary Type": "Physical Combatants (PC)",
    "Mobility Trait": "None",
    "Power Rating": 3.25,
    "INT": 3,
    "STR": 2,
    "SPD": 2,
    "DUR": 2,
    "EP": 1,
    "FS": 3,
    "LDR": 4,
    "RES": 4,
    "WIL": 4,
    "LCK": 4,
    "ESP": 4,
    "OP": 3,
    "AM": 5,
    "SBY": 5
  },
  {
    "Photo": "https://res.cloudinary.com/dvncqcife/image/upload/v1741318218/Hyperion_hw9flb.png",
    "Nexus Being": "Hyperion",
    "Team/Status": "Amber",
    "Position Eligibility": "RG, VG, EN, SV",
    "Primary Type": "Cosmic & Reality (CR)",
    "Mobility Trait": "FLY, HVR",
    "Power Rating": 8.75,
    "INT": 3,
    "STR": 7,
    "SPD": 7,
    "DUR": 6,
    "EP": 5,
    "FS": 6,
    "LDR": 5,
    "RES": 7,
    "WIL": 7,
    "LCK": 6,
    "ESP": 1,
    "OP": 6,
    "AM": 6,
    "SBY": 6
  },
  {
    "Photo": "https://res.cloudinary.com/dvncqcife/image/upload/v1741318221/Iceman_pzcjyt.png",
    "Nexus Being": "Iceman",
    "Team/Status": "Pigeon Desk",
    "Position Eligibility": "RG, VG, EN",
    "Primary Type": "Mystic Adept (MA)",
    "Mobility Trait": "HVR",
    "Power Rating": 6.1,
    "INT": 2,
    "STR": 4,
    "SPD": 3,
    "DUR": 4,
    "EP": 7,
    "FS": 3,
    "LDR": 4,
    "RES": 5,
    "WIL": 5,
    "LCK": 5,
    "ESP": 4,
    "OP": 7,
    "AM": 5,
    "SBY": 5
  },
  {
    "Photo": "https://res.cloudinary.com/dvncqcife/image/upload/v1741318221/Invisible_Woman_lygdyz.png",
    "Nexus Being": "Invisible Woman",
    "Team/Status": "Costco Wholesale",
    "Position Eligibility": "FL, RG, VG, EN, GO",
    "Primary Type": "Mystic Adept (MA)",
    "Mobility Trait": "None",
    "Power Rating": 5.61,
    "INT": 3,
    "STR": 2,
    "SPD": 2,
    "DUR": 2,
    "EP": 6,
    "FS": 3,
    "LDR": 5,
    "RES": 4,
    "WIL": 4,
    "LCK": 5,
    "ESP": 6,
    "OP": 6,
    "AM": 5,
    "SBY": 6
  },
  {
    "Photo": "https://res.cloudinary.com/dvncqcife/image/upload/v1741318222/Iron_Fist_kx3n0d.png",
    "Nexus Being": "Iron Fist",
    "Team/Status": "Dumb and Dumber Returns",
    "Position Eligibility": "RG, VG, GO",
    "Primary Type": "Mystic Adept (MA)",
    "Mobility Trait": "HVR",
    "Power Rating": 5.64,
    "INT": 3,
    "STR": 4,
    "SPD": 3,
    "DUR": 3,
    "EP": 4,
    "FS": 6,
    "LDR": 5,
    "RES": 5,
    "WIL": 5,
    "LCK": 5,
    "ESP": 5,
    "OP": 3,
    "AM": 6,
    "SBY": 6
  },
  {
    "Photo": "https://res.cloudinary.com/dvncqcife/image/upload/v1741318222/Iron_Man_ysqzh4.png",
    "Nexus Being": "Iron Man",
    "Team/Status": "Costco Wholesale",
    "Position Eligibility": "FL, RG, VG, EN",
    "Primary Type": "Technological & Cybernetic (TC)",
    "Mobility Trait": "FLY, HVR",
    "Power Rating": 7.69,
    "INT": 6,
    "STR": 6,
    "SPD": 5,
    "DUR": 6,
    "EP": 6,
    "FS": 4,
    "LDR": 6,
    "RES": 5,
    "WIL": 6,
    "LCK": 5,
    "ESP": 6,
    "OP": 5,
    "AM": 6,
    "SBY": 5
  },
  {
    "Photo": "https://res.cloudinary.com/dvncqcife/image/upload/v1741318225/Ironheart_h7d6nz.png",
    "Nexus Being": "Ironheart",
    "Team/Status": "Sterling's Silly Soldiers",
    "Position Eligibility": "RG, VG, EN",
    "Primary Type": "Technological & Cybernetic (TC)",
    "Mobility Trait": "FLY, HVR",
    "Power Rating": 7.36,
    "INT": 5,
    "STR": 5,
    "SPD": 5,
    "DUR": 5,
    "EP": 5,
    "FS": 3,
    "LDR": 6,
    "RES": 5,
    "WIL": 5,
    "LCK": 5,
    "ESP": 5,
    "OP": 5,
    "AM": 6,
    "SBY": 6
  },
  {
    "Photo": "https://res.cloudinary.com/dvncqcife/image/upload/v1741318226/Jean_Grey_Phoenix_jogysk.png",
    "Nexus Being": "Jean Grey (Phoenix)",
    "Team/Status": "Gambit Is A Pretty Pretty Princess",
    "Position Eligibility": "FL, RG, VG, EN, PO, SV",
    "Primary Type": "Mental Manipulators (MM)",
    "Mobility Trait": "FLY, HVR",
    "Power Rating": 6.68,
    "INT": 4,
    "STR": 2,
    "SPD": 3,
    "DUR": 3,
    "EP": 7,
    "FS": 3,
    "LDR": 5,
    "RES": 4,
    "WIL": 6,
    "LCK": 5,
    "ESP": 5,
    "OP": 7,
    "AM": 5,
    "SBY": 6
  },
  {
    "Photo": "https://res.cloudinary.com/dvncqcife/image/upload/v1741318227/Jessica_Jones_tha3ft.png",
    "Nexus Being": "Jessica Jones",
    "Team/Status": "Free Agent",
    "Position Eligibility": "RG, VG, GO",
    "Primary Type": "Physical Combatants (PC)",
    "Mobility Trait": "HVR",
    "Power Rating": 3.4,
    "INT": 2,
    "STR": 4,
    "SPD": 2,
    "DUR": 4,
    "EP": 1,
    "FS": 3,
    "LDR": 4,
    "RES": 5,
    "WIL": 4,
    "LCK": 5,
    "ESP": 5,
    "OP": 2,
    "AM": 5,
    "SBY": 5
  },
  {
    "Photo": "https://res.cloudinary.com/dvncqcife/image/upload/v1741318229/Jocasta_rqbzet.png",
    "Nexus Being": "Jocasta",
    "Team/Status": "Ligmasigma II",
    "Position Eligibility": "RG, VG, EN, GO",
    "Primary Type": "Technological & Cybernetic (TC)",
    "Mobility Trait": "HVR",
    "Power Rating": 7.29,
    "INT": 5,
    "STR": 5,
    "SPD": 3,
    "DUR": 5,
    "EP": 5,
    "FS": 3,
    "LDR": 6,
    "RES": 6,
    "WIL": 5,
    "LCK": 6,
    "ESP": 5,
    "OP": 6,
    "AM": 5,
    "SBY": 6
  },
  {
    "Photo": "https://res.cloudinary.com/dvncqcife/image/upload/v1741318230/Jubilee_fogrds.png",
    "Nexus Being": "Jubilee",
    "Team/Status": "Your honor, we were just being silly",
    "Position Eligibility": "RG, VG",
    "Primary Type": "Physical Combatants (PC)",
    "Mobility Trait": "None",
    "Power Rating": 3.56,
    "INT": 2,
    "STR": 2,
    "SPD": 2,
    "DUR": 2,
    "EP": 4,
    "FS": 3,
    "LDR": 3,
    "RES": 4,
    "WIL": 4,
    "LCK": 4,
    "ESP": 4,
    "OP": 5,
    "AM": 4,
    "SBY": 5
  },
  {
    "Photo": "https://res.cloudinary.com/dvncqcife/image/upload/v1741318230/Juggernaut_v2ncm4.png",
    "Nexus Being": "Juggernaut",
    "Team/Status": "Slow And Threatening",
    "Position Eligibility": "RG, VG, EN",
    "Primary Type": "Physical Combatants (PC)",
    "Mobility Trait": "None",
    "Power Rating": 2.91,
    "INT": 2,
    "STR": 7,
    "SPD": 3,
    "DUR": 7,
    "EP": 1,
    "FS": 4,
    "LDR": 3,
    "RES": 7,
    "WIL": 5,
    "LCK": 7,
    "ESP": 1,
    "OP": 2,
    "AM": 4,
    "SBY": 3
  },
  {
    "Photo": "https://res.cloudinary.com/dvncqcife/image/upload/v1741318232/Kang_the_Conquerer_pt3v1r.png",
    "Nexus Being": "Kang the Conqueror",
    "Team/Status": "Pigeon Desk",
    "Position Eligibility": "FL, RG, VG, SV",
    "Primary Type": "Technological & Cybernetic (TC)",
    "Mobility Trait": "TP",
    "Power Rating": 9.71,
    "INT": 6,
    "STR": 4,
    "SPD": 3,
    "DUR": 6,
    "EP": 6,
    "FS": 4,
    "LDR": 7,
    "RES": 6,
    "WIL": 6,
    "LCK": 6,
    "ESP": 6,
    "OP": 7,
    "AM": 7,
    "SBY": 6
  },
  {
    "Photo": "https://res.cloudinary.com/dvncqcife/image/upload/v1741318233/Kate_Pryde_Shadowcat_mbbipo.png",
    "Nexus Being": "Kate Pryde (Shadowcat)",
    "Team/Status": "Free Agent",
    "Position Eligibility": "FL, RG, VG, GO",
    "Primary Type": "Strategy & Espionage (SE)",
    "Mobility Trait": "HVR",
    "Power Rating": 4.76,
    "INT": 3,
    "STR": 2,
    "SPD": 2,
    "DUR": 2,
    "EP": 1,
    "FS": 4,
    "LDR": 5,
    "RES": 4,
    "WIL": 4,
    "LCK": 5,
    "ESP": 6,
    "OP": 5,
    "AM": 5,
    "SBY": 6
  },
  {
    "Photo": "https://res.cloudinary.com/dvncqcife/image/upload/v1741318271/Quentin_Quire_mobzuz.png",
    "Nexus Being": "Kid Omega",
    "Team/Status": "Pigeon Desk",
    "Position Eligibility": "RG, VG, EN, PO, GO, SV",
    "Primary Type": "Mental Manipulators (MM)",
    "Mobility Trait": "HVR",
    "Power Rating": 5.49,
    "INT": 5,
    "STR": 2,
    "SPD": 2,
    "DUR": 2,
    "EP": 6,
    "FS": 2,
    "LDR": 5,
    "RES": 4,
    "WIL": 4,
    "LCK": 4,
    "ESP": 4,
    "OP": 7,
    "AM": 6,
    "SBY": 4
  },
  {
    "Photo": "https://res.cloudinary.com/dvncqcife/image/upload/v1741318234/Kingpin_udu0ys.png",
    "Nexus Being": "Kingpin",
    "Team/Status": "Free Agent",
    "Position Eligibility": "FL, RG, VG, EN",
    "Primary Type": "Strategy & Espionage (SE)",
    "Mobility Trait": "None",
    "Power Rating": 3.5,
    "INT": 3,
    "STR": 4,
    "SPD": 2,
    "DUR": 3,
    "EP": 1,
    "FS": 4,
    "LDR": 5,
    "RES": 5,
    "WIL": 4,
    "LCK": 5,
    "ESP": 2,
    "OP": 2,
    "AM": 5,
    "SBY": 5
  },
  {
    "Photo": "https://res.cloudinary.com/dvncqcife/image/upload/v1741318235/Loki_gtfr5p.png",
    "Nexus Being": "Loki",
    "Team/Status": "Your honor, we were just being silly",
    "Position Eligibility": "RG, VG, PO, GO, SV",
    "Primary Type": "Mystic Adept (MA)",
    "Mobility Trait": "HVR, TP",
    "Power Rating": 8.52,
    "INT": 5,
    "STR": 5,
    "SPD": 7,
    "DUR": 6,
    "EP": 6,
    "FS": 4,
    "LDR": 7,
    "RES": 5,
    "WIL": 6,
    "LCK": 5,
    "ESP": 7,
    "OP": 7,
    "AM": 6,
    "SBY": 4
  },
  {
    "Photo": "https://res.cloudinary.com/dvncqcife/image/upload/v1741318236/Luke_Cage_qedumm.png",
    "Nexus Being": "Luke Cage",
    "Team/Status": "Free Agent",
    "Position Eligibility": "FL, RG, VG, EN, GO",
    "Primary Type": "Physical Combatants (PC)",
    "Mobility Trait": "None",
    "Power Rating": 4.29,
    "INT": 2,
    "STR": 5,
    "SPD": 2,
    "DUR": 6,
    "EP": 1,
    "FS": 4,
    "LDR": 4,
    "RES": 6,
    "WIL": 4,
    "LCK": 6,
    "ESP": 5,
    "OP": 2,
    "AM": 5,
    "SBY": 6
  },
  {
    "Photo": "https://res.cloudinary.com/dvncqcife/image/upload/v1741318237/M_pkfg36.png",
    "Nexus Being": "M",
    "Team/Status": "Free Agent",
    "Position Eligibility": "FL, RG, VG, GO",
    "Primary Type": "Mental Manipulators (MM)",
    "Mobility Trait": "FLY, HVR",
    "Power Rating": 4.65,
    "INT": 3,
    "STR": 4,
    "SPD": 4,
    "DUR": 4,
    "EP": 1,
    "FS": 3,
    "LDR": 5,
    "RES": 5,
    "WIL": 5,
    "LCK": 5,
    "ESP": 4,
    "OP": 4,
    "AM": 5,
    "SBY": 5
  },
  {
    "Photo": "https://res.cloudinary.com/dvncqcife/image/upload/v1741318238/Magik_qnjvms.png",
    "Nexus Being": "Magik",
    "Team/Status": "Gambit Is A Pretty Pretty Princess",
    "Position Eligibility": "RG, VG, PO, GO, SV",
    "Primary Type": "Mystic Adept (MA)",
    "Mobility Trait": "TP",
    "Power Rating": 5.9,
    "INT": 3,
    "STR": 2,
    "SPD": 2,
    "DUR": 3,
    "EP": 6,
    "FS": 4,
    "LDR": 5,
    "RES": 4,
    "WIL": 5,
    "LCK": 5,
    "ESP": 5,
    "OP": 7,
    "AM": 6,
    "SBY": 4
  },
  {
    "Photo": "https://res.cloudinary.com/dvncqcife/image/upload/v1741318239/Magneto_tjgwbi.png",
    "Nexus Being": "Magneto",
    "Team/Status": "Sterling's Silly Soldiers",
    "Position Eligibility": "FL, RG, VG, EN, PO",
    "Primary Type": "Mental Manipulators (MM)",
    "Mobility Trait": "FLY, HVR",
    "Power Rating": 7.12,
    "INT": 5,
    "STR": 2,
    "SPD": 3,
    "DUR": 3,
    "EP": 6,
    "FS": 4,
    "LDR": 6,
    "RES": 5,
    "WIL": 5,
    "LCK": 5,
    "ESP": 5,
    "OP": 7,
    "AM": 6,
    "SBY": 5
  },
  {
    "Photo": "https://res.cloudinary.com/dvncqcife/image/upload/v1741318240/Marvel_Girl_w8xdhz.png",
    "Nexus Being": "Marvel Girl",
    "Team/Status": "Amber",
    "Position Eligibility": "FL, RG, VG, PO, GO, SV",
    "Primary Type": "Mental Manipulators (MM)",
    "Mobility Trait": "FLY, HVR",
    "Power Rating": 5.88,
    "INT": 4,
    "STR": 2,
    "SPD": 3,
    "DUR": 3,
    "EP": 7,
    "FS": 3,
    "LDR": 5,
    "RES": 4,
    "WIL": 4,
    "LCK": 4,
    "ESP": 4,
    "OP": 7,
    "AM": 6,
    "SBY": 4
  },
  {
    "Photo": "https://res.cloudinary.com/dvncqcife/image/upload/v1741318242/Medusa_blev8i.png",
    "Nexus Being": "Medusa",
    "Team/Status": "Free Agent",
    "Position Eligibility": "FL, RG, VG",
    "Primary Type": "Physical Combatants (PC)",
    "Mobility Trait": "HVR",
    "Power Rating": 4,
    "INT": 2,
    "STR": 4,
    "SPD": 2,
    "DUR": 3,
    "EP": 1,
    "FS": 4,
    "LDR": 4,
    "RES": 4,
    "WIL": 4,
    "LCK": 5,
    "ESP": 4,
    "OP": 3,
    "AM": 5,
    "SBY": 6
  },
  {
    "Photo": "https://res.cloudinary.com/dvncqcife/image/upload/v1741318243/Misty_Knight_e66vdx.png",
    "Nexus Being": "Misty Knight",
    "Team/Status": "Free Agent",
    "Position Eligibility": "FL, RG, VG, GO",
    "Primary Type": "Technological & Cybernetic (TC)",
    "Mobility Trait": "HVR",
    "Power Rating": 3.07,
    "INT": 2,
    "STR": 2,
    "SPD": 2,
    "DUR": 2,
    "EP": 1,
    "FS": 5,
    "LDR": 4,
    "RES": 4,
    "WIL": 4,
    "LCK": 4,
    "ESP": 4,
    "OP": 2,
    "AM": 5,
    "SBY": 5
  },
  {
    "Photo": "https://res.cloudinary.com/dvncqcife/image/upload/v1741318244/Mockingbird_rlraok.png",
    "Nexus Being": "Mockingbird",
    "Team/Status": "Free Agent",
    "Position Eligibility": "RG, VG, GO",
    "Primary Type": "Physical Combatants (PC)",
    "Mobility Trait": "None",
    "Power Rating": 4.3,
    "INT": 4,
    "STR": 2,
    "SPD": 2,
    "DUR": 2,
    "EP": 1,
    "FS": 6,
    "LDR": 5,
    "RES": 4,
    "WIL": 4,
    "LCK": 4,
    "ESP": 5,
    "OP": 2,
    "AM": 6,
    "SBY": 6
  },
  {
    "Photo": "https://res.cloudinary.com/dvncqcife/image/upload/v1741318245/Moon_Knight_diau8v.png",
    "Nexus Being": "Moon Knight",
    "Team/Status": "Dumb and Dumber Returns",
    "Position Eligibility": "RG, VG, PO, GO",
    "Primary Type": "Strategy & Espionage (SE)",
    "Mobility Trait": "HVR",
    "Power Rating": 4.69,
    "INT": 3,
    "STR": 4,
    "SPD": 2,
    "DUR": 3,
    "EP": 1,
    "FS": 6,
    "LDR": 4,
    "RES": 5,
    "WIL": 5,
    "LCK": 5,
    "ESP": 6,
    "OP": 4,
    "AM": 6,
    "SBY": 4
  },
  {
    "Photo": "https://res.cloudinary.com/dvncqcife/image/upload/v1741318246/Moonstar_vfbdje.png",
    "Nexus Being": "Moonstar",
    "Team/Status": "Sterling's Silly Soldiers",
    "Position Eligibility": "RG, VG, PO",
    "Primary Type": "Mental Manipulators (MM)",
    "Mobility Trait": "HVR",
    "Power Rating": 4.3,
    "INT": 2,
    "STR": 2,
    "SPD": 2,
    "DUR": 2,
    "EP": 5,
    "FS": 4,
    "LDR": 4,
    "RES": 4,
    "WIL": 4,
    "LCK": 4,
    "ESP": 4,
    "OP": 5,
    "AM": 5,
    "SBY": 5
  },
  {
    "Photo": "https://res.cloudinary.com/dvncqcife/image/upload/v1741318247/Morph_yxm36n.png",
    "Nexus Being": "Morph",
    "Team/Status": "Dumb and Dumber Returns",
    "Position Eligibility": "RG, PO, GO",
    "Primary Type": "Physical Combatants (PC)",
    "Mobility Trait": "FLY, HVR",
    "Power Rating": 4.3,
    "INT": 3,
    "STR": 4,
    "SPD": 3,
    "DUR": 4,
    "EP": 1,
    "FS": 3,
    "LDR": 4,
    "RES": 4,
    "WIL": 4,
    "LCK": 4,
    "ESP": 7,
    "OP": 3,
    "AM": 6,
    "SBY": 5
  },
  {
    "Photo": "https://res.cloudinary.com/dvncqcife/image/upload/v1741318248/Mr._Fantastic_kkx3qe.png",
    "Nexus Being": "Mr. Fantastic",
    "Team/Status": "Agents of Vishanti",
    "Position Eligibility": "FL, RG, VG, GO",
    "Primary Type": "Technological & Cybernetic (TC)",
    "Mobility Trait": "None",
    "Power Rating": 5.84,
    "INT": 6,
    "STR": 2,
    "SPD": 2,
    "DUR": 3,
    "EP": 1,
    "FS": 3,
    "LDR": 7,
    "RES": 4,
    "WIL": 4,
    "LCK": 5,
    "ESP": 5,
    "OP": 5,
    "AM": 6,
    "SBY": 6
  },
  {
    "Photo": "https://res.cloudinary.com/dvncqcife/image/upload/v1741318249/Ms._Marvel_Kamala_Khan_jriwhz.png",
    "Nexus Being": "Ms. Marvel (Kamala Khan)",
    "Team/Status": "Free Agent",
    "Position Eligibility": "FL, RG, VG, EN",
    "Primary Type": "Physical Combatants (PC)",
    "Mobility Trait": "None",
    "Power Rating": 4.88,
    "INT": 3,
    "STR": 4,
    "SPD": 2,
    "DUR": 4,
    "EP": 1,
    "FS": 3,
    "LDR": 4,
    "RES": 5,
    "WIL": 4,
    "LCK": 5,
    "ESP": 4,
    "OP": 5,
    "AM": 6,
    "SBY": 5
  },
  {
    "Photo": "https://res.cloudinary.com/dvncqcife/image/upload/v1741318251/Multiple_Man_jyb97p.png",
    "Nexus Being": "Multiple Man",
    "Team/Status": "Free Agent",
    "Position Eligibility": "RG, VG, EN",
    "Primary Type": "Physical Combatants (PC)",
    "Mobility Trait": "None",
    "Power Rating": 3.36,
    "INT": 3,
    "STR": 2,
    "SPD": 2,
    "DUR": 2,
    "EP": 1,
    "FS": 3,
    "LDR": 4,
    "RES": 4,
    "WIL": 4,
    "LCK": 5,
    "ESP": 4,
    "OP": 3,
    "AM": 5,
    "SBY": 5
  },
  {
    "Photo": "https://res.cloudinary.com/dvncqcife/image/upload/v1741318252/Mysterio_s5yrzw.png",
    "Nexus Being": "Mysterio",
    "Team/Status": "Free Agent",
    "Position Eligibility": "RG, VG, PO",
    "Primary Type": "Mental Manipulators (MM)",
    "Mobility Trait": "None",
    "Power Rating": 3.21,
    "INT": 3,
    "STR": 2,
    "SPD": 2,
    "DUR": 2,
    "EP": 1,
    "FS": 2,
    "LDR": 5,
    "RES": 3,
    "WIL": 3,
    "LCK": 3,
    "ESP": 7,
    "OP": 5,
    "AM": 4,
    "SBY": 4
  },
  {
    "Photo": "https://res.cloudinary.com/dvncqcife/image/upload/v1741318253/Mystique_znwucr.png",
    "Nexus Being": "Mystique",
    "Team/Status": "Your honor, we were just being silly",
    "Position Eligibility": "RG, PO, GO",
    "Primary Type": "Strategy & Espionage (SE)",
    "Mobility Trait": "None",
    "Power Rating": 4.21,
    "INT": 4,
    "STR": 4,
    "SPD": 2,
    "DUR": 4,
    "EP": 1,
    "FS": 4,
    "LDR": 5,
    "RES": 4,
    "WIL": 4,
    "LCK": 4,
    "ESP": 7,
    "OP": 3,
    "AM": 5,
    "SBY": 5
  },
  {
    "Photo": "https://res.cloudinary.com/dvncqcife/image/upload/v1741318254/Namor_The_Sub-Mariner_vpdult.png",
    "Nexus Being": "Namor (The Sub-Mariner)",
    "Team/Status": "Amber",
    "Position Eligibility": "FL, RG, VG, EN",
    "Primary Type": "Cosmic & Reality (CR)",
    "Mobility Trait": "FLY, HVR",
    "Power Rating": 5.1,
    "INT": 2,
    "STR": 6,
    "SPD": 3,
    "DUR": 6,
    "EP": 1,
    "FS": 4,
    "LDR": 5,
    "RES": 6,
    "WIL": 6,
    "LCK": 6,
    "ESP": 3,
    "OP": 4,
    "AM": 5,
    "SBY": 5
  },
  {
    "Photo": "https://res.cloudinary.com/dvncqcife/image/upload/v1741318255/Nebula_uja8e5.png",
    "Nexus Being": "Nebula",
    "Team/Status": "Agents of Vishanti",
    "Position Eligibility": "RG, VG, GO",
    "Primary Type": "Technological & Cybernetic (TC)",
    "Mobility Trait": "None",
    "Power Rating": 3.74,
    "INT": 2,
    "STR": 4,
    "SPD": 2,
    "DUR": 4,
    "EP": 1,
    "FS": 4,
    "LDR": 4,
    "RES": 5,
    "WIL": 5,
    "LCK": 5,
    "ESP": 2,
    "OP": 3,
    "AM": 5,
    "SBY": 5
  },
  {
    "Photo": "https://res.cloudinary.com/dvncqcife/image/upload/v1741318256/Nick_Fury_msiuq0.png",
    "Nexus Being": "Nick Fury",
    "Team/Status": "Agents of Vishanti",
    "Position Eligibility": "FL, RG, GO",
    "Primary Type": "Strategy & Espionage (SE)",
    "Mobility Trait": "None",
    "Power Rating": 5.08,
    "INT": 4,
    "STR": 3,
    "SPD": 2,
    "DUR": 3,
    "EP": 1,
    "FS": 6,
    "LDR": 6,
    "RES": 5,
    "WIL": 5,
    "LCK": 5,
    "ESP": 7,
    "OP": 2,
    "AM": 6,
    "SBY": 6
  },
  {
    "Photo": "https://res.cloudinary.com/dvncqcife/image/upload/v1741318257/Nico_Minoru_thrxav.png",
    "Nexus Being": "Nico Minoru",
    "Team/Status": "Your honor, we were just being silly",
    "Position Eligibility": "VG, EN, PO",
    "Primary Type": "Mystic Adept (MA)",
    "Mobility Trait": "None",
    "Power Rating": 4.26,
    "INT": 3,
    "STR": 2,
    "SPD": 2,
    "DUR": 2,
    "EP": 6,
    "FS": 2,
    "LDR": 4,
    "RES": 4,
    "WIL": 4,
    "LCK": 4,
    "ESP": 4,
    "OP": 6,
    "AM": 5,
    "SBY": 4
  },
  {
    "Photo": "https://res.cloudinary.com/dvncqcife/image/upload/v1741318259/Nightcrawler_lcv7ip.png",
    "Nexus Being": "Nightcrawler",
    "Team/Status": "Agents of Vishanti",
    "Position Eligibility": "RG, VG, GO",
    "Primary Type": "Mystic Adept (MA)",
    "Mobility Trait": "TP",
    "Power Rating": 4.9,
    "INT": 3,
    "STR": 2,
    "SPD": 3,
    "DUR": 3,
    "EP": 1,
    "FS": 5,
    "LDR": 5,
    "RES": 4,
    "WIL": 6,
    "LCK": 5,
    "ESP": 5,
    "OP": 5,
    "AM": 5,
    "SBY": 5
  },
  {
    "Photo": "https://res.cloudinary.com/dvncqcife/image/upload/v1741318260/Nimrod_b2urwh.png",
    "Nexus Being": "Nimrod",
    "Team/Status": "Ligmasigma II",
    "Position Eligibility": "FL, RG, VG, EN",
    "Primary Type": "Technological & Cybernetic (TC)",
    "Mobility Trait": "FLY, HVR",
    "Power Rating": 9.92,
    "INT": 5,
    "STR": 6,
    "SPD": 4,
    "DUR": 7,
    "EP": 6,
    "FS": 4,
    "LDR": 7,
    "RES": 7,
    "WIL": 6,
    "LCK": 7,
    "ESP": 1,
    "OP": 7,
    "AM": 6,
    "SBY": 7
  },
  {
    "Photo": "https://res.cloudinary.com/dvncqcife/image/upload/v1741318261/Nova_lgo64s.png",
    "Nexus Being": "Nova",
    "Team/Status": "Costco Wholesale",
    "Position Eligibility": "RG, VG, SV",
    "Primary Type": "Cosmic & Reality (CR)",
    "Mobility Trait": "FLY, HVR",
    "Power Rating": 6.93,
    "INT": 2,
    "STR": 5,
    "SPD": 7,
    "DUR": 6,
    "EP": 6,
    "FS": 4,
    "LDR": 4,
    "RES": 6,
    "WIL": 7,
    "LCK": 6,
    "ESP": 3,
    "OP": 6,
    "AM": 5,
    "SBY": 5
  },
  {
    "Photo": "https://res.cloudinary.com/dvncqcife/image/upload/v1741318262/Omega_Red_badrzn.png",
    "Nexus Being": "Omega Red",
    "Team/Status": "Free Agent",
    "Position Eligibility": "RG, VG, EN",
    "Primary Type": "Physical Combatants (PC)",
    "Mobility Trait": "HVR",
    "Power Rating": 4.14,
    "INT": 2,
    "STR": 4,
    "SPD": 2,
    "DUR": 4,
    "EP": 4,
    "FS": 4,
    "LDR": 4,
    "RES": 5,
    "WIL": 5,
    "LCK": 6,
    "ESP": 2,
    "OP": 5,
    "AM": 4,
    "SBY": 4
  },
  {
    "Photo": "https://res.cloudinary.com/dvncqcife/image/upload/v1741318264/Patriot_Eli_Bradley_qj51yq.png",
    "Nexus Being": "Patriot (Eli Bradley)",
    "Team/Status": "Free Agent",
    "Position Eligibility": "FL, RG, VG, GO",
    "Primary Type": "Physical Combatants (PC)",
    "Mobility Trait": "None",
    "Power Rating": 3.6,
    "INT": 2,
    "STR": 3,
    "SPD": 2,
    "DUR": 3,
    "EP": 1,
    "FS": 4,
    "LDR": 4,
    "RES": 4,
    "WIL": 4,
    "LCK": 5,
    "ESP": 5,
    "OP": 3,
    "AM": 5,
    "SBY": 5
  },
  {
    "Photo": "https://res.cloudinary.com/dvncqcife/image/upload/v1741318265/Polaris_kn2q6o.png",
    "Nexus Being": "Polaris",
    "Team/Status": "Your honor, we were just being silly",
    "Position Eligibility": "RG, VG",
    "Primary Type": "Mental Manipulators (MM)",
    "Mobility Trait": "FLY, HVR",
    "Power Rating": 6.05,
    "INT": 3,
    "STR": 2,
    "SPD": 2,
    "DUR": 2,
    "EP": 6,
    "FS": 3,
    "LDR": 5,
    "RES": 5,
    "WIL": 5,
    "LCK": 5,
    "ESP": 4,
    "OP": 7,
    "AM": 6,
    "SBY": 5
  },
  {
    "Photo": "https://res.cloudinary.com/dvncqcife/image/upload/v1741318266/Professor_X_qqratk.png",
    "Nexus Being": "Professor X",
    "Team/Status": "Dumb and Dumber Returns",
    "Position Eligibility": "FL, PO, SV",
    "Primary Type": "Mental Manipulators (MM)",
    "Mobility Trait": "HVR",
    "Power Rating": 6.75,
    "INT": 5,
    "STR": 2,
    "SPD": 2,
    "DUR": 2,
    "EP": 6,
    "FS": 2,
    "LDR": 6,
    "RES": 3,
    "WIL": 7,
    "LCK": 4,
    "ESP": 5,
    "OP": 7,
    "AM": 6,
    "SBY": 6
  },
  {
    "Photo": "https://res.cloudinary.com/dvncqcife/image/upload/v1741318268/Proteus_zdbncl.png",
    "Nexus Being": "Proteus",
    "Team/Status": "Ligmasigma II",
    "Position Eligibility": "EN, PO, SV",
    "Primary Type": "Cosmic & Reality (CR)",
    "Mobility Trait": "HVR, TP",
    "Power Rating": 2.98,
    "INT": 2,
    "STR": 2,
    "SPD": 2,
    "DUR": 1,
    "EP": 7,
    "FS": 1,
    "LDR": 3,
    "RES": 3,
    "WIL": 5,
    "LCK": 2,
    "ESP": 3,
    "OP": 7,
    "AM": 5,
    "SBY": 1
  },
  {
    "Photo": "https://res.cloudinary.com/dvncqcife/image/upload/v1741318268/Psylocke_pdzswi.png",
    "Nexus Being": "Psylocke",
    "Team/Status": "Sterling's Silly Soldiers",
    "Position Eligibility": "FL, RG, VG, PO, GO",
    "Primary Type": "Mental Manipulators (MM)",
    "Mobility Trait": "None",
    "Power Rating": 6.26,
    "INT": 4,
    "STR": 2,
    "SPD": 2,
    "DUR": 2,
    "EP": 5,
    "FS": 6,
    "LDR": 5,
    "RES": 4,
    "WIL": 5,
    "LCK": 5,
    "ESP": 6,
    "OP": 6,
    "AM": 6,
    "SBY": 5
  },
  {
    "Photo": "https://res.cloudinary.com/dvncqcife/image/upload/v1741318269/Punisher_ngyazf.png",
    "Nexus Being": "Punisher",
    "Team/Status": "Costco Wholesale",
    "Position Eligibility": "RG, VG, GO",
    "Primary Type": "Physical Combatants (PC)",
    "Mobility Trait": "None",
    "Power Rating": 4.17,
    "INT": 3,
    "STR": 3,
    "SPD": 2,
    "DUR": 3,
    "EP": 1,
    "FS": 6,
    "LDR": 5,
    "RES": 4,
    "WIL": 4,
    "LCK": 5,
    "ESP": 6,
    "OP": 2,
    "AM": 5,
    "SBY": 6
  },
  {
    "Photo": "https://res.cloudinary.com/dvncqcife/image/upload/v1741318270/Quake_fzhkl5.png",
    "Nexus Being": "Quake",
    "Team/Status": "Your honor, we were just being silly",
    "Position Eligibility": "FL, RG, VG, EN, GO",
    "Primary Type": "Physical Combatants (PC)",
    "Mobility Trait": "None",
    "Power Rating": 5.66,
    "INT": 3,
    "STR": 2,
    "SPD": 2,
    "DUR": 3,
    "EP": 5,
    "FS": 6,
    "LDR": 5,
    "RES": 4,
    "WIL": 5,
    "LCK": 5,
    "ESP": 5,
    "OP": 6,
    "AM": 5,
    "SBY": 5
  },
  {
    "Photo": "https://res.cloudinary.com/dvncqcife/image/upload/v1741318273/Quicksilver_gb5mfv.png",
    "Nexus Being": "Quicksilver",
    "Team/Status": "Gambit Is A Pretty Pretty Princess",
    "Position Eligibility": "FL, RG, GO",
    "Primary Type": "Strategy & Espionage (SE)",
    "Mobility Trait": "None",
    "Power Rating": 4.33,
    "INT": 2,
    "STR": 2,
    "SPD": 7,
    "DUR": 3,
    "EP": 1,
    "FS": 4,
    "LDR": 4,
    "RES": 4,
    "WIL": 7,
    "LCK": 5,
    "ESP": 6,
    "OP": 3,
    "AM": 5,
    "SBY": 5
  },
  {
    "Photo": "https://res.cloudinary.com/dvncqcife/image/upload/v1741318274/Red_Skull_coc7ne.png",
    "Nexus Being": "Red Skull",
    "Team/Status": "Free Agent",
    "Position Eligibility": "FL, RG, VG, PO",
    "Primary Type": "Technological & Cybernetic (TC)",
    "Mobility Trait": "None",
    "Power Rating": 3.3,
    "INT": 5,
    "STR": 2,
    "SPD": 2,
    "DUR": 2,
    "EP": 1,
    "FS": 4,
    "LDR": 6,
    "RES": 4,
    "WIL": 4,
    "LCK": 4,
    "ESP": 6,
    "OP": 3,
    "AM": 5,
    "SBY": 3
  },
  {
    "Photo": "https://res.cloudinary.com/dvncqcife/image/upload/v1741318275/Rocket_Raccoon_sktf8z.png",
    "Nexus Being": "Rocket Racoon",
    "Team/Status": "Pigeon Desk",
    "Position Eligibility": "RG, GO",
    "Primary Type": "Physical Combatants (PC)",
    "Mobility Trait": "None",
    "Power Rating": 3.82,
    "INT": 3,
    "STR": 2,
    "SPD": 2,
    "DUR": 2,
    "EP": 1,
    "FS": 4,
    "LDR": 5,
    "RES": 3,
    "WIL": 4,
    "LCK": 4,
    "ESP": 5,
    "OP": 3,
    "AM": 5,
    "SBY": 6
  },
  {
    "Photo": "https://res.cloudinary.com/dvncqcife/image/upload/v1741318276/Rogue_qyimm7.png",
    "Nexus Being": "Rogue",
    "Team/Status": "Gambit Is A Pretty Pretty Princess",
    "Position Eligibility": "FL, RG, VG, EN, PO",
    "Primary Type": "Physical Combatants (PC)",
    "Mobility Trait": "FLY, HVR",
    "Power Rating": 4.57,
    "INT": 3,
    "STR": 5,
    "SPD": 3,
    "DUR": 4,
    "EP": 1,
    "FS": 4,
    "LDR": 5,
    "RES": 6,
    "WIL": 5,
    "LCK": 6,
    "ESP": 5,
    "OP": 3,
    "AM": 5,
    "SBY": 5
  },
  {
    "Photo": "https://res.cloudinary.com/dvncqcife/image/upload/v1741318277/Sabretooth_wv5o1j.png",
    "Nexus Being": "Sabretooth",
    "Team/Status": "Free Agent",
    "Position Eligibility": "RG, VG, EN",
    "Primary Type": "Strategy & Espionage (SE)",
    "Mobility Trait": "None",
    "Power Rating": 3.44,
    "INT": 2,
    "STR": 4,
    "SPD": 2,
    "DUR": 4,
    "EP": 1,
    "FS": 5,
    "LDR": 4,
    "RES": 6,
    "WIL": 5,
    "LCK": 6,
    "ESP": 5,
    "OP": 2,
    "AM": 5,
    "SBY": 4
  },
  {
    "Photo": "https://res.cloudinary.com/dvncqcife/image/upload/v1741318279/Sage_g1mqtk.png",
    "Nexus Being": "Sage",
    "Team/Status": "Slow And Threatening",
    "Position Eligibility": "FL, RG, PO, GO",
    "Primary Type": "Cosmic & Reality (CR)",
    "Mobility Trait": "None",
    "Power Rating": 5.64,
    "INT": 5,
    "STR": 2,
    "SPD": 2,
    "DUR": 2,
    "EP": 5,
    "FS": 4,
    "LDR": 6,
    "RES": 4,
    "WIL": 4,
    "LCK": 4,
    "ESP": 6,
    "OP": 5,
    "AM": 6,
    "SBY": 5
  },
  {
    "Photo": "https://res.cloudinary.com/dvncqcife/image/upload/v1741318280/Scarlet_Witch_sgxuq0.png",
    "Nexus Being": "Scarlet Witch",
    "Team/Status": "Sterling's Silly Soldiers",
    "Position Eligibility": "EN, PO, SV",
    "Primary Type": "Cosmic & Reality (CR)",
    "Mobility Trait": "HVR, TP",
    "Power Rating": 5.24,
    "INT": 3,
    "STR": 2,
    "SPD": 2,
    "DUR": 2,
    "EP": 7,
    "FS": 3,
    "LDR": 4,
    "RES": 4,
    "WIL": 3,
    "LCK": 5,
    "ESP": 4,
    "OP": 7,
    "AM": 6,
    "SBY": 4
  },
  {
    "Photo": "https://res.cloudinary.com/dvncqcife/image/upload/v1741318281/Sentry_av6tvc.png",
    "Nexus Being": "Sentry",
    "Team/Status": "Ligmasigma II",
    "Position Eligibility": "RG, VG, EN, SV",
    "Primary Type": "Physical Combatants (PC)",
    "Mobility Trait": "FLY, HVR",
    "Power Rating": 7.38,
    "INT": 3,
    "STR": 7,
    "SPD": 7,
    "DUR": 7,
    "EP": 6,
    "FS": 4,
    "LDR": 6,
    "RES": 7,
    "WIL": 7,
    "LCK": 7,
    "ESP": 2,
    "OP": 7,
    "AM": 6,
    "SBY": 2
  },
  {
    "Photo": "https://res.cloudinary.com/dvncqcife/image/upload/v1741318281/Shang-Chi_wht5eh.png",
    "Nexus Being": "Shang-Chi",
    "Team/Status": "Gambit Is A Pretty Pretty Princess",
    "Position Eligibility": "RG, VG, GO",
    "Primary Type": "Physical Combatants (PC)",
    "Mobility Trait": "None",
    "Power Rating": 5.52,
    "INT": 3,
    "STR": 3,
    "SPD": 2,
    "DUR": 3,
    "EP": 1,
    "FS": 7,
    "LDR": 5,
    "RES": 4,
    "WIL": 5,
    "LCK": 5,
    "ESP": 6,
    "OP": 3,
    "AM": 7,
    "SBY": 6
  },
  {
    "Photo": "https://res.cloudinary.com/dvncqcife/image/upload/v1741318284/She-Hulk_slwuaf.png",
    "Nexus Being": "She-Hulk",
    "Team/Status": "Pigeon Desk",
    "Position Eligibility": "FL, VG, EN",
    "Primary Type": "Strategy & Espionage (SE)",
    "Mobility Trait": "None",
    "Power Rating": 5.19,
    "INT": 3,
    "STR": 6,
    "SPD": 2,
    "DUR": 6,
    "EP": 1,
    "FS": 4,
    "LDR": 5,
    "RES": 6,
    "WIL": 5,
    "LCK": 6,
    "ESP": 5,
    "OP": 3,
    "AM": 5,
    "SBY": 6
  },
  {
    "Photo": "https://res.cloudinary.com/dvncqcife/image/upload/v1741318285/Silver_Sable_hasy7o.png",
    "Nexus Being": "Silver Sable",
    "Team/Status": "Free Agent",
    "Position Eligibility": "FL, GO",
    "Primary Type": "Cosmic & Reality (CR)",
    "Mobility Trait": "None",
    "Power Rating": 3.24,
    "INT": 3,
    "STR": 2,
    "SPD": 2,
    "DUR": 2,
    "EP": 1,
    "FS": 5,
    "LDR": 4,
    "RES": 4,
    "WIL": 4,
    "LCK": 4,
    "ESP": 5,
    "OP": 2,
    "AM": 5,
    "SBY": 5
  },
  {
    "Photo": "https://res.cloudinary.com/dvncqcife/image/upload/v1741318286/Silver_Surfer_y5xsn1.png",
    "Nexus Being": "Silver Surfer",
    "Team/Status": "Dumb and Dumber Returns",
    "Position Eligibility": "EN, PO, SV",
    "Primary Type": "Cosmic & Reality (CR)",
    "Mobility Trait": "FLY, HVR",
    "Power Rating": 9.7,
    "INT": 5,
    "STR": 6,
    "SPD": 7,
    "DUR": 6,
    "EP": 6,
    "FS": 4,
    "LDR": 5,
    "RES": 7,
    "WIL": 7,
    "LCK": 5,
    "ESP": 1,
    "OP": 7,
    "AM": 6,
    "SBY": 7
  },
  {
    "Photo": "https://res.cloudinary.com/dvncqcife/image/upload/v1741318286/Smasher_csmbaw.png",
    "Nexus Being": "Smasher",
    "Team/Status": "Sterling's Silly Soldiers",
    "Position Eligibility": "EN, SV",
    "Primary Type": "Cosmic & Reality (CR)",
    "Mobility Trait": "FLY, HVR",
    "Power Rating": 5.71,
    "INT": 3,
    "STR": 5,
    "SPD": 5,
    "DUR": 5,
    "EP": 1,
    "FS": 3,
    "LDR": 5,
    "RES": 6,
    "WIL": 6,
    "LCK": 6,
    "ESP": 5,
    "OP": 5,
    "AM": 5,
    "SBY": 5
  },
  {
    "Photo": "https://res.cloudinary.com/dvncqcife/image/upload/v1741318287/Spectrum_osjylx.png",
    "Nexus Being": "Spectrum",
    "Team/Status": "Your honor, we were just being silly",
    "Position Eligibility": "FL, EN, PO, SV",
    "Primary Type": "Physical Combatants (PC)",
    "Mobility Trait": "FLY, HVR",
    "Power Rating": 8.62,
    "INT": 3,
    "STR": 3,
    "SPD": 7,
    "DUR": 6,
    "EP": 6,
    "FS": 4,
    "LDR": 5,
    "RES": 5,
    "WIL": 7,
    "LCK": 6,
    "ESP": 6,
    "OP": 7,
    "AM": 6,
    "SBY": 6
  },
  {
    "Photo": "https://res.cloudinary.com/dvncqcife/image/upload/v1741318290/Spider-Man_Morales_eup3g2.png",
    "Nexus Being": "Spider-Man (Morales)",
    "Team/Status": "Agents of Vishanti",
    "Position Eligibility": "RG, VG, GO",
    "Primary Type": "Physical Combatants (PC)",
    "Mobility Trait": "HVR",
    "Power Rating": 4.69,
    "INT": 3,
    "STR": 4,
    "SPD": 3,
    "DUR": 3,
    "EP": 1,
    "FS": 4,
    "LDR": 5,
    "RES": 5,
    "WIL": 6,
    "LCK": 5,
    "ESP": 5,
    "OP": 3,
    "AM": 5,
    "SBY": 6
  },
  {
    "Photo": "https://res.cloudinary.com/dvncqcife/image/upload/v1741318290/Spider-Man_msotdp.png",
    "Nexus Being": "Spider-Man (Parker)",
    "Team/Status": "Costco Wholesale",
    "Position Eligibility": "FL, RG, VG, GO",
    "Primary Type": "Physical Combatants (PC)",
    "Mobility Trait": "HVR",
    "Power Rating": 5.16,
    "INT": 4,
    "STR": 4,
    "SPD": 3,
    "DUR": 3,
    "EP": 1,
    "FS": 4,
    "LDR": 5,
    "RES": 6,
    "WIL": 6,
    "LCK": 7,
    "ESP": 5,
    "OP": 3,
    "AM": 5,
    "SBY": 6
  },
  {
    "Photo": "https://res.cloudinary.com/dvncqcife/image/upload/v1741318291/Spider-Woman_agxxqt.png",
    "Nexus Being": "Spider-Woman",
    "Team/Status": "Slow And Threatening",
    "Position Eligibility": "RG, VG, GO",
    "Primary Type": "Physical Combatants (PC)",
    "Mobility Trait": "FLY, HVR",
    "Power Rating": 4.9,
    "INT": 3,
    "STR": 4,
    "SPD": 3,
    "DUR": 3,
    "EP": 4,
    "FS": 4,
    "LDR": 5,
    "RES": 5,
    "WIL": 5,
    "LCK": 5,
    "ESP": 4,
    "OP": 4,
    "AM": 5,
    "SBY": 5
  },
  {
    "Photo": "https://res.cloudinary.com/dvncqcife/image/upload/v1741318292/Squirrel_Girl_n7irnb.png",
    "Nexus Being": "Squirrel Girl",
    "Team/Status": "Your honor, we were just being silly",
    "Position Eligibility": "RG, VG, GO",
    "Primary Type": "Cosmic & Reality (CR)",
    "Mobility Trait": "HVR",
    "Power Rating": 5.55,
    "INT": 2,
    "STR": 4,
    "SPD": 3,
    "DUR": 3,
    "EP": 1,
    "FS": 7,
    "LDR": 4,
    "RES": 5,
    "WIL": 5,
    "LCK": 5,
    "ESP": 5,
    "OP": 3,
    "AM": 6,
    "SBY": 7
  },
  {
    "Photo": "https://res.cloudinary.com/dvncqcife/image/upload/v1741318295/Star_Brand_fqoarm.png",
    "Nexus Being": "Star Brand",
    "Team/Status": "Dumb and Dumber Returns",
    "Position Eligibility": "EN, SV",
    "Primary Type": "Technological & Cybernetic (TC)",
    "Mobility Trait": "FLY, HVR",
    "Power Rating": 8.14,
    "INT": 2,
    "STR": 7,
    "SPD": 5,
    "DUR": 7,
    "EP": 7,
    "FS": 3,
    "LDR": 5,
    "RES": 7,
    "WIL": 6,
    "LCK": 7,
    "ESP": 1,
    "OP": 7,
    "AM": 6,
    "SBY": 5
  },
  {
    "Photo": "https://res.cloudinary.com/dvncqcife/image/upload/v1741318295/Star_Lord_ld4lkb.png",
    "Nexus Being": "Star Lord",
    "Team/Status": "Free Agent",
    "Position Eligibility": "FL, RG, VG, GO",
    "Primary Type": "Mystic Adept (MA)",
    "Mobility Trait": "FLY",
    "Power Rating": 4.58,
    "INT": 3,
    "STR": 2,
    "SPD": 2,
    "DUR": 2,
    "EP": 4,
    "FS": 4,
    "LDR": 5,
    "RES": 4,
    "WIL": 4,
    "LCK": 4,
    "ESP": 5,
    "OP": 4,
    "AM": 5,
    "SBY": 6
  },
  {
    "Photo": "https://res.cloudinary.com/dvncqcife/image/upload/v1741318296/Storm_vhlx6e.png",
    "Nexus Being": "Storm",
    "Team/Status": "Amber",
    "Position Eligibility": "FL, RG, VG, EN, PO",
    "Primary Type": "Mystic Adept (MA)",
    "Mobility Trait": "FLY, HVR",
    "Power Rating": 7.06,
    "INT": 3,
    "STR": 2,
    "SPD": 2,
    "DUR": 2,
    "EP": 6,
    "FS": 5,
    "LDR": 6,
    "RES": 5,
    "WIL": 5,
    "LCK": 5,
    "ESP": 5,
    "OP": 7,
    "AM": 6,
    "SBY": 6
  },
  {
    "Photo": "https://res.cloudinary.com/dvncqcife/image/upload/v1741318297/Sunfire_zmcjly.png",
    "Nexus Being": "Sunfire",
    "Team/Status": "Free Agent",
    "Position Eligibility": "RG, VG, EN",
    "Primary Type": "Cosmic & Reality (CR)",
    "Mobility Trait": "FLY, HVR",
    "Power Rating": 5.29,
    "INT": 2,
    "STR": 2,
    "SPD": 3,
    "DUR": 3,
    "EP": 5,
    "FS": 4,
    "LDR": 5,
    "RES": 4,
    "WIL": 5,
    "LCK": 5,
    "ESP": 4,
    "OP": 6,
    "AM": 5,
    "SBY": 5
  },
  {
    "Photo": "https://res.cloudinary.com/dvncqcife/image/upload/v1741318299/Sunspot_rrwxq8.png",
    "Nexus Being": "Sunspot",
    "Team/Status": "Your honor, we were just being silly",
    "Position Eligibility": "RG, VG",
    "Primary Type": "Cosmic & Reality (CR)",
    "Mobility Trait": "HVR",
    "Power Rating": 5.47,
    "INT": 2,
    "STR": 4,
    "SPD": 2,
    "DUR": 4,
    "EP": 5,
    "FS": 3,
    "LDR": 5,
    "RES": 5,
    "WIL": 5,
    "LCK": 5,
    "ESP": 4,
    "OP": 6,
    "AM": 5,
    "SBY": 5
  },
  {
    "Photo": "https://res.cloudinary.com/dvncqcife/image/upload/v1741318300/Super-Skrull_vnzo7w.png",
    "Nexus Being": "Super-Skrull",
    "Team/Status": "Costco Wholesale",
    "Position Eligibility": "RG, VG, EN",
    "Primary Type": "Physical Combatants (PC)",
    "Mobility Trait": "FLY, HVR",
    "Power Rating": 6.53,
    "INT": 3,
    "STR": 5,
    "SPD": 2,
    "DUR": 6,
    "EP": 6,
    "FS": 4,
    "LDR": 5,
    "RES": 6,
    "WIL": 5,
    "LCK": 6,
    "ESP": 5,
    "OP": 6,
    "AM": 5,
    "SBY": 5
  },
  {
    "Photo": "https://res.cloudinary.com/dvncqcife/image/upload/v1741318300/Synch_mrzw09.png",
    "Nexus Being": "Synch",
    "Team/Status": "Sterling's Silly Soldiers",
    "Position Eligibility": "FL, RG, VG, GO",
    "Primary Type": "Physical Combatants (PC)",
    "Mobility Trait": "None",
    "Power Rating": 5.42,
    "INT": 2,
    "STR": 2,
    "SPD": 2,
    "DUR": 2,
    "EP": 5,
    "FS": 3,
    "LDR": 5,
    "RES": 5,
    "WIL": 5,
    "LCK": 5,
    "ESP": 5,
    "OP": 6,
    "AM": 6,
    "SBY": 5
  },
  {
    "Photo": "https://res.cloudinary.com/dvncqcife/image/upload/v1741318303/Syrin_dlgbk7.png",
    "Nexus Being": "Syrin",
    "Team/Status": "Free Agent",
    "Position Eligibility": "RG, VG",
    "Primary Type": "Physical Combatants (PC)",
    "Mobility Trait": "FLY",
    "Power Rating": 4.53,
    "INT": 2,
    "STR": 2,
    "SPD": 2,
    "DUR": 2,
    "EP": 5,
    "FS": 4,
    "LDR": 4,
    "RES": 4,
    "WIL": 5,
    "LCK": 5,
    "ESP": 4,
    "OP": 5,
    "AM": 5,
    "SBY": 5
  },
  {
    "Photo": "https://res.cloudinary.com/dvncqcife/image/upload/v1741318303/Taskmaster_hp7xvt.png",
    "Nexus Being": "Taskmaster",
    "Team/Status": "Ligmasigma II",
    "Position Eligibility": "RG, VG, GO",
    "Primary Type": "Mystic Adept (MA)",
    "Mobility Trait": "None",
    "Power Rating": 5.78,
    "INT": 3,
    "STR": 3,
    "SPD": 2,
    "DUR": 3,
    "EP": 1,
    "FS": 7,
    "LDR": 6,
    "RES": 5,
    "WIL": 5,
    "LCK": 5,
    "ESP": 6,
    "OP": 3,
    "AM": 7,
    "SBY": 6
  },
  {
    "Photo": "https://res.cloudinary.com/dvncqcife/image/upload/v1741318304/Tempur_agevgg.png",
    "Nexus Being": "Temper",
    "Team/Status": "Free Agent",
    "Position Eligibility": "RG, VG",
    "Primary Type": "Mystic Adept (MA)",
    "Mobility Trait": "HVR",
    "Power Rating": 4.03,
    "INT": 2,
    "STR": 2,
    "SPD": 2,
    "DUR": 2,
    "EP": 4,
    "FS": 3,
    "LDR": 4,
    "RES": 4,
    "WIL": 4,
    "LCK": 4,
    "ESP": 4,
    "OP": 5,
    "AM": 5,
    "SBY": 5
  },
  {
    "Photo": "https://res.cloudinary.com/dvncqcife/image/upload/v1741318305/Tempus_esnlxw.png",
    "Nexus Being": "Tempus",
    "Team/Status": "Free Agent",
    "Position Eligibility": "RG, PO, SV",
    "Primary Type": "Cosmic & Reality (CR)",
    "Mobility Trait": "HVR, TP",
    "Power Rating": 4.58,
    "INT": 2,
    "STR": 2,
    "SPD": 2,
    "DUR": 2,
    "EP": 5,
    "FS": 2,
    "LDR": 5,
    "RES": 4,
    "WIL": 4,
    "LCK": 4,
    "ESP": 5,
    "OP": 6,
    "AM": 5,
    "SBY": 5
  },
  {
    "Photo": "https://res.cloudinary.com/dvncqcife/image/upload/v1741318307/The_Human_Torch_erbv6v.png",
    "Nexus Being": "The Human Torch",
    "Team/Status": "Agents of Vishanti",
    "Position Eligibility": "RG, VG, EN",
    "Primary Type": "Physical Combatants (PC)",
    "Mobility Trait": "FLY, HVR",
    "Power Rating": 6.15,
    "INT": 2,
    "STR": 2,
    "SPD": 5,
    "DUR": 3,
    "EP": 6,
    "FS": 3,
    "LDR": 5,
    "RES": 5,
    "WIL": 6,
    "LCK": 5,
    "ESP": 4,
    "OP": 7,
    "AM": 5,
    "SBY": 5
  },
  {
    "Photo": "https://res.cloudinary.com/dvncqcife/image/upload/v1741318308/The_Lizard_cndaiq.png",
    "Nexus Being": "The Lizard",
    "Team/Status": "Free Agent",
    "Position Eligibility": "RG, VG, GO",
    "Primary Type": "Physical Combatants (PC)",
    "Mobility Trait": "None",
    "Power Rating": 3.58,
    "INT": 5,
    "STR": 5,
    "SPD": 3,
    "DUR": 4,
    "EP": 1,
    "FS": 3,
    "LDR": 4,
    "RES": 5,
    "WIL": 5,
    "LCK": 5,
    "ESP": 4,
    "OP": 3,
    "AM": 4,
    "SBY": 4
  },
  {
    "Photo": "https://res.cloudinary.com/dvncqcife/image/upload/v1741318309/The_Thing_kchqjt.png",
    "Nexus Being": "The Thing",
    "Team/Status": "Dumb and Dumber Returns",
    "Position Eligibility": "RG, VG, EN",
    "Primary Type": "Physical Combatants (PC)",
    "Mobility Trait": "None",
    "Power Rating": 4.74,
    "INT": 2,
    "STR": 6,
    "SPD": 2,
    "DUR": 6,
    "EP": 1,
    "FS": 4,
    "LDR": 5,
    "RES": 6,
    "WIL": 4,
    "LCK": 6,
    "ESP": 2,
    "OP": 3,
    "AM": 5,
    "SBY": 6
  },
  {
    "Photo": "https://res.cloudinary.com/dvncqcife/image/upload/v1741318309/The_Wasp_ikquyx.png",
    "Nexus Being": "The Wasp",
    "Team/Status": "Costco Wholesale",
    "Position Eligibility": "FL, RG, VG, GO",
    "Primary Type": "Technological & Cybernetic (TC)",
    "Mobility Trait": "FLY, HVR",
    "Power Rating": 4.86,
    "INT": 3,
    "STR": 2,
    "SPD": 2,
    "DUR": 2,
    "EP": 5,
    "FS": 4,
    "LDR": 5,
    "RES": 4,
    "WIL": 5,
    "LCK": 4,
    "ESP": 6,
    "OP": 5,
    "AM": 5,
    "SBY": 5
  },
  {
    "Photo": "https://res.cloudinary.com/dvncqcife/image/upload/v1741318311/Thor_Jane_Foster_svqy2j.png",
    "Nexus Being": "Thor",
    "Team/Status": "Pigeon Desk",
    "Position Eligibility": "FL, RG, VG, EN, SV",
    "Primary Type": "Cosmic & Reality (CR)",
    "Mobility Trait": "FLY, HVR",
    "Power Rating": 9.4,
    "INT": 2,
    "STR": 7,
    "SPD": 7,
    "DUR": 6,
    "EP": 6,
    "FS": 4,
    "LDR": 6,
    "RES": 7,
    "WIL": 7,
    "LCK": 4,
    "ESP": 2,
    "OP": 7,
    "AM": 6,
    "SBY": 7
  },
  {
    "Photo": "https://res.cloudinary.com/dvncqcife/image/upload/v1741318312/Thor_v7dyvj.png",
    "Nexus Being": "Thor (Jane Foster)",
    "Team/Status": "Slow And Threatening",
    "Position Eligibility": "FL, RG, VG, EN, SV",
    "Primary Type": "Cosmic & Reality (CR)",
    "Mobility Trait": "FLY, HVR",
    "Power Rating": 9.38,
    "INT": 3,
    "STR": 7,
    "SPD": 7,
    "DUR": 6,
    "EP": 6,
    "FS": 4,
    "LDR": 6,
    "RES": 7,
    "WIL": 7,
    "LCK": 6,
    "ESP": 2,
    "OP": 7,
    "AM": 6,
    "SBY": 6
  },
  {
    "Photo": "https://res.cloudinary.com/dvncqcife/image/upload/v1741318314/U.S._Agent_kdhivp.png",
    "Nexus Being": "U.S. Agent",
    "Team/Status": "Free Agent",
    "Position Eligibility": "FL, RG, VG",
    "Primary Type": "Physical Combatants (PC)",
    "Mobility Trait": "None",
    "Power Rating": 4.7,
    "INT": 2,
    "STR": 4,
    "SPD": 2,
    "DUR": 4,
    "EP": 1,
    "FS": 6,
    "LDR": 5,
    "RES": 5,
    "WIL": 5,
    "LCK": 5,
    "ESP": 5,
    "OP": 3,
    "AM": 5,
    "SBY": 6
  },
  {
    "Photo": "https://res.cloudinary.com/dvncqcife/image/upload/v1741318315/Ultron_ptcnsi.png",
    "Nexus Being": "Ultron",
    "Team/Status": "Slow And Threatening",
    "Position Eligibility": "FL, RG, VG, EN, PO, GO, SV",
    "Primary Type": "Technological & Cybernetic (TC)",
    "Mobility Trait": "FLY, HVR",
    "Power Rating": 9.21,
    "INT": 6,
    "STR": 6,
    "SPD": 3,
    "DUR": 7,
    "EP": 6,
    "FS": 3,
    "LDR": 7,
    "RES": 7,
    "WIL": 6,
    "LCK": 7,
    "ESP": 1,
    "OP": 7,
    "AM": 6,
    "SBY": 6
  },
  {
    "Photo": "https://res.cloudinary.com/dvncqcife/image/upload/v1741318316/Valkyrie_yzesrp.png",
    "Nexus Being": "Valkyrie",
    "Team/Status": "Amber",
    "Position Eligibility": "RG, EN",
    "Primary Type": "Mystic Adept (MA)",
    "Mobility Trait": "FLY, HVR",
    "Power Rating": 5.51,
    "INT": 2,
    "STR": 6,
    "SPD": 2,
    "DUR": 6,
    "EP": 1,
    "FS": 6,
    "LDR": 5,
    "RES": 6,
    "WIL": 5,
    "LCK": 6,
    "ESP": 2,
    "OP": 4,
    "AM": 5,
    "SBY": 6
  },
  {
    "Photo": "https://res.cloudinary.com/dvncqcife/image/upload/v1741318317/Venom_kzevm3.png",
    "Nexus Being": "Venom",
    "Team/Status": "Gambit Is A Pretty Pretty Princess",
    "Position Eligibility": "RG, VG, GO",
    "Primary Type": "Physical Combatants (PC)",
    "Mobility Trait": "HVR",
    "Power Rating": 4.31,
    "INT": 2,
    "STR": 4,
    "SPD": 3,
    "DUR": 4,
    "EP": 1,
    "FS": 4,
    "LDR": 5,
    "RES": 6,
    "WIL": 5,
    "LCK": 6,
    "ESP": 4,
    "OP": 4,
    "AM": 5,
    "SBY": 4
  },
  {
    "Photo": "https://res.cloudinary.com/dvncqcife/image/upload/v1741318318/Vision_ehxmmp.png",
    "Nexus Being": "Vision",
    "Team/Status": "Slow And Threatening",
    "Position Eligibility": "RG, VG, EN, PO, GO, SV",
    "Primary Type": "Technological & Cybernetic (TC)",
    "Mobility Trait": "FLY, HVR",
    "Power Rating": 8.89,
    "INT": 5,
    "STR": 5,
    "SPD": 5,
    "DUR": 6,
    "EP": 5,
    "FS": 3,
    "LDR": 6,
    "RES": 6,
    "WIL": 6,
    "LCK": 6,
    "ESP": 5,
    "OP": 7,
    "AM": 5,
    "SBY": 7
  },
  {
    "Photo": "https://res.cloudinary.com/dvncqcife/image/upload/v1741318319/War_Machine_isvhln.png",
    "Nexus Being": "War Machine",
    "Team/Status": "Slow And Threatening",
    "Position Eligibility": "FL, RG, VG, EN",
    "Primary Type": "Technological & Cybernetic (TC)",
    "Mobility Trait": "FLY, HVR",
    "Power Rating": 7.02,
    "INT": 3,
    "STR": 5,
    "SPD": 3,
    "DUR": 6,
    "EP": 5,
    "FS": 4,
    "LDR": 5,
    "RES": 6,
    "WIL": 5,
    "LCK": 6,
    "ESP": 5,
    "OP": 6,
    "AM": 5,
    "SBY": 6
  },
  {
    "Photo": "https://res.cloudinary.com/dvncqcife/image/upload/v1743285635/Warlock_iaxazg.png",
    "Nexus Being": "Warlock",
    "Team/Status": "Slow And Threatening",
    "Position Eligibility": "RG, VG, PO, GO, SV",
    "Primary Type": "Cosmic & Reality (CR)",
    "Mobility Trait": "FLY, HVR",
    "Power Rating": 6.98,
    "INT": 3,
    "STR": 4,
    "SPD": 5,
    "DUR": 6,
    "EP": 6,
    "FS": 3,
    "LDR": 5,
    "RES": 5,
    "WIL": 5,
    "LCK": 5,
    "ESP": 1,
    "OP": 7,
    "AM": 6,
    "SBY": 5
  },
  {
    "Photo": "https://res.cloudinary.com/dvncqcife/image/upload/v1741318321/Wiccan_edmwpq.png",
    "Nexus Being": "Wiccan",
    "Team/Status": "Costco Wholesale",
    "Position Eligibility": "VG, EN, PO, SV",
    "Primary Type": "Mystic Adept (MA)",
    "Mobility Trait": "FLY, HVR, TP",
    "Power Rating": 6.01,
    "INT": 3,
    "STR": 2,
    "SPD": 2,
    "DUR": 2,
    "EP": 7,
    "FS": 2,
    "LDR": 5,
    "RES": 5,
    "WIL": 5,
    "LCK": 5,
    "ESP": 4,
    "OP": 7,
    "AM": 6,
    "SBY": 5
  },
  {
    "Photo": "https://res.cloudinary.com/dvncqcife/image/upload/v1741318323/Winter_Soldier_tkbgk1.png",
    "Nexus Being": "Winter Soldier",
    "Team/Status": "Free Agent",
    "Position Eligibility": "FL, RG, VG, EN, GO",
    "Primary Type": "Physical Combatants (PC)",
    "Mobility Trait": "None",
    "Power Rating": 4.72,
    "INT": 3,
    "STR": 3,
    "SPD": 2,
    "DUR": 3,
    "EP": 1,
    "FS": 6,
    "LDR": 5,
    "RES": 5,
    "WIL": 5,
    "LCK": 5,
    "ESP": 6,
    "OP": 3,
    "AM": 6,
    "SBY": 5
  },
  {
    "Photo": "https://res.cloudinary.com/dvncqcife/image/upload/v1741318324/Wolfbane_ipfqvp.png",
    "Nexus Being": "Wolfsbane",
    "Team/Status": "Free Agent",
    "Position Eligibility": "RG, VG",
    "Primary Type": "Physical Combatants (PC)",
    "Mobility Trait": "None",
    "Power Rating": 3.97,
    "INT": 2,
    "STR": 4,
    "SPD": 3,
    "DUR": 3,
    "EP": 1,
    "FS": 4,
    "LDR": 4,
    "RES": 5,
    "WIL": 5,
    "LCK": 5,
    "ESP": 5,
    "OP": 3,
    "AM": 5,
    "SBY": 5
  },
  {
    "Photo": "https://res.cloudinary.com/dvncqcife/image/upload/v1741318326/Wolverine_qp3cqw.png",
    "Nexus Being": "Wolverine",
    "Team/Status": "Pigeon Desk",
    "Position Eligibility": "FL, RG, VG, EN, GO",
    "Primary Type": "Physical Combatants (PC)",
    "Mobility Trait": "None",
    "Power Rating": 6.29,
    "INT": 2,
    "STR": 4,
    "SPD": 2,
    "DUR": 4,
    "EP": 1,
    "FS": 7,
    "LDR": 5,
    "RES": 7,
    "WIL": 7,
    "LCK": 3,
    "ESP": 6,
    "OP": 5,
    "AM": 5,
    "SBY": 7
  },
  {
    "Photo": "https://res.cloudinary.com/dvncqcife/image/upload/v1741319395/Wolverine_X-23_smdne1.png",
    "Nexus Being": "Wolverine / X-23",
    "Team/Status": "Agents of Vishanti",
    "Position Eligibility": "RG, VG, GO",
    "Primary Type": "Physical Combatants (PC)",
    "Mobility Trait": "None",
    "Power Rating": 6.15,
    "INT": 3,
    "STR": 4,
    "SPD": 2,
    "DUR": 4,
    "EP": 1,
    "FS": 6,
    "LDR": 5,
    "RES": 5,
    "WIL": 5,
    "LCK": 5,
    "ESP": 6,
    "OP": 5,
    "AM": 6,
    "SBY": 6
  },
  {
    "Photo": "https://res.cloudinary.com/dvncqcife/image/upload/v1741318327/Wonder_Man_xszf9p.png",
    "Nexus Being": "Wonder Man",
    "Team/Status": "Pigeon Desk",
    "Position Eligibility": "RG, VG, EN, SV",
    "Primary Type": "Cosmic & Reality (CR)",
    "Mobility Trait": "FLY, HVR",
    "Power Rating": 5.63,
    "INT": 3,
    "STR": 6,
    "SPD": 5,
    "DUR": 6,
    "EP": 1,
    "FS": 4,
    "LDR": 5,
    "RES": 6,
    "WIL": 6,
    "LCK": 6,
    "ESP": 5,
    "OP": 4,
    "AM": 5,
    "SBY": 5
  },
  {
    "Photo": "https://res.cloudinary.com/dvncqcife/image/upload/v1741318328/Xorn_k7rhmm.png",
    "Nexus Being": "Xorn",
    "Team/Status": "Agents of Vishanti",
    "Position Eligibility": "EN, PO, SV",
    "Primary Type": "Mystic Adept (MA)",
    "Mobility Trait": "FLY, HVR",
    "Power Rating": 6.74,
    "INT": 3,
    "STR": 4,
    "SPD": 3,
    "DUR": 6,
    "EP": 6,
    "FS": 4,
    "LDR": 5,
    "RES": 5,
    "WIL": 5,
    "LCK": 5,
    "ESP": 5,
    "OP": 7,
    "AM": 6,
    "SBY": 4
  },
  {
    "Photo": "https://res.cloudinary.com/dvncqcife/image/upload/v1741318328/Yondu_ljoajc.png",
    "Nexus Being": "Yondu",
    "Team/Status": "Free Agent",
    "Position Eligibility": "RG, VG, GO",
    "Primary Type": "Physical Combatants (PC)",
    "Mobility Trait": "None",
    "Power Rating": 3.46,
    "INT": 2,
    "STR": 2,
    "SPD": 2,
    "DUR": 2,
    "EP": 1,
    "FS": 5,
    "LDR": 4,
    "RES": 4,
    "WIL": 5,
    "LCK": 4,
    "ESP": 4,
    "OP": 3,
    "AM": 5,
    "SBY": 5
  }
]