{
  "T001": [
    "Rogue",
    "Domino",
    "Magik",
    "Colossus",
    "Gambit",
    "Doctor Strange",
    "Emma Frost",
    "Jean Grey (Phoenix)",
    "Hawkeye",
    "Quicksilver",
    "Shang-Chi",
    "Venom"
  ],
  "T002": [
    "Iron Man",
    "Nova",
    "Spider-Man (Parker)",
    "Super-Skrull",
    "Brawn (Totally Awesome Hulk)",
    "The Wasp",
    "Forge",
    "Hulkling (Teddy Altman)",
    "Brother Voodoo",
    "Invisible Woman",
    "Punisher",
    "Wiccan"
  ],
  "T003": [
    "Synch",
    "Bishop",
    "Magneto",
    "Hulk",
    "Carnage",
    "Psylocke",
    "Moonstar",
    "Scarlet Witch",
    "Cloak",
    "Dagger",
    "Ironheart",
    "Smasher"
  ],
  "T004": [
    "Captain Marvel",
    "Iron Fist",
    "Drax the Destroyer",
    "Morph",
    "Star Brand",
    "The Thing",
    "Doctor Octopus",
    "Silver Surfer",
    "Black Panther (T'Challa)",
    "Ghost Spider (Spider-Gwen)",
    "Moon Knight",
    "Professor X"
  ],
  "T005": [
    "Doctor Doom",
    "Black Bolt",
    "Gladiator",
    "Beta Ray Bill",
    "Exodus",
    "Darwin",
    "Proteus",
    "Sentry",
    "Guardian",
    "Jocasta",
    "Nimrod",
    "Taskmaster"
  ],
  "T006": [
    "Thor",
    "Deadpool",
    "Wolverine",
    "She-Hulk",
    "Iceman",
    "Rocket Racoon",
    "Kid Omega",
    "Wonder Man",
    "Ant-Man",
    "Deathlok",
    "Gamora",
    "Kang the Conqueror"
  ],
  "T007": [
    "Captain America (Rogers)",
    "Spider-Man (Morales)",
    "Wolverine / X-23",
    "The Human Torch",
    "Mr. Fantastic",
    "Xorn",
    "Ghost Rider",
    "Blue Marvel",
    "Adam Warlock",
    "Nebula",
    "Nick Fury",
    "Nightcrawler"
  ],
  "T008": [
    "Sage",
    "Vision",
    "Juggernaut",
    "Ultron",
    "Daredevil",
    "Thor (Jane Foster)",
    "Apocalypse",
    "Warlock",
    "Beast"
  ],
  "T009": [
    "Cable",
    "Namor (The Sub-Mariner)",
    "Elixir",
    "Storm",
    "Valkyrie",
    "Black Panther (Shuri)",
    "Marvel Girl",
    "Blade",
    "Hyperion",
    "Black Cat",
    "Black Widow",
    "Cyclops",
    "Danger"
  ],
  "T010": [
    "Spider-Woman",
    "Spectrum",
    "Quake",
    "Groot",
    "Sunspot",
    "Loki",
    "Mystique",
    "Nico Minoru",
    "Agatha Harkness",
    "Echo",
    "Jubilee",
    "Polaris",
    "Squirrel Girl"
  ]
  
}
