{
  "Gladiator": [],
  "War Machine": [],
  "Wonder Man": [],
  "Magik": [
    "Dual Identity/Power Set Characters"
  ],
  "Colossus": [],
  "Quicksilver": [],
  "Cyclops": [],
  "Spectrum": [],
  "Nimrod": [],
  "Squirrel Girl": [],
  "She-Hulk": [],
  "Nick Fury": [
    "Espionage Operatives"
  ],
  "Silver Surfer": [],
  "Loki": [],
  "The Thing": [],
  "Doctor Doom": [],
  "Star Brand": [],
  "Jean Grey (Phoenix)": [
    "Dual Identity/Power Set Characters"
  ],
  "Sage": [
    "Digital Mimicry",
    "Espionage Operatives"
  ],
  "Forge": [],
  "The Human Torch": [],
  "Carnage": [],
  "Iceman": [],
  "Proteus": [
    "Dual Identity/Power Set Characters"
  ],
  "Spider-Man (Morales)": [],
  "Smasher": [],
  "Shang-Chi": [],
  "Exodus": [],
  "Synch": [
    "Shapeshifters Who Gain Powers"
  ],
  "Beta Ray Bill": [],
  "Vision": [
    "Digital Mimicry"
  ],
  "Domino": [],
  "Nebula": [],
  "Iron Fist": [],
  "Elixir": [],
  "Thor (Jane Foster)": [],
  "Deathlok": [],
  "Captain Marvel": [
    "Dual Identity/Power Set Characters"
  ],
  "Moon Knight": [
    "Dual Identity/Power Set Characters"
  ],
  "Captain America (Rogers)": [],
  "Gamora": [],
  "Nico Minoru": [],
  "Taskmaster": [
    "Shapeshifters Who Gain Powers"
  ],
  "Scarlet Witch": [],
  "Emma Frost": [
    "Dual Identity/Power Set Characters",
    "Telepathic Illusions"
  ],
  "Spider-Man (Parker)": [],
  "Black Cat": [],
  "Moonstar": [
    "Illusionists"
  ],
  "Dagger": [],
  "Nightcrawler": [],
  "Ghost Rider": [],
  "Hulk": [],
  "Kang The Conqueror": [],
  "Morph": [],
  "Brawn (Totally Awesome Hulk)": [],
  "Iron Man": [],
  "Ironheart": [],
  "Black Panther (T'Challa)": [],
  "Thor": [],
  "Venom": [],
  "Blade": [],
  "Drax The Destroyer": [],
  "Punisher": [],
  "Black Widow": [
    "Espionage Operatives"
  ],
  "Ghost Spider (Spider-Gwen)": [],
  "Ant-Man": [],
  "Cloak": [],
  "Namor (The Sub-Mariner)": [],
  "Kid Omega": [
    "Telepathic Illusions"
  ],
  "Spider-Woman": [],
  "Professor X": [
    "Telepathic Illusions"
  ],
  "Doctor Strange": [],
  "Danger": [
    "Digital Mimicry"
  ],
  "Brother Voodoo": [],
  "Wolverine / X-23": [],
  "Echo": [],
  "Hawkeye": [],
  "Doctor Octopus": [],
  "Wolverine": [
    "Health Regeneration (High Regen)"
  ],
  "Apocalypse": [],
  "Guardian": [],
  "Rogue": [
    "Dual Identity/Power Set Characters",
    "Shapeshifters Who Gain Powers"
  ],
  "Ultron": [
    "Digital Mimicry"
  ],
  "Valkyrie": [],
  "Storm": [],
  "Quake": [],
  "Cable": [],
  "Blue Marvel": [],
  "Magneto": [],
  "Polaris": [],
  "Darwin": [],
  "Nova": [],
  "Warlock": [
    "Digital Mimicry"
  ],
  "Jocasta": [
    "Digital Mimicry"
  ],
  "Black Panther (Shuri)": [],
  "Bishop": [],
  "Sunspot": [],
  "Hulkling (Teddy Altman)": [],
  "Sentry": [],
  "Rocket Racoon": [],
  "Agatha Harkness": [],
  "Wiccan": [],
  "Adam Warlock": [],
  "Psylocke": [
    "Telepathic Illusions"
  ],
  "Invisible Woman": [],
  "Hyperion": [],
  "Super-Skrull": [],
  "Daredevil": [],
  "Gambit": [],
  "Deadpool": [
    "Health Regeneration (High Regen)"
  ],
  "Beast": [],
  "Mystique": [
    "Physical Shapeshifting"
  ],
  "Black Bolt": [],
  "Groot": [],
  "The Wasp": [],
  "Marvel Girl": [],
  "Juggernaut": [
    "Dual Identity/Power Set Characters"
  ],
  "Xorn": [],
  "Jubilee": [],
  "Mr. Fantastic": []
}