{
  "Abigail Brand": 53,
  "Adam Warlock": 54,
  "Agatha Harkness": 52,
  "Angel / Archangel": 53,
  "Ant-Man": 53,
  "Apocalypse": 54,
  "Armor": 53,
  "Banshee": 53,
  "Beast": 53,
  "Beta Ray Bill": 54,
  "Bishop": 53,
  "Black Bolt": 54,
  "Black Cat": 52,
  "Black Panther (Shuri)": 53,
  "Black Panther (T'Challa)": 53,
  "Black Tom": 53,
  "Black Widow": 53,
  "Blade": 53,
  "Blob": 54,
  "Blue Marvel": 54,
  "Brawn (Totally Awesome Hulk)": 46,
  "Brother Voodoo": 45,
  "Cable": 53,
  "Cannonball": 54,
  "Captain America (Rogers)": 53,
  "Captain America (Wilson)": 53,
  "Captain Marvel": 54,
  "Carnage": 53,
  "Cloak": 52,
  "Colleen Wing": 52,
  "Colossus": 47,
  "Crossbones": 53,
  "Cyclops": 52,
  "Cypher": 52,
  "Dagger": 52,
  "Daken": 53,
  "Danger": 54,
  "Daredevil": 52,
  "Darwin": 54,
  "Dazzler": 52,
  "Deadpool": 54,
  "Deathlok": 54,
  "Doctor Doom": 54,
  "Doctor Octopus": 52,
  "Doctor Strange": 45,
  "Domino": 45,
  "Drax the Destroyer": 54,
  "Echo": 52,
  "Elektra": 52,
  "Elixir": 52,
  "Emma Frost": 46,
  "Exodus": 54,
  "Fantomex": 52,
  "Firestar": 52,
  "Forge": 44,
  "Gambit": 45,
  "Gamora": 54,
  "Ghost Rider": 54,
  "Ghost Spider (Spider-Gwen)": 52,
  "Gladiator": 54,
  "Goldballs": 52,
  "Green Goblin": 53,
  "Groot": 54,
  "Guardian": 53,
  "Havok": 52,
  "Hawkeye": 45,
  "Hawkeye (Kate Bishop)": 52,
  "Hulk": 55,
  "Hulkling (Teddy Altman)": 46,
  "Husk": 52,
  "Hyperion": 54,
  "Iceman": 53,
  "Invisible Woman": 44,
  "Iron Fist": 53,
  "Iron Man": 46,
  "Ironheart": 53,
  "Jean Grey (Phoenix)": 45,
  "Jessica Jones": 53,
  "Jocasta": 54,
  "Jubilee": 52,
  "Juggernaut": 55,
  "Kang the Conqueror": 54,
  "Kate Pryde (Shadowcat)": 52,
  "Kid Omega": 52,
  "Kingpin": 53,
  "Loki": 54,
  "Luke Cage": 54,
  "M": 53,
  "Magik": 45,
  "Magneto": 53,
  "Marvel Girl": 52,
  "Medusa": 52,
  "Misty Knight": 52,
  "Mockingbird": 52,
  "Moon Knight": 53,
  "Moonstar": 52,
  "Morph": 53,
  "Mr. Fantastic": 52,
  "Ms. Marvel (Kamala Khan)": 53,
  "Multiple Man": 52,
  "Mysterio": 52,
  "Mystique": 50,
  "Namor (The Sub-Mariner)": 54,
  "Nebula": 53,
  "Nick Fury": 53,
  "Nico Minoru": 52,
  "Nightcrawler": 52,
  "Nimrod": 55,
  "Nova": 46,
  "Omega Red": 53,
  "Patriot (Eli Bradley)": 52,
  "Polaris": 52,
  "Professor X": 52,
  "Proteus": 51,
  "Psylocke": 52,
  "Punisher": 44,
  "Quake": 52,
  "Quicksilver": 45,
  "Red Skull": 52,
  "Rocket Racoon": 52,
  "Rogue": 46,
  "Sabretooth": 50,
  "Sage": 52,
  "Scarlet Witch": 52,
  "Sentry": 55,
  "Shang-Chi": 45,
  "She-Hulk": 54,
  "Silver Sable": 52,
  "Silver Surfer": 54,
  "Smasher": 54,
  "Spectrum": 54,
  "Spider-Man (Morales)": 53,
  "Spider-Man (Parker)": 45,
  "Spider-Woman": 53,
  "Squirrel Girl": 53,
  "Star Brand": 55,
  "Star Lord": 52,
  "Storm": 52,
  "Sunfire": 52,
  "Sunspot": 53,
  "Super-Skrull": 46,
  "Synch": 52,
  "Syrin": 52,
  "Taskmaster": 53,
  "Temper": 52,
  "Tempus": 52,
  "The Human Torch": 53,
  "The Lizard": 53,
  "The Thing": 54,
  "The Wasp": 44,
  "Thor": 54,
  "Thor (Jane Foster)": 54,
  "U.S. Agent": 53,
  "Ultron": 55,
  "Valkyrie": 54,
  "Venom": 46,
  "Vision": 54,
  "War Machine": 54,
  "Warlock": 54,
  "Wiccan": 44,
  "Winter Soldier": 53,
  "Wolfsbane": 53,
  "Wolverine": 52,
  "Wolverine / X-23": 53,
  "Wonder Man": 54,
  "Xorn": 54,
  "Yondu": 52,
  "Jean Grey": 98
}