{
  "ABIGAIL-BRAND-001": [
    "espionage",
    "leader",
    "sword",
    "x-men_affiliated"
  ],
  "ADAM-WARLOCK-002": [
    "cosmic",
    "guardian_affiliated",
    "reality",
    "sovereign"
  ],
  "AGATHA-HARKNESS-003": [
    "magic",
    "mentor",
    "scarlet_witch_affiliated",
    "witch"
  ],
  "ANGEL--ARCHANGEL-004": [
    "aerial",
    "apocalypse_affiliated",
    "dual_identity",
    "healing",
    "x-men"
  ],
  "ANT-MAN-005": [
    "avengers",
    "quantum",
    "size_shifting",
    "tech"
  ],
  "APOCALYPSE-006": [
    "ancient",
    "evolution",
    "mutant_powered",
    "villain",
    "x-men_enemy"
  ],
  "ARMOR-007": [
    "constructs",
    "defense",
    "x-men",
    "youth"
  ],
  "BANSHEE-008": [
    "flight",
    "mentor",
    "sonic",
    "x-men"
  ],
  "BEAST-009": [
    "intellect",
    "mutation",
    "tech",
    "x-men"
  ],
  "BETA-RAY-BILL-010": [
    "asgardian_affiliated",
    "cosmic",
    "stormbreaker",
    "warrior"
  ],
  "BISHOP-011": [
    "energy_absorption",
    "future",
    "time_travel",
    "x-men"
  ],
  "BLACK-BOLT-012": [
    "inhuman",
    "royalty",
    "silent_strength",
    "sonic"
  ],
  "BLACK-CAT-013": [
    "agility",
    "espionage",
    "spider_affiliated",
    "thief"
  ],
  "BLACK-PANTHER-(SHURI)-014": [
    "avengers",
    "intellect",
    "leadership",
    "tech",
    "wakanda"
  ],
  "BLACK-PANTHER-(T'CHALLA)-015": [
    "avengers",
    "leader",
    "stealth",
    "tactician",
    "wakanda"
  ],
  "BLACK-TOM-016": [
    "black tom",
    "plant_control",
    "terra_mutant",
    "villain",
    "x-men_enemy"
  ],
  "BLACK-WIDOW-017": [
    "avengers",
    "black widow",
    "combat",
    "espionage",
    "spy"
  ],
  "BLADE-018": [
    "blade",
    "daywalker",
    "martial",
    "supernatural",
    "vampire_hunter"
  ],
  "BLOB-019": [
    "blob",
    "brotherhood",
    "brute",
    "immovable",
    "x-men_enemy"
  ],
  "BLUE-MARVEL-020": [
    "avengers_affiliated",
    "cosmic",
    "intellect",
    "strength"
  ],
  "BRAWN-(TOTALLY-AWESOME-HULK)-021": [
    "champions",
    "strength",
    "tech_savvy",
    "young_hero"
  ],
  "BROTHER-VOODOO-022": [
    "doctor_strange_affiliated",
    "magic",
    "mystic",
    "spiritual"
  ],
  "CABLE-023": [
    "future",
    "military",
    "tech",
    "time_travel",
    "x-men"
  ],
  "CANNONBALL-024": [
    "cannonball",
    "flight",
    "invulnerability",
    "new_mutants",
    "x-men"
  ],
  "CAPTAIN-AMERICA-(ROGERS)-025": [
    "avengers",
    "captain america (rogers)",
    "leader",
    "shield",
    "symbol",
    "tactician"
  ],
  "CAPTAIN-AMERICA-(WILSON)-026": [
    "avengers",
    "captain america (wilson)",
    "flight",
    "leader",
    "symbol",
    "wing_combat"
  ],
  "CAPTAIN-MARVEL-027": [
    "avengers",
    "binary_form",
    "captain marvel",
    "cosmic",
    "energy_blaster",
    "flight"
  ],
  "CAPTAIN-UNIVERSE-028": [
    "captain universe",
    "cosmic",
    "omnipower",
    "unipower",
    "universal_host"
  ],
  "CARNAGE-029": [
    "carnage",
    "chaos",
    "serial_killer",
    "spider_enemy",
    "symbiote",
    "villain"
  ],
  "CLOAK-030": [
    "cloak",
    "cloak_and_dagger",
    "darkforce",
    "stealth",
    "teleportation"
  ],
  "COLLEEN-WING-031": [
    "colleen wing",
    "espionage",
    "hero_for_hire",
    "martial_artist",
    "swordswoman"
  ],
  "COLOSSUS-032": [
    "brute",
    "colossus",
    "durability",
    "metal_form",
    "strength",
    "x-men"
  ],
  "CROSSBONES-033": [
    "brute_force",
    "combat",
    "crossbones",
    "hydra",
    "mercenary",
    "villain"
  ],
  "CYCLOPS-034": [
    "cyclops",
    "leader",
    "optic_blast",
    "strategist",
    "x-men"
  ],
  "CYPHER-035": [
    "communication",
    "cypher",
    "digital_mimic",
    "linguist",
    "x-men"
  ],
  "DAGGER-036": [
    "cloak_and_dagger",
    "dagger",
    "healing",
    "light_projection",
    "support"
  ],
  "DAKEN-037": [
    "claws",
    "daken",
    "dark_mutant",
    "regen",
    "stealth",
    "wolverine_family"
  ],
  "DANGER-038": [
    "ai",
    "danger",
    "danger_room",
    "digital_mimic",
    "x-men_affiliated"
  ],
  "DAREDEVIL-039": [
    "acrobat",
    "blind_sense",
    "daredevil",
    "defender",
    "hells_kitchen",
    "martial_artist"
  ],
  "DARWIN-040": [
    "adaptation",
    "darwin",
    "mutant",
    "survivor",
    "x-men_affiliated"
  ],
  "DAZZLER-041": [
    "dazzler",
    "light_conversion",
    "performer",
    "sound_energy",
    "x-men"
  ],
  "DEADPOOL-042": [
    "chaos",
    "deadpool",
    "fourth_wall",
    "mercenary",
    "regen",
    "x-force"
  ],
  "DEATHLOK-043": [
    "ai_affinity",
    "cyborg",
    "deathlok",
    "military",
    "time_displaced"
  ],
  "DOCTOR-DOOM-044": [
    "doctor doom",
    "latveria",
    "magic",
    "sovereign",
    "tech",
    "villain"
  ],
  "DOCTOR-OCTOPUS-045": [
    "doctor octopus",
    "scientist",
    "spider_enemy",
    "tech",
    "tentacles",
    "villain"
  ],
  "DOCTOR-STRANGE-046": [
    "dimensional",
    "doctor strange",
    "magic",
    "mystic_arts",
    "sorcerer_supreme"
  ],
  "DOMINO-047": [
    "domino",
    "luck",
    "marksman",
    "stealth",
    "tactical",
    "x-force"
  ],
  "DRAX-THE-DESTROYER-048": [
    "brute",
    "cosmic",
    "destroyer",
    "drax the destroyer",
    "guardian",
    "vengeance"
  ],
  "ECHO-049": [
    "avengers_affiliated",
    "combat",
    "deaf",
    "echo",
    "mimicry",
    "ronin"
  ],
  "ELEKTRA-050": [
    "assassin",
    "defender",
    "elektra",
    "hand",
    "martial_artist",
    "stealth"
  ],
  "ELIXIR-051": [
    "elixir",
    "healer",
    "mutant",
    "omega_level",
    "resurrection",
    "x-men"
  ],
  "EMMA-FROST-052": [
    "diamond_form",
    "dual_identity",
    "emma frost",
    "hellfire",
    "telepathy",
    "x-men"
  ],
  "EXODUS-053": [
    "brotherhood",
    "exodus",
    "mutant_supremacy",
    "religious_fanatic",
    "telekinesis",
    "telepathy"
  ],
  "FANTOMEX-054": [
    "fantomex",
    "illusionist",
    "marksman",
    "stealth",
    "trickster",
    "weapon_x"
  ],
  "FIRESTAR-055": [
    "firestar",
    "flight",
    "microwave_energy",
    "new_warriors",
    "x-men_affiliated"
  ],
  "FORGE-056": [
    "enhancer",
    "forge",
    "inventor",
    "tactician",
    "tech",
    "x-men"
  ],
  "GAMBIT-057": [
    "cards",
    "charming",
    "gambit",
    "kinetic_charge",
    "thief",
    "x-men"
  ],
  "GAMORA-058": [
    "assassin",
    "cosmic",
    "gamora",
    "guardian",
    "melee",
    "stealth"
  ],
  "GHOST-RIDER-059": [
    "chain",
    "ghost rider",
    "hellfire",
    "motorcycle",
    "supernatural",
    "vengeance"
  ],
  "GHOST-SPIDER-(SPIDER-GWEN)-060": [
    "agility",
    "ghost spider (spider-gwen)",
    "multiverse",
    "musician",
    "spider_powered",
    "young_hero"
  ],
  "GLADIATOR-061": [
    "alien",
    "confidence_powered",
    "flight",
    "gladiator",
    "imperial_guard",
    "strength"
  ],
  "GOLDBALLS-062": [
    "egg_generation",
    "goldballs",
    "krakoa",
    "resurrection_team",
    "unconventional",
    "x-men"
  ],
  "GREEN-GOBLIN-063": [
    "glider",
    "goblin_tech",
    "green goblin",
    "insanity",
    "spider_enemy",
    "villain"
  ],
  "GROOT-064": [
    "cosmic",
    "groot",
    "guardian",
    "limited_speech",
    "regeneration",
    "treeform"
  ],
  "GUARDIAN-065": [
    "alpha_flight",
    "canadian_hero",
    "energy_shield",
    "flight",
    "guardian",
    "tech_suit"
  ],
  "HAVOK-066": [
    "brother_of_cyclops",
    "energy_blasts",
    "havok",
    "unstable_power",
    "x-men"
  ],
  "HAWKEYE-(KATE-BISHOP)-068": [
    "agility",
    "archer",
    "hawkeye (kate bishop)",
    "heroic_legacy",
    "tactician",
    "young_avenger"
  ],
  "HAWKEYE-067": [
    "archer",
    "avengers",
    "hawkeye",
    "marksman",
    "nonpowered",
    "tactician"
  ],
  "HULK-069": [
    "avengers",
    "brute",
    "gamma",
    "hulk",
    "rage",
    "uncontrollable"
  ],
  "HULKLING-(TEDDY-ALTMAN)-070": [
    "flight",
    "hulkling (teddy altman)",
    "kree_skrull",
    "shapeshifter",
    "strength",
    "young_avenger"
  ],
  "HUSK-071": [
    "form_shift",
    "husk",
    "physical_adapt",
    "skin_shedding",
    "x-men"
  ],
  "HYPERION-072": [
    "avengers",
    "flight",
    "hyperion",
    "solar_powered",
    "strength",
    "superman_archetype"
  ],
  "ICEMAN-073": [
    "freeze",
    "ice_generation",
    "iceman",
    "omega_level",
    "resilience",
    "x-men"
  ],
  "INVISIBLE-WOMAN-074": [
    "fantastic_four",
    "force_fields",
    "invisibility",
    "invisible woman",
    "leader",
    "stealth"
  ],
  "IRON-FIST-075": [
    "chi_power",
    "defender",
    "immortal_weapon",
    "iron fist",
    "martial_artist",
    "mystic"
  ],
  "IRON-MAN-076": [
    "avengers",
    "genius",
    "iron man",
    "leader",
    "tech_suit",
    "wealth"
  ],
  "IRONHEART-077": [
    "avengers_affiliated",
    "genius",
    "ironheart",
    "legacy_hero",
    "tech_suit",
    "young_hero"
  ],
  "JEAN-GREY-(PHOENIX)-078": [
    "dual_identity",
    "jean grey (phoenix)",
    "omega_level",
    "phoenix_force",
    "telekinesis",
    "telepathy",
    "x-men"
  ],
  "JESSICA-JONES-079": [
    "defender",
    "detective",
    "gritty",
    "jessica jones",
    "street_level",
    "strength"
  ],
  "JOCASTA-080": [
    "ai",
    "avengers",
    "consciousness",
    "jocasta",
    "synthoid",
    "ultron_created"
  ],
  "JUBILEE-081": [
    "fireworks",
    "jubilee",
    "mall_rat",
    "plasma_bursts",
    "x-men",
    "youth"
  ],
  "JUGGERNAUT-082": [
    "brute",
    "juggernaut",
    "magic_armor",
    "strength",
    "unstoppable",
    "x-men_enemy"
  ],
  "KANG-THE-CONQUEROR-083": [
    "kang the conqueror",
    "multiversal",
    "strategist",
    "tech",
    "time_travel",
    "villain"
  ],
  "KATE-PRYDE-(SHADOWCAT)-084": [
    "intangible",
    "kate pryde (shadowcat)",
    "leadership",
    "phasing",
    "sword",
    "x-men"
  ],
  "KID-OMEGA-085": [
    "kid omega",
    "omega_level",
    "pink_psionics",
    "rebel",
    "telepathy",
    "x-men"
  ],
  "KINGPIN-086": [
    "crime_lord",
    "kingpin",
    "street_level",
    "strength",
    "tactician",
    "villain"
  ],
  "LOKI-087": [
    "asgardian",
    "illusion",
    "loki",
    "magic",
    "shapeshifter",
    "trickster"
  ],
  "LUKE-CAGE-088": [
    "defender",
    "hero_for_hire",
    "invulnerability",
    "luke cage",
    "street_level",
    "strength"
  ],
  "M-089": [
    "flight",
    "generation_x",
    "m",
    "perfection",
    "strength",
    "telepathy"
  ],
  "MAGIK-090": [
    "limbo",
    "magic",
    "magik",
    "soul_sword",
    "teleportation",
    "x-men"
  ],
  "MAGNETO-091": [
    "magnetism",
    "magneto",
    "mutant_supremacy",
    "omega_level",
    "villain",
    "x-men"
  ],
  "MARVEL-GIRL-092": [
    "marvel girl",
    "precursor",
    "psychic",
    "telekinesis",
    "x-men",
    "young_jean"
  ],
  "MEDUSA-093": [
    "attacker",
    "inhuman",
    "medusa",
    "prehensile_hair",
    "royalty",
    "strength"
  ],
  "MISTY-KNIGHT-094": [
    "bionic_arm",
    "detective",
    "hero_for_hire",
    "martial_artist",
    "misty knight",
    "street_level"
  ],
  "MOCKINGBIRD-095": [
    "avengers",
    "combat",
    "espionage",
    "mockingbird",
    "scientist",
    "sword"
  ],
  "MOON-KNIGHT-096": [
    "avengers_affiliated",
    "moon knight",
    "moon_powered",
    "multiple_personalities",
    "stealth",
    "vigilante"
  ],
  "MOONSTAR-097": [
    "archer",
    "illusion",
    "moonstar",
    "new_mutants",
    "telepathy",
    "x-men_affiliated"
  ],
  "MORPH-098": [
    "adaptive",
    "comic_relief",
    "emotive",
    "morph",
    "shapeshifter",
    "x-men"
  ],
  "MR.-FANTASTIC-099": [
    "elasticity",
    "fantastic_four",
    "genius",
    "inventor",
    "leader",
    "mr. fantastic"
  ],
  "MS.-MARVEL-(KAMALA-KHAN)-100": [
    "fangirl",
    "ms. marvel (kamala khan)",
    "polymorph",
    "street_level",
    "stretching",
    "young_avenger"
  ],
  "MULTIPLE-MAN-101": [
    "detective",
    "duplication",
    "multiple man",
    "self_conflict",
    "tactical",
    "x-factor"
  ],
  "MYSTERIO-102": [
    "fear",
    "illusionist",
    "mysterio",
    "spider_enemy",
    "tech",
    "villain"
  ],
  "MYSTIQUE-103": [
    "espionage",
    "manipulator",
    "mystique",
    "shapeshifter",
    "stealth",
    "x-men_enemy"
  ],
  "NAMOR-(THE-SUB-MARINER)-104": [
    "antihero",
    "aquatic",
    "flight",
    "mutant",
    "namor (the sub-mariner)",
    "strength"
  ],
  "NEBULA-105": [
    "assassin",
    "cybernetic",
    "guardian",
    "nebula",
    "sibling_rivalry",
    "space_pirate"
  ],
  "NICK-FURY-106": [
    "commander",
    "espionage",
    "nick fury",
    "shield",
    "tactician",
    "veteran"
  ],
  "NICO-MINORU-107": [
    "chaos_magic",
    "magic",
    "nico minoru",
    "runaways",
    "staff_of_one",
    "young_hero"
  ],
  "NIGHTCRAWLER-108": [
    "acrobat",
    "faith",
    "nightcrawler",
    "stealth",
    "teleportation",
    "x-men"
  ],
  "NIMROD-109": [
    "future",
    "hunter",
    "mutant_hunter",
    "nimrod",
    "sentinel",
    "tech"
  ],
  "NOVA-110": [
    "cosmic",
    "energy_blasts",
    "flight",
    "nova",
    "nova_force",
    "young_hero"
  ],
  "OMEGA-RED-111": [
    "brute",
    "death_spores",
    "omega red",
    "russian",
    "tentacles",
    "x-men_enemy"
  ],
  "PATRIOT-(ELI-BRADLEY)-112": [
    "leadership",
    "legacy_hero",
    "patriot (eli bradley)",
    "shield",
    "tactician",
    "young_avenger"
  ],
  "POLARIS-113": [
    "daughter_of_magneto",
    "green_hair",
    "magnetism",
    "mental_instability",
    "polaris",
    "x-men"
  ],
  "PROFESSOR-X-114": [
    "leader",
    "mentor",
    "professor x",
    "telepathy",
    "wheelchair",
    "x-men"
  ],
  "PROTEUS-115": [
    "omega_level",
    "possession",
    "proteus",
    "reality_warping",
    "unstable",
    "x-men_enemy"
  ],
  "PSYLOCKE-116": [
    "martial_artist",
    "ninja",
    "psychic_blade",
    "psylocke",
    "telepathy",
    "x-men"
  ],
  "PUNISHER-149": [
    "antihero",
    "guns",
    "military",
    "nonpowered",
    "punisher",
    "vigilante"
  ],
  "QUAKE-117": [
    "avengers_affiliated",
    "quake",
    "seismic",
    "shield",
    "vibrations",
    "young_agent"
  ],
  "QUICKSILVER-118": [
    "avengers",
    "mercurial",
    "mutant",
    "quicksilver",
    "speed",
    "x-men"
  ],
  "RED-SKULL-119": [
    "captain_america_enemy",
    "hydra",
    "nazi",
    "red skull",
    "tactician",
    "villain"
  ],
  "ROCKET-RACOON-120": [
    "guardian",
    "marksman",
    "pilot",
    "rocket racoon",
    "tech",
    "trash_talk"
  ],
  "ROGUE-121": [
    "flight",
    "power_absorption",
    "rogue",
    "strength",
    "touch_sensitive",
    "x-men"
  ],
  "SABRETOOTH-122": [
    "brute",
    "regeneration",
    "sabretooth",
    "savage",
    "villain",
    "wolverine_enemy"
  ],
  "SAGE-123": [
    "cyberpath",
    "data_analysis",
    "espionage",
    "intellect",
    "sage",
    "x-men"
  ],
  "SCARLET-WITCH-124": [
    "avengers",
    "chaos_magic",
    "mutant",
    "reality_warping",
    "scarlet witch",
    "unpredictable"
  ],
  "SENTRY-125": [
    "avengers",
    "flight",
    "power_unstable",
    "sentry",
    "superman_archetype",
    "void"
  ],
  "SHANG-CHI-126": [
    "avengers_affiliated",
    "chi_focus",
    "martial_artist",
    "master_of_kung_fu",
    "shang-chi",
    "street_level"
  ],
  "SHE-HULK-127": [
    "avengers",
    "gamma",
    "lawyer",
    "she-hulk",
    "strength",
    "witty"
  ],
  "SILVER-SABLE-128": [
    "combat",
    "espionage",
    "leader",
    "mercenary",
    "silver sable",
    "symkaria"
  ],
  "SILVER-SURFER-129": [
    "cosmic",
    "galactus",
    "herald",
    "noble",
    "silver surfer",
    "space_travel"
  ],
  "SMASHER-130": [
    "cosmic",
    "flight",
    "imperial_guard",
    "shiar",
    "smasher",
    "strength"
  ],
  "SPECTRUM-131": [
    "avengers",
    "cosmic_energy",
    "light_form",
    "phasing",
    "pilot",
    "spectrum"
  ],
  "SPIDER-MAN-(MORALES)-132": [
    "bioelectricity",
    "camouflage",
    "multiverse",
    "spider-man (morales)",
    "spider_powered",
    "young_hero"
  ],
  "SPIDER-MAN-(PARKER)-133": [
    "avengers",
    "intellect",
    "responsibility",
    "spider-man (parker)",
    "spider_powered",
    "webslinger"
  ],
  "SPIDER-WOMAN-134": [
    "agility",
    "avengers",
    "espionage",
    "nan",
    "street_level",
    "venom_blast"
  ],
  "SQUIRREL-GIRL-135": [
    "agility",
    "humor",
    "nan",
    "new_avengers",
    "street_level",
    "unbeatable",
    "unpredictability"
  ],
  "STAR-BRAND-136": [
    "annihilation",
    "chosen_one",
    "cosmic",
    "nan",
    "reality_manipulation",
    "unstable_power"
  ],
  "STAR-LORD-137": [
    "blasters",
    "guardians_of_the_galaxy",
    "leadership",
    "nan",
    "space_travel",
    "tech"
  ],
  "STORM-138": [
    "leadership",
    "mutant_rights",
    "nan",
    "omega_level",
    "weather_control",
    "x-men"
  ],
  "SUNFIRE-139": [
    "fiery_temper",
    "nan",
    "nationalism",
    "plasma",
    "radiation",
    "x-men"
  ],
  "SUNSPOT-140": [
    "billionaire",
    "mutant",
    "nan",
    "new_mutants",
    "solar_power",
    "x-men"
  ],
  "SUPER-SKRULL-141": [
    "cosmic",
    "fantastic_four_enemy",
    "nan",
    "power_mimic",
    "shapeshifter",
    "skrull_empire"
  ],
  "SYNCH-142": [
    "adaptive",
    "nan",
    "new_generation",
    "power_copy",
    "support",
    "x-men"
  ],
  "SYRIN-143": [
    "irish",
    "legacy_character",
    "nan",
    "sonic_voice",
    "x-factor"
  ],
  "TASKMASTER-144": [
    "mercenary",
    "mimicry",
    "nan",
    "photographic_reflexes",
    "tactician",
    "villain"
  ],
  "TEMPER-145": [
    "fire_control",
    "mutant",
    "nan",
    "rage",
    "rookie",
    "volatile"
  ],
  "TEMPUS-146": [
    "future_shock",
    "mutant",
    "nan",
    "time_manipulation",
    "x-men"
  ],
  "THE-HUMAN-TORCH-147": [
    "fantastic_four",
    "fire_control",
    "flight",
    "hotheaded",
    "nan"
  ],
  "THE-LIZARD-148": [
    "nan",
    "regeneration",
    "scientist",
    "spiderman_enemy",
    "transformation"
  ],
  "THE-THING-150": [
    "durability",
    "family_bond",
    "fantastic_four",
    "nan",
    "strength"
  ],
  "THE-WASP-151": [
    "avengers",
    "flight",
    "founding_member",
    "nan",
    "size_change"
  ],
  "THOR-(JANE-FOSTER)-153": [
    "avengers",
    "cancer_arc",
    "god_power",
    "hammer_wielder",
    "nan",
    "worthy"
  ],
  "THOR-152": [
    "asgard",
    "avengers",
    "god_power",
    "hammer_wielder",
    "lightning",
    "nan"
  ],
  "U.S.-AGENT-154": [
    "antihero",
    "nan",
    "patriotism",
    "super_soldier",
    "west_coast_avengers"
  ],
  "ULTRON-155": [
    "ai",
    "avengers_enemy",
    "evolution",
    "extinction_protocol",
    "nan",
    "villain"
  ],
  "VALKYRIE-156": [
    "asgardian",
    "mystic_weapon",
    "nan",
    "valhalla_guardian",
    "warrior_spirit"
  ],
  "VENOM-157": [
    "antihero",
    "chaos",
    "nan",
    "spiderman_enemy",
    "strength",
    "symbiote"
  ],
  "VISION-158": [
    "ai",
    "avengers",
    "intangibility",
    "nan",
    "solar_beam",
    "synthetic"
  ],
  "WAR-MACHINE-159": [
    "armor",
    "avengers",
    "explosive_expert",
    "military",
    "nan",
    "tech"
  ],
  "WARLOCK-160": [
    "alien",
    "nan",
    "new_mutants",
    "shapeshifter",
    "techno-organic"
  ],
  "WICCAN-161": [
    "chaos_energy",
    "lgbtq+",
    "magic",
    "nan",
    "scarlet_witch_son",
    "young_avengers"
  ],
  "WINTER-SOLDIER-162": [
    "assassin",
    "bionic_arm",
    "nan",
    "redemption_arc",
    "shield_agent"
  ],
  "WOLFSBANE-163": [
    "lycanthropy",
    "nan",
    "new_mutants",
    "scottish",
    "shapeshifter"
  ],
  "WOLVERINE--X-23-165": [
    "claws",
    "clone",
    "healing_factor",
    "nan",
    "trauma_resilience",
    "x-men"
  ],
  "WOLVERINE-164": [
    "berserker",
    "claws",
    "healing_factor",
    "loner",
    "nan",
    "x-men"
  ],
  "WONDER-MAN-166": [
    "avengers",
    "hollywood",
    "ionic_energy",
    "nan",
    "strength",
    "stuntman"
  ],
  "XORN-167": [
    "gravity_control",
    "mask",
    "mystery_identity",
    "nan",
    "philosophical",
    "x-men"
  ],
  "YONDU-168": [
    "guardians_of_the_galaxy",
    "nan",
    "ravagers",
    "space_travel",
    "survivor",
    "whistle_arrow"
  ]
}