{
  "Rogue": {
    "aINT": 7,
    "aEND": 8,
    "aSTR": 9,
    "aSTA": 7,
    "aEP": 6,
    "aSPD": 6,
    "aFS": 8,
    "aWIL": 8,
    "aRES": 6,
    "aLDR": 5,
    "aESP": 4,
    "aOP": 9,
    "aAM": 3,
    "aSTB": 7,
    "aLCK": 5
  },
  "Spider-Man (Parker)": {
    "aINT": 9,
    "aEND": 7,
    "aSTR": 8,
    "aSTA": 8,
    "aEP": 4,
    "aSPD": 9,
    "aFS": 7,
    "aWIL": 6,
    "aRES": 6,
    "aLDR": 5,
    "aESP": 3,
    "aOP": 7,
    "aAM": 2,
    "aSTB": 8,
    "aLCK": 7
  },
  "Magik": {
    "aINT": 8,
    "aEND": 6,
    "aSTR": 7,
    "aSTA": 6,
    "aEP": 9,
    "aSPD": 6,
    "aFS": 8,
    "aWIL": 9,
    "aRES": 7,
    "aLDR": 5,
    "aESP": 6,
    "aOP": 10,
    "aAM": 3,
    "aSTB": 6,
    "aLCK": 4
  }
}